id,date,start_time,timezone,title,neighborhood,status_as_listed,source_url,checked_at
dfc52c14-600b-465e-a4d1-f2d2f43979fe,2026-10-05,00:00,America/Los_Angeles,[Demoscene],SOMA,Unspecified,https://www.tech-week.com/calendar/sf/events/demoscene-dfc52c14-600b-465e-a4d1-f2d2f43979fe,2026-09-24T03:24:10.256338Z
79a58346-8a61-45f8-84ce-cb86b877a7eb,2026-10-05,00:00,America/Los_Angeles,ur +1 is a stranger,Virtual,Unspecified,https://www.tech-week.com/calendar/sf/events/ur-1-is-a-stranger-79a58346-8a61-45f8-84ce-cb86b877a7eb,2026-09-24T03:24:10.256338Z
9eda9470-1423-4c89-ac58-ccfe903cfff4,2026-10-05,06:00,America/Los_Angeles,"Niural AI's Quiet Room: Free coffee, wifi, zero networking.",FiDi,Unspecified,https://www.tech-week.com/calendar/sf/events/niural-ai-s-quiet-room-free-coffee-wifi-zero-networking-9eda9470-1423-4c89-ac58-ccfe903cfff4,2026-09-24T03:24:10.256338Z
982a042a-3796-45b9-b007-9c98fdc28fb1,2026-10-05,06:15,America/Los_Angeles,Science x AI Breakfast,Marina,Unspecified,https://www.tech-week.com/calendar/sf/events/science-x-ai-breakfast-982a042a-3796-45b9-b007-9c98fdc28fb1,2026-09-24T03:24:10.256338Z
286755cd-268c-4bbb-8531-c04b8515486e,2026-10-05,06:30,America/Los_Angeles,Sunrise Storytelling 🎬,Mission Bay,Unspecified,https://www.tech-week.com/calendar/sf/events/sunrise-storytelling-286755cd-268c-4bbb-8531-c04b8515486e,2026-09-24T03:24:10.256338Z
3d96ea7c-2ef8-4d41-a266-8090bbe7e1c1,2026-10-05,07:00,America/Los_Angeles,Brain Gains Leaderboard,Other,Unspecified,https://www.tech-week.com/calendar/sf/events/brain-gains-leaderboard-3d96ea7c-2ef8-4d41-a266-8090bbe7e1c1,2026-09-24T03:24:10.256338Z
2048f56f-e51e-4053-8e73-ee32faca40da,2026-10-05,07:00,America/Los_Angeles,Clementino Classic,Marina,Unspecified,https://www.tech-week.com/calendar/sf/events/clementino-classic-2048f56f-e51e-4053-8e73-ee32faca40da,2026-09-24T03:24:10.256338Z
5b3949a6-931e-4650-86e7-3a00bd33c7ca,2026-10-05,07:00,America/Los_Angeles,Sunrise Cold Plunge with Soma,Marina,Unspecified,https://www.tech-week.com/calendar/sf/events/sunrise-cold-plunge-with-soma-5b3949a6-931e-4650-86e7-3a00bd33c7ca,2026-09-24T03:24:10.256338Z
f5ec4ad8-157e-476b-966c-a964f778200c,2026-10-05,07:30,America/Los_Angeles,Coffee Rave,SOMA,Unspecified,https://www.tech-week.com/calendar/sf/events/coffee-rave-f5ec4ad8-157e-476b-966c-a964f778200c,2026-09-24T03:24:10.256338Z
58f9fbb5-b83c-4ec9-9b1c-db41d83e7bf8,2026-10-05,07:30,America/Los_Angeles,Run Tech Club | Signal Run,Embarcadero,Unspecified,https://www.tech-week.com/calendar/sf/events/run-tech-club-signal-run-58f9fbb5-b83c-4ec9-9b1c-db41d83e7bf8,2026-09-24T03:24:10.256338Z
d0c54b5a-d645-431b-b905-4586bdbc030a,2026-10-05,08:00,America/Los_Angeles,"1,200 Free Coffees | Brewbird x Flex",Downtown,Unspecified,https://www.tech-week.com/calendar/sf/events/1-200-free-coffees-brewbird-x-flex-d0c54b5a-d645-431b-b905-4586bdbc030a,2026-09-24T03:24:10.256338Z
21de4a77-11cc-433a-a888-a134e38bce34,2026-10-05,08:00,America/Los_Angeles,"Bots, Bagels & Brews",SOMA,Unspecified,https://www.tech-week.com/calendar/sf/events/bots-bagels-and-brews-21de4a77-11cc-433a-a888-a134e38bce34,2026-09-24T03:24:10.256338Z
e57ea098-cba3-4d70-b01c-086934d48951,2026-10-05,08:00,America/Los_Angeles,BrewBird’s Coffee Before the Chaos,Jackson Square,Unspecified,https://www.tech-week.com/calendar/sf/events/brewbird-s-coffee-before-the-chaos-e57ea098-cba3-4d70-b01c-086934d48951,2026-09-24T03:24:10.256338Z
22eb5208-ca3b-4daf-93e1-65b4689f038b,2026-10-05,08:00,America/Los_Angeles,Rabbits on the Run,Embarcadero,Unspecified,https://www.tech-week.com/calendar/sf/events/rabbits-on-the-run-22eb5208-ca3b-4daf-93e1-65b4689f038b,2026-09-24T03:24:10.256338Z
f984a7da-e956-44b6-9052-9fdf767cb1d6,2026-10-05,08:00,America/Los_Angeles,"Slow Run, Fast Talk",Rincon Hill,Unspecified,https://www.tech-week.com/calendar/sf/events/slow-run-fast-talk-f984a7da-e956-44b6-9052-9fdf767cb1d6,2026-09-24T03:24:10.256338Z
bc1c27cf-1505-4bf5-b585-f8a25c0c94a2,2026-10-05,08:00,America/Los_Angeles,"Women Founders, Funders, & Operators: First-Timers Walk",Salesforce Park,Unspecified,https://www.tech-week.com/calendar/sf/events/women-founders-funders-and-operators-first-timers-walk-bc1c27cf-1505-4bf5-b585-f8a25c0c94a2,2026-09-24T03:24:10.256338Z
ae7919f8-941c-47aa-a4db-cb3e4cd03c19,2026-10-05,08:30,America/Los_Angeles,Bria × fal × LTX: What's New in Open-Weights Pipelines,SOMA,Unspecified,https://www.tech-week.com/calendar/sf/events/bria-fal-ltx-what-s-new-in-open-weights-pipelines-ae7919f8-941c-47aa-a4db-cb3e4cd03c19,2026-09-24T03:24:10.256338Z
c35ba450-2620-4504-a8d2-4ef49a567e54,2026-10-05,08:30,America/Los_Angeles,Density,Dogpatch,Unspecified,https://www.tech-week.com/calendar/sf/events/density-c35ba450-2620-4504-a8d2-4ef49a567e54,2026-09-24T03:24:10.256338Z
f0c41431-6dad-476e-8d8b-dc70e9977579,2026-10-05,08:30,America/Los_Angeles,Physical AI Series A founders & CVCs Breakfast,Downtown,Unspecified,https://www.tech-week.com/calendar/sf/events/physical-ai-series-a-founders-and-cvcs-breakfast-f0c41431-6dad-476e-8d8b-dc70e9977579,2026-09-24T03:24:10.256338Z
a2f105ac-702f-4835-92b2-66134e15ffe6,2026-10-05,08:30,America/Los_Angeles,Robots & Hardware Coffee @Tesla Showroom,Civic Center,Unspecified,https://www.tech-week.com/calendar/sf/events/robots-and-hardware-coffee-tesla-showroom-a2f105ac-702f-4835-92b2-66134e15ffe6,2026-09-24T03:24:10.256338Z
8e3cfbdb-0db3-480b-bcdc-145f6af289bf,2026-10-05,08:30,America/Los_Angeles,The (We)ekly Reset,SOMA,Unspecified,https://www.tech-week.com/calendar/sf/events/the-we-ekly-reset-8e3cfbdb-0db3-480b-bcdc-145f6af289bf,2026-09-24T03:24:10.256338Z
620fc85a-6db8-4654-90f6-c0cd958bc033,2026-10-05,08:30,America/Los_Angeles,TokenTechWalk w/ Vonage,Golden Gate Park,Unspecified,https://www.tech-week.com/calendar/sf/events/tokentechwalk-w-vonage-620fc85a-6db8-4654-90f6-c0cd958bc033,2026-09-24T03:24:10.256338Z
5ca73c40-439b-40a3-8ad0-9d69cbcb9747,2026-10-05,09:00,America/Los_Angeles,"AGI, Inc. Store - Wearables Pop-up",Mission,Unspecified,https://www.tech-week.com/calendar/sf/events/agi-inc-store-wearables-pop-up-5ca73c40-439b-40a3-8ad0-9d69cbcb9747,2026-09-24T03:24:10.256338Z
353846ba-0892-419d-96fe-757cfd42300f,2026-10-05,09:00,America/Los_Angeles,Coffee Chat Silicon Valley: Faith In Business,Downtown,Unspecified,https://www.tech-week.com/calendar/sf/events/coffee-chat-silicon-valley-faith-in-business-353846ba-0892-419d-96fe-757cfd42300f,2026-09-24T03:24:10.256338Z
729327e7-adb9-47b8-b22d-92750c1ea95f,2026-10-05,09:00,America/Los_Angeles,Coffee Rave for AI Builders,FiDi,Unspecified,https://www.tech-week.com/calendar/sf/events/coffee-rave-for-ai-builders-729327e7-adb9-47b8-b22d-92750c1ea95f,2026-09-24T03:24:10.256338Z
4621c5ca-2c22-4cc4-953e-d929433f5dfa,2026-10-05,09:00,America/Los_Angeles,Faith at Work: Kickoff,FiDi,Unspecified,https://www.tech-week.com/calendar/sf/events/faith-at-work-kickoff-4621c5ca-2c22-4cc4-953e-d929433f5dfa,2026-09-24T03:24:10.256338Z
7b368001-8c62-4833-9d66-27032914a50b,2026-10-05,09:00,America/Los_Angeles,Founders' Coffee,Dogpatch,Unspecified,https://www.tech-week.com/calendar/sf/events/founders-coffee-7b368001-8c62-4833-9d66-27032914a50b,2026-09-24T03:24:10.256338Z
d198db1b-cb33-4002-851a-f16bc5067428,2026-10-05,09:00,America/Los_Angeles,Hardware Founders and Builders Breakfast,SOMA,Unspecified,https://www.tech-week.com/calendar/sf/events/hardware-founders-and-builders-breakfast-d198db1b-cb33-4002-851a-f16bc5067428,2026-09-24T03:24:10.256338Z
e288ceff-64e9-4a25-8b1f-26effa47024f,2026-10-05,09:00,America/Los_Angeles,How Much Should AI Know About You?,Other,Unspecified,https://www.tech-week.com/calendar/sf/events/how-much-should-ai-know-about-you-e288ceff-64e9-4a25-8b1f-26effa47024f,2026-09-24T03:24:10.256338Z
5038b325-a2f0-450b-82b5-ff33238e3a4e,2026-10-05,09:00,America/Los_Angeles,Inception Co-Founder Matching Day,SOMA,Unspecified,https://www.tech-week.com/calendar/sf/events/inception-co-founder-matching-day-5038b325-a2f0-450b-82b5-ff33238e3a4e,2026-09-24T03:24:10.256338Z
b7654076-9f73-41c2-b972-dfd0833ecf86,2026-10-05,09:00,America/Los_Angeles,Latino Tech Week Coffee Mixer,SOMA,Unspecified,https://www.tech-week.com/calendar/sf/events/latino-tech-week-coffee-mixer-b7654076-9f73-41c2-b972-dfd0833ecf86,2026-09-24T03:24:10.256338Z
7bce0d2c-2422-48a7-9557-c45f3878e5db,2026-10-05,09:00,America/Los_Angeles,Law in the Age of AI,FiDi,Unspecified,https://www.tech-week.com/calendar/sf/events/law-in-the-age-of-ai-7bce0d2c-2422-48a7-9557-c45f3878e5db,2026-09-24T03:24:10.256338Z
dd5814ad-90dc-42b5-b079-30711dab513d,2026-10-05,09:00,America/Los_Angeles,Matcha Morning,Downtown,Unspecified,https://www.tech-week.com/calendar/sf/events/matcha-morning-dd5814ad-90dc-42b5-b079-30711dab513d,2026-09-24T03:24:10.256338Z
454d0a7c-cf8e-49bd-babc-e64d6abb7183,2026-10-05,09:00,America/Los_Angeles,Matched by Verci,Other,Unspecified,https://www.tech-week.com/calendar/sf/events/matched-by-verci-454d0a7c-cf8e-49bd-babc-e64d6abb7183,2026-09-24T03:24:10.256338Z
d8b5f207-3093-4229-bf55-d6ccf8c979a1,2026-10-05,09:00,America/Los_Angeles,Supporting Tech Teams Through Rapid Growth,Virtual,Unspecified,https://www.tech-week.com/calendar/sf/events/supporting-tech-teams-through-rapid-growth-d8b5f207-3093-4229-bf55-d6ccf8c979a1,2026-09-24T03:24:10.256338Z
6b32a1b3-ab04-44a7-9f8f-65da6f62a3b7,2026-10-05,09:00,America/Los_Angeles,Swedish House,FiDi,Unspecified,https://www.tech-week.com/calendar/sf/events/swedish-house-6b32a1b3-ab04-44a7-9f8f-65da6f62a3b7,2026-09-24T03:24:10.256338Z
d281fd99-64e7-4b2d-b2e0-506af17a1e3c,2026-10-05,09:00,America/Los_Angeles,"Welcome Breakfast w/ Deel, Ramp, AWS & SOMA Capital",SOMA,Unspecified,https://www.tech-week.com/calendar/sf/events/welcome-breakfast-w-deel-ramp-aws-and-soma-capital-d281fd99-64e7-4b2d-b2e0-506af17a1e3c,2026-09-24T03:24:10.256338Z
4982a276-5f6c-4662-8eac-04de3ab0a759,2026-10-05,09:30,America/Los_Angeles,The Human Edge: Tech & Human Flourishing,Golden Gate Park,Unspecified,https://www.tech-week.com/calendar/sf/events/the-human-edge-tech-and-human-flourishing-4982a276-5f6c-4662-8eac-04de3ab0a759,2026-09-24T03:24:10.256338Z
d7c57305-9d5b-45ba-a1ae-3b95354eaf66,2026-10-05,09:30,America/Los_Angeles,The MCP Gateway,FiDi,Unspecified,https://www.tech-week.com/calendar/sf/events/the-mcp-gateway-d7c57305-9d5b-45ba-a1ae-3b95354eaf66,2026-09-24T03:24:10.256338Z
d5075b70-f416-4d56-a57a-a993c8ebfa71,2026-10-05,10:00,America/Los_Angeles,AI Native in Half a Day,FiDi,Unspecified,https://www.tech-week.com/calendar/sf/events/ai-native-in-half-a-day-d5075b70-f416-4d56-a57a-a993c8ebfa71,2026-09-24T03:24:10.256338Z
a522bd03-75dc-4fae-adc8-3712ea5e92da,2026-10-05,10:00,America/Los_Angeles,Benefits & Backhands - Padel Tournament,Embarcadero,Unspecified,https://www.tech-week.com/calendar/sf/events/benefits-and-backhands-padel-tournament-a522bd03-75dc-4fae-adc8-3712ea5e92da,2026-09-24T03:24:10.256338Z
e64ff1fb-297b-4356-a10c-9358ec8602fd,2026-10-05,10:00,America/Los_Angeles,Cyberglam NFC Nail Party,Hayes Valley,Unspecified,https://www.tech-week.com/calendar/sf/events/cyberglam-nfc-nail-party-e64ff1fb-297b-4356-a10c-9358ec8602fd,2026-09-24T03:24:10.256338Z
c511b041-9751-4c5d-bd5a-fff26af48f56,2026-10-05,10:00,America/Los_Angeles,Free Lemonade!,Rincon Hill,Closed,https://www.tech-week.com/calendar/sf/events/free-lemonade-c511b041-9751-4c5d-bd5a-fff26af48f56,2026-09-24T03:24:10.256338Z
eb4f7aea-e110-4150-9dd3-018b96e4ee80,2026-10-05,10:00,America/Los_Angeles,From Term Sheet To Cap Table - Workshop for Early Stage Founders,Downtown,Unspecified,https://www.tech-week.com/calendar/sf/events/from-term-sheet-to-cap-table-workshop-for-early-stage-founders-eb4f7aea-e110-4150-9dd3-018b96e4ee80,2026-09-24T03:24:10.256338Z
da082d23-e876-453b-859a-5e855bf6205a,2026-10-05,10:00,America/Los_Angeles,Frontier Science AI Hackathon,Dogpatch,Unspecified,https://www.tech-week.com/calendar/sf/events/frontier-science-ai-hackathon-da082d23-e876-453b-859a-5e855bf6205a,2026-09-24T03:24:10.256338Z
70f099de-8067-4950-946f-b736e334d33b,2026-10-05,10:00,America/Los_Angeles,Growth Teardown: 5 Companies in 60 Minutes,Virtual,Unspecified,https://www.tech-week.com/calendar/sf/events/growth-teardown-5-companies-in-60-minutes-70f099de-8067-4950-946f-b736e334d33b,2026-09-24T03:24:10.256338Z
451288e5-c281-4864-9216-9a411f3548de,2026-10-05,10:00,America/Los_Angeles,"Shaping What’s Next with Techstars, Zendesk & DigitalOcean",SOMA,Unspecified,https://www.tech-week.com/calendar/sf/events/shaping-what-s-next-with-techstars-zendesk-and-digitalocean-451288e5-c281-4864-9216-9a411f3548de,2026-09-24T03:24:10.256338Z
15a5f70b-7d48-4891-b874-7aa2d170a9b4,2026-10-05,10:00,America/Los_Angeles,USER EXPERIENCE - new expressions in tech,Union Square,Unspecified,https://www.tech-week.com/calendar/sf/events/user-experience-new-expressions-in-tech-15a5f70b-7d48-4891-b874-7aa2d170a9b4,2026-09-24T03:24:10.256338Z
36ac0959-8dbb-48ab-a113-79964e070398,2026-10-05,11:00,America/Los_Angeles,Founder Social Club Pop Up Cafe,FiDi,Unspecified,https://www.tech-week.com/calendar/sf/events/founder-social-club-pop-up-cafe-36ac0959-8dbb-48ab-a113-79964e070398,2026-09-24T03:24:10.256338Z
e67d5e17-9c3a-456a-a9ee-339b0815e13c,2026-10-05,11:00,America/Los_Angeles,Wrapping up the Raise Luncheon - Deep Tech Investors & Closing Founders,Other,Unspecified,https://www.tech-week.com/calendar/sf/events/wrapping-up-the-raise-luncheon-deep-tech-investors-and-closing-founders-e67d5e17-9c3a-456a-a9ee-339b0815e13c,2026-09-24T03:24:10.256338Z
3a3d3c40-4ad1-4af9-84f9-2b8db3e04b03,2026-10-05,11:00,America/Los_Angeles,You Didn't Sign Up to Run Marketing: Why Growth-Stage GTM Stalls,Jackson Square,Unspecified,https://www.tech-week.com/calendar/sf/events/you-didn-t-sign-up-to-run-marketing-why-growth-stage-gtm-stalls-3a3d3c40-4ad1-4af9-84f9-2b8db3e04b03,2026-09-24T03:24:10.256338Z
e8a6ce99-f032-4ff9-af4c-0d0624e8f604,2026-10-05,11:30,America/Los_Angeles,From Series A to Scale: Scaling Without Losing Control,Downtown,Unspecified,https://www.tech-week.com/calendar/sf/events/from-series-a-to-scale-scaling-without-losing-control-e8a6ce99-f032-4ff9-af4c-0d0624e8f604,2026-09-24T03:24:10.256338Z
b97f2772-183b-4137-98aa-0319da03b95e,2026-10-05,12:00,America/Los_Angeles,AI Has Agents. What Should Human Agency Look Like at Work?,Virtual,Unspecified,https://www.tech-week.com/calendar/sf/events/ai-has-agents-what-should-human-agency-look-like-at-work-b97f2772-183b-4137-98aa-0319da03b95e,2026-09-24T03:24:10.256338Z
3e12c93d-58d4-49f0-9a3b-0bfbcf4d5c2c,2026-10-05,12:00,America/Los_Angeles,Building a Future in the U.S.: Career and Talent Strategies of International Professionals,FiDi,Unspecified,https://www.tech-week.com/calendar/sf/events/building-a-future-in-the-u-s-career-and-talent-strategies-of-international-profe-3e12c93d-58d4-49f0-9a3b-0bfbcf4d5c2c,2026-09-24T03:24:10.256338Z
eb80e25b-53e9-438e-a9fe-9dff1a4e5661,2026-10-05,12:00,America/Los_Angeles,FinTech Founders' Lunch,Mission,Unspecified,https://www.tech-week.com/calendar/sf/events/fintech-founders-lunch-eb80e25b-53e9-438e-a9fe-9dff1a4e5661,2026-09-24T03:24:10.256338Z
a1e99071-b414-4aeb-a103-219771c17676,2026-10-05,12:00,America/Los_Angeles,Networking for Introverts: SF TechWeek Kick-Off * Virtual *,Embarcadero,Unspecified,https://www.tech-week.com/calendar/sf/events/networking-for-introverts-sf-techweek-kick-off-virtual-a1e99071-b414-4aeb-a103-219771c17676,2026-09-24T03:24:10.256338Z
b4eb2660-763c-4e7c-bba9-f8ad12811ccb,2026-10-05,12:00,America/Los_Angeles,Pax Silica & the Technology Prosperity Deal - What does it means for Business Leaders,Nob Hill,Unspecified,https://www.tech-week.com/calendar/sf/events/pax-silica-and-the-technology-prosperity-deal-what-does-it-means-for-business-le-b4eb2660-763c-4e7c-bba9-f8ad12811ccb,2026-09-24T03:24:10.256338Z
4215fdab-7888-4aac-a08d-f3427e65ec4b,2026-10-05,12:00,America/Los_Angeles,Zero Day: Physical AI + Security — Seed Pitch & Live Demo,SOMA,Unspecified,https://www.tech-week.com/calendar/sf/events/zero-day-physical-ai-security-seed-pitch-and-live-demo-4215fdab-7888-4aac-a08d-f3427e65ec4b,2026-09-24T03:24:10.256338Z
1f86742f-713e-4c18-bac1-5ad51dc4aaff,2026-10-05,12:30,America/Los_Angeles,Investor Founder Mixer,Mission,Unspecified,https://www.tech-week.com/calendar/sf/events/investor-founder-mixer-1f86742f-713e-4c18-bac1-5ad51dc4aaff,2026-09-24T03:24:10.256338Z
e90b5156-2b4e-4c38-ac65-ffb91843f89f,2026-10-05,12:30,America/Los_Angeles,NEXA Café,FiDi,Unspecified,https://www.tech-week.com/calendar/sf/events/nexa-cafe-e90b5156-2b4e-4c38-ac65-ffb91843f89f,2026-09-24T03:24:10.256338Z
6f08bc04-c429-4415-9dd7-0479c3160aab,2026-10-05,13:00,America/Los_Angeles,"AI as Infrastructure: Building AI Agents Your CX Actually Want w/ Deel, Snowflake & Sunshine Lake",SOMA,Unspecified,https://www.tech-week.com/calendar/sf/events/ai-as-infrastructure-building-ai-agents-your-cx-actually-want-w-deel-snowflake-a-6f08bc04-c429-4415-9dd7-0479c3160aab,2026-09-24T03:24:10.256338Z
8c2925a4-fc7a-47b7-abf0-a65ad1cdcf2f,2026-10-05,13:00,America/Los_Angeles,Builders Beyond Barriers - Vibe Coding Showcase,Mission,Unspecified,https://www.tech-week.com/calendar/sf/events/builders-beyond-barriers-vibe-coding-showcase-8c2925a4-fc7a-47b7-abf0-a65ad1cdcf2f,2026-09-24T03:24:10.256338Z
5ccd23ec-afbe-4206-99a0-3208dd443476,2026-10-05,13:00,America/Los_Angeles,Causal AI for Drug Discovery: Learning from Patient Data - #SF TechWeek,Virtual,Unspecified,https://www.tech-week.com/calendar/sf/events/causal-ai-for-drug-discovery-learning-from-patient-data-sf-techweek-5ccd23ec-afbe-4206-99a0-3208dd443476,2026-09-24T03:24:10.256338Z
a80070a6-173e-4fe4-af0e-009b9d97f282,2026-10-05,13:00,America/Los_Angeles,Contextful AI Summit,Downtown,Unspecified,https://www.tech-week.com/calendar/sf/events/contextful-ai-summit-a80070a6-173e-4fe4-af0e-009b9d97f282,2026-09-24T03:24:10.256338Z
f2ce2f67-1555-4ebc-a2a8-f464348b3941,2026-10-05,13:00,America/Los_Angeles,GTM101: Influencer Hiring & Brand Partnerships,Virtual,Full,https://www.tech-week.com/calendar/sf/events/gtm101-influencer-hiring-and-brand-partnerships-f2ce2f67-1555-4ebc-a2a8-f464348b3941,2026-09-24T03:24:10.256338Z
11d8c75e-39aa-416a-91f4-0234c914849b,2026-10-05,13:00,America/Los_Angeles,"Taiwan × Silicon Valley: Founders, Capital & the Next Wave of Innovation",Other,Unspecified,https://www.tech-week.com/calendar/sf/events/taiwan-silicon-valley-founders-capital-and-the-next-wave-of-innovation-11d8c75e-39aa-416a-91f4-0234c914849b,2026-09-24T03:24:10.256338Z
f78aa2ba-d835-4526-8635-b27a9a6ddee8,2026-10-05,13:00,America/Los_Angeles,The Integration Layer for AI Agents,FiDi,Unspecified,https://www.tech-week.com/calendar/sf/events/the-integration-layer-for-ai-agents-f78aa2ba-d835-4526-8635-b27a9a6ddee8,2026-09-24T03:24:10.256338Z
29f4e589-fa0c-41a2-a399-b38db8b123c0,2026-10-05,13:00,America/Los_Angeles,The Oasis @ SF Tech Week - Human Flourishing,FiDi,Unspecified,https://www.tech-week.com/calendar/sf/events/the-oasis-sf-tech-week-human-flourishing-29f4e589-fa0c-41a2-a399-b38db8b123c0,2026-09-24T03:24:10.256338Z
108181df-1374-49d9-9866-0b0377e2d1d0,2026-10-05,13:00,America/Los_Angeles,The role that doesn't exist yet: the AI-forward marketing engineer,Mountain View,Unspecified,https://www.tech-week.com/calendar/sf/events/the-role-that-doesn-t-exist-yet-the-ai-forward-marketing-engineer-108181df-1374-49d9-9866-0b0377e2d1d0,2026-09-24T03:24:10.256338Z
1a9c06c1-10bf-415d-9922-dea448faefa4,2026-10-05,13:00,America/Los_Angeles,Why Pick the Boring,SOMA,Unspecified,https://www.tech-week.com/calendar/sf/events/why-pick-the-boring-1a9c06c1-10bf-415d-9922-dea448faefa4,2026-09-24T03:24:10.256338Z
07c556e4-0626-4cb0-a7a8-ebdbfa15e807,2026-10-05,13:30,America/Los_Angeles,Skills That Matter,SOMA,Waitlist,https://www.tech-week.com/calendar/sf/events/skills-that-matter-07c556e4-0626-4cb0-a7a8-ebdbfa15e807,2026-09-24T03:24:10.256338Z
56d872ca-1487-4933-ad27-517d070f41de,2026-10-05,13:45,America/Los_Angeles,Why Investors Say No + In The Ring with an Investor,Union Square,Unspecified,https://www.tech-week.com/calendar/sf/events/why-investors-say-no-in-the-ring-with-an-investor-56d872ca-1487-4933-ad27-517d070f41de,2026-09-24T03:24:10.256338Z
04e13435-ee1b-47c3-8694-3ed66bf3eb0d,2026-10-05,14:00,America/Los_Angeles,A Founder's Journey to Scaling the US,SOMA,Unspecified,https://www.tech-week.com/calendar/sf/events/a-founder-s-journey-to-scaling-the-us-04e13435-ee1b-47c3-8694-3ed66bf3eb0d,2026-09-24T03:24:10.256338Z
f287651e-b96a-4845-94fa-f80a7932d122,2026-10-05,14:00,America/Los_Angeles,AI Buyer Pitch Teardown @ Auth0,Downtown,Unspecified,https://www.tech-week.com/calendar/sf/events/ai-buyer-pitch-teardown-auth0-f287651e-b96a-4845-94fa-f80a7932d122,2026-09-24T03:24:10.256338Z
a2fdc2c0-4ee2-4637-9bcd-f2514f12d757,2026-10-05,14:00,America/Los_Angeles,"AI X Healthcare: Founders, Funders and the First Cohort - #SF TechWeek",FiDi,Unspecified,https://www.tech-week.com/calendar/sf/events/ai-x-healthcare-founders-funders-and-the-first-cohort-sf-techweek-a2fdc2c0-4ee2-4637-9bcd-f2514f12d757,2026-09-24T03:24:10.256338Z
dfb0b32b-bd0b-4c6b-b153-660d3ad4d13d,2026-10-05,14:00,America/Los_Angeles,AI-Native Design: Build with AI Agents,SOMA,Unspecified,https://www.tech-week.com/calendar/sf/events/ai-native-design-build-with-ai-agents-dfb0b32b-bd0b-4c6b-b153-660d3ad4d13d,2026-09-24T03:24:10.256338Z
3e5dd632-59cd-4942-b8d8-207cbec2e6e0,2026-10-05,14:00,America/Los_Angeles,"Sensors, Signals & Self: Consumer Healthtech Coffee",Mission,Unspecified,https://www.tech-week.com/calendar/sf/events/sensors-signals-and-self-consumer-healthtech-coffee-3e5dd632-59cd-4942-b8d8-207cbec2e6e0,2026-09-24T03:24:10.256338Z
bbf60f13-2cdc-4ffa-8640-e0be0b85dce6,2026-10-05,14:00,America/Los_Angeles,Sidebar Summit 2026,SOMA,Unspecified,https://www.tech-week.com/calendar/sf/events/sidebar-summit-2026-bbf60f13-2cdc-4ffa-8640-e0be0b85dce6,2026-09-24T03:24:10.256338Z
c91c2f81-fae6-4e04-921e-e6292d1b4894,2026-10-05,14:00,America/Los_Angeles,The AI-Native Finance Workshop (with The FP&A Guy Paul Barnhurst),SOMA,Unspecified,https://www.tech-week.com/calendar/sf/events/the-ai-native-finance-workshop-with-the-fp-and-a-guy-paul-barnhurst-c91c2f81-fae6-4e04-921e-e6292d1b4894,2026-09-24T03:24:10.256338Z
8611f9ba-6c91-422c-98b2-a1917ec0051b,2026-10-05,14:00,America/Los_Angeles,Trader Buildathon & Happy Hour,Rincon Hill,Unspecified,https://www.tech-week.com/calendar/sf/events/trader-buildathon-and-happy-hour-8611f9ba-6c91-422c-98b2-a1917ec0051b,2026-09-24T03:24:10.256338Z
1aa23671-7270-42bf-a46e-9805f14ac4c5,2026-10-05,14:00,America/Los_Angeles,Vectors Capital 2026 AGM & VC Happy Hour,FiDi,Unspecified,https://www.tech-week.com/calendar/sf/events/vectors-capital-2026-agm-and-vc-happy-hour-1aa23671-7270-42bf-a46e-9805f14ac4c5,2026-09-24T03:24:10.256338Z
9e5a527b-9055-41a6-a71a-d45388e3daaa,2026-10-05,14:00,America/Los_Angeles,Winning In The U.S: Global GTM,Downtown,Unspecified,https://www.tech-week.com/calendar/sf/events/winning-in-the-u-s-global-gtm-9e5a527b-9055-41a6-a71a-d45388e3daaa,2026-09-24T03:24:10.256338Z
6e42fc71-f662-44c6-b5ec-b624dc92aac5,2026-10-05,14:30,America/Los_Angeles,[Founders' Meetup] - AI Hardware goes global,SOMA,Unspecified,https://www.tech-week.com/calendar/sf/events/founders-meetup-ai-hardware-goes-global-6e42fc71-f662-44c6-b5ec-b624dc92aac5,2026-09-24T03:24:10.256338Z
738385a8-dc7c-44e8-aaaa-6a2148ff601b,2026-10-05,14:30,America/Los_Angeles,AI Readiness Audit Workshop,Hayes Valley,Unspecified,https://www.tech-week.com/calendar/sf/events/ai-readiness-audit-workshop-738385a8-dc7c-44e8-aaaa-6a2148ff601b,2026-09-24T03:24:10.256338Z
7f94624b-3af5-4a44-907d-5dc814f0e68f,2026-10-05,14:30,America/Los_Angeles,"Future of Creativity, Experiences & Play",Downtown,Unspecified,https://www.tech-week.com/calendar/sf/events/future-of-creativity-experiences-and-play-7f94624b-3af5-4a44-907d-5dc814f0e68f,2026-09-24T03:24:10.256338Z
099dee56-1046-413b-8871-09b380add12d,2026-10-05,14:30,America/Los_Angeles,Robot Show-n-Tell,SOMA,Unspecified,https://www.tech-week.com/calendar/sf/events/robot-show-n-tell-099dee56-1046-413b-8871-09b380add12d,2026-09-24T03:24:10.256338Z
6c515f8b-3549-4477-97f5-febb46ebf9cf,2026-10-05,14:45,America/Los_Angeles,The Diligence Room: Founders & Funders DD Forum,Downtown,Full,https://www.tech-week.com/calendar/sf/events/the-diligence-room-founders-and-funders-dd-forum-6c515f8b-3549-4477-97f5-febb46ebf9cf,2026-09-24T03:24:10.256338Z
910e21d3-068b-4d3e-927d-d38a69701e6e,2026-10-05,15:00,America/Los_Angeles,Bringing a Chief of Staff Mindset to AI Transformation,FiDi,Unspecified,https://www.tech-week.com/calendar/sf/events/bringing-a-chief-of-staff-mindset-to-ai-transformation-910e21d3-068b-4d3e-927d-d38a69701e6e,2026-09-24T03:24:10.256338Z
a5bca5ec-efb2-4fa2-ac2f-134f6d70a1bb,2026-10-05,15:00,America/Los_Angeles,Design Health Promotion in Context and Environment,Union Square,Unspecified,https://www.tech-week.com/calendar/sf/events/design-health-promotion-in-context-and-environment-a5bca5ec-efb2-4fa2-ac2f-134f6d70a1bb,2026-09-24T03:24:10.256338Z
0eec0946-8d89-4f30-9980-5b6778c5b09c,2026-10-05,15:00,America/Los_Angeles,How to Make Trust Your GTM Advantage - Keynote by Court Lorenzini,SOMA,Unspecified,https://www.tech-week.com/calendar/sf/events/how-to-make-trust-your-gtm-advantage-keynote-by-court-lorenzini-0eec0946-8d89-4f30-9980-5b6778c5b09c,2026-09-24T03:24:10.256338Z
129e91c4-ecf8-4f4f-ac75-ad9e73a478e2,2026-10-05,15:00,America/Los_Angeles,International Expansion: Is Your Startup Ready to Take on the World?,Union Square,Unspecified,https://www.tech-week.com/calendar/sf/events/international-expansion-is-your-startup-ready-to-take-on-the-world-129e91c4-ecf8-4f4f-ac75-ad9e73a478e2,2026-09-24T03:24:10.256338Z
ad2cf8e9-6240-4af3-a042-3224b1980e72,2026-10-05,15:00,America/Los_Angeles,"Robotics, AI Infra & Physical AI Startup Pitch Competition",Downtown,Unspecified,https://www.tech-week.com/calendar/sf/events/robotics-ai-infra-and-physical-ai-startup-pitch-competition-ad2cf8e9-6240-4af3-a042-3224b1980e72,2026-09-24T03:24:10.256338Z
21b86a7c-a26c-420c-9008-39c54c6985b4,2026-10-05,15:00,America/Los_Angeles,"Spill the Tea, Not Your Energy: Council Capital x J.P. Morgan High Tea Experience",SOMA,Unspecified,https://www.tech-week.com/calendar/sf/events/spill-the-tea-not-your-energy-council-capital-x-j-p-morgan-high-tea-experience-21b86a7c-a26c-420c-9008-39c54c6985b4,2026-09-24T03:24:10.256338Z
b0955d83-9929-4684-a5db-72221f26c2a4,2026-10-05,15:00,America/Los_Angeles,The Zero Marginal Cost Tax Department,Downtown,Unspecified,https://www.tech-week.com/calendar/sf/events/the-zero-marginal-cost-tax-department-b0955d83-9929-4684-a5db-72221f26c2a4,2026-09-24T03:24:10.256338Z
031320ff-c3de-46cf-a814-c05212edef72,2026-10-05,15:00,America/Los_Angeles,Who Benefits from AGI Abundance,SOMA,Waitlist,https://www.tech-week.com/calendar/sf/events/who-benefits-from-agi-abundance-031320ff-c3de-46cf-a814-c05212edef72,2026-09-24T03:24:10.256338Z
f05ed1ba-1087-4ea8-9a8d-80f442b586b8,2026-10-05,15:00,America/Los_Angeles,ZEN VR EVENT,FiDi,Full,https://www.tech-week.com/calendar/sf/events/zen-vr-event-f05ed1ba-1087-4ea8-9a8d-80f442b586b8,2026-09-24T03:24:10.256338Z
13968071-a1ce-47e1-bc31-a747b80c4508,2026-10-05,15:00,America/Los_Angeles,​Private Capital Salon,Downtown,Unspecified,https://www.tech-week.com/calendar/sf/events/private-capital-salon-13968071-a1ce-47e1-bc31-a747b80c4508,2026-09-24T03:24:10.256338Z
85d82db4-ad3c-401e-8698-eafc43a8ea29,2026-10-05,16:00,America/Los_Angeles,/build-with-AI Buildathon,Palo Alto,Unspecified,https://www.tech-week.com/calendar/sf/events/build-with-ai-buildathon-85d82db4-ad3c-401e-8698-eafc43a8ea29,2026-09-24T03:24:10.256338Z
b302662c-3e93-4ccf-92c8-350c8db6c25e,2026-10-05,16:00,America/Los_Angeles,Architecting AI-Native GTM,FiDi,Unspecified,https://www.tech-week.com/calendar/sf/events/architecting-ai-native-gtm-b302662c-3e93-4ccf-92c8-350c8db6c25e,2026-09-24T03:24:10.256338Z
f04b2ba5-21bd-4cc1-a48a-c1d15e34657e,2026-10-05,16:00,America/Los_Angeles,"Building on Hard Ground: AI, Child Safety, and the CSAM Problem",Virtual,Unspecified,https://www.tech-week.com/calendar/sf/events/building-on-hard-ground-ai-child-safety-and-the-csam-problem-f04b2ba5-21bd-4cc1-a48a-c1d15e34657e,2026-09-24T03:24:10.256338Z
b508bc99-7126-4702-92b6-b9580717fbc2,2026-10-05,16:00,America/Los_Angeles,Building the Future of Preventive Health,FiDi,Unspecified,https://www.tech-week.com/calendar/sf/events/building-the-future-of-preventive-health-b508bc99-7126-4702-92b6-b9580717fbc2,2026-09-24T03:24:10.256338Z
76f7be86-25f6-4627-b6d4-bed586036a27,2026-10-05,16:00,America/Los_Angeles,Can We Predict a Failed Clinical Trial Before It Fails?,Downtown,Unspecified,https://www.tech-week.com/calendar/sf/events/can-we-predict-a-failed-clinical-trial-before-it-fails-76f7be86-25f6-4627-b6d4-bed586036a27,2026-09-24T03:24:10.256338Z
f20b27c4-a44c-480f-a678-2df8dad6cbd7,2026-10-05,16:00,America/Los_Angeles,From a Data Swamp to a Data Agent You Can Trust: What It Actually Takes,FiDi,Unspecified,https://www.tech-week.com/calendar/sf/events/from-a-data-swamp-to-a-data-agent-you-can-trust-what-it-actually-takes-f20b27c4-a44c-480f-a678-2df8dad6cbd7,2026-09-24T03:24:10.256338Z
60308187-5ffe-4ba6-a951-c26a4f93cea7,2026-10-05,16:00,America/Los_Angeles,Table for Ten,FiDi,Unspecified,https://www.tech-week.com/calendar/sf/events/table-for-ten-60308187-5ffe-4ba6-a951-c26a4f93cea7,2026-09-24T03:24:10.256338Z
6960d444-3d75-4cbd-a349-58b7094506d3,2026-10-05,16:00,America/Los_Angeles,"The $1M Deal: Inside Enterprise Sales w/ Deel, AWS & Sunshine Lake VC",SOMA,Unspecified,https://www.tech-week.com/calendar/sf/events/the-1m-deal-inside-enterprise-sales-w-deel-aws-and-sunshine-lake-vc-6960d444-3d75-4cbd-a349-58b7094506d3,2026-09-24T03:24:10.256338Z
88db3f1c-01aa-4e8d-8c34-fa189d735d83,2026-10-05,16:00,America/Los_Angeles,The Down Under Mixer #2 🏄 Galileo x Relevance AI,FiDi,Unspecified,https://www.tech-week.com/calendar/sf/events/the-down-under-mixer-2-galileo-x-relevance-ai-88db3f1c-01aa-4e8d-8c34-fa189d735d83,2026-09-24T03:24:10.256338Z
8d663af9-3ba9-40dd-98a1-485c396a3e55,2026-10-05,16:00,America/Los_Angeles,The Future of Video Intelligence,SOMA,Unspecified,https://www.tech-week.com/calendar/sf/events/the-future-of-video-intelligence-8d663af9-3ba9-40dd-98a1-485c396a3e55,2026-09-24T03:24:10.256338Z
b375e240-67ad-44a0-b155-d7be25860450,2026-10-05,16:00,America/Los_Angeles,Watts & Wisdom: An Evening with Filippo Pozzato,FiDi,Unspecified,https://www.tech-week.com/calendar/sf/events/watts-and-wisdom-an-evening-with-filippo-pozzato-b375e240-67ad-44a0-b155-d7be25860450,2026-09-24T03:24:10.256338Z
444952bf-6888-4798-a4a4-18e9c1c8cd90,2026-10-05,16:30,America/Los_Angeles,Airwallex Agentic Banking Hackathon Kickoff,Downtown,Unspecified,https://www.tech-week.com/calendar/sf/events/airwallex-agentic-banking-hackathon-kickoff-444952bf-6888-4798-a4a4-18e9c1c8cd90,2026-09-24T03:24:10.256338Z
ba495ca9-7e4b-4dbf-84da-6cc1d4d24737,2026-10-05,16:30,America/Los_Angeles,Marketers' Hot Take Happy Hour: An Evening of Agree or Disagree,SOMA,Unspecified,https://www.tech-week.com/calendar/sf/events/marketers-hot-take-happy-hour-an-evening-of-agree-or-disagree-ba495ca9-7e4b-4dbf-84da-6cc1d4d24737,2026-09-24T03:24:10.256338Z
5957c8e6-f9ce-4424-9f90-aa21ce8a8699,2026-10-05,17:00,America/Los_Angeles,A Hack of All Trades,Jackson Square,Unspecified,https://www.tech-week.com/calendar/sf/events/a-hack-of-all-trades-5957c8e6-f9ce-4424-9f90-aa21ce8a8699,2026-09-24T03:24:10.256338Z
47ecf74f-29dc-4934-88c9-0303b8e467fc,2026-10-05,17:00,America/Los_Angeles,Agents in Production: Shared Memory,FiDi,Unspecified,https://www.tech-week.com/calendar/sf/events/agents-in-production-shared-memory-47ecf74f-29dc-4934-88c9-0303b8e467fc,2026-09-24T03:24:10.256338Z
9607715a-5a04-409a-a8cd-ade880dfc6d0,2026-10-05,17:00,America/Los_Angeles,AI Beyond the Screen,Mission,Unspecified,https://www.tech-week.com/calendar/sf/events/ai-beyond-the-screen-9607715a-5a04-409a-a8cd-ade880dfc6d0,2026-09-24T03:24:10.256338Z
48c0af81-ccb6-4f8c-8c3c-310acc1f3039,2026-10-05,17:00,America/Los_Angeles,AI in XR,Mission,Unspecified,https://www.tech-week.com/calendar/sf/events/ai-in-xr-48c0af81-ccb6-4f8c-8c3c-310acc1f3039,2026-09-24T03:24:10.256338Z
2a140f1b-c415-429d-988e-6fa695c93e11,2026-10-05,17:00,America/Los_Angeles,AI Startup Accounting & Tax: The Essentials,Downtown,Unspecified,https://www.tech-week.com/calendar/sf/events/ai-startup-accounting-and-tax-the-essentials-2a140f1b-c415-429d-988e-6fa695c93e11,2026-09-24T03:24:10.256338Z
8b23a01e-2b74-4710-baa5-a35237b7ec2f,2026-10-05,17:00,America/Los_Angeles,Asia-to-US: The AI-Leverage Playbook for Crossing the Pacific,Downtown,Unspecified,https://www.tech-week.com/calendar/sf/events/asia-to-us-the-ai-leverage-playbook-for-crossing-the-pacific-8b23a01e-2b74-4710-baa5-a35237b7ec2f,2026-09-24T03:24:10.256338Z
4a137ad1-f3bb-4977-b7b6-b2a0b2beeca0,2026-10-05,17:00,America/Los_Angeles,B2B Founders Sail in the Bay ⛵,Fisherman's Wharf,Unspecified,https://www.tech-week.com/calendar/sf/events/b2b-founders-sail-in-the-bay-4a137ad1-f3bb-4977-b7b6-b2a0b2beeca0,2026-09-24T03:24:10.256338Z
a58c487e-53dc-43d8-94cf-737b913a5e28,2026-10-05,17:00,America/Los_Angeles,Eon x Shaun Maguire Fireside,SOMA,Unspecified,https://www.tech-week.com/calendar/sf/events/eon-x-shaun-maguire-fireside-a58c487e-53dc-43d8-94cf-737b913a5e28,2026-09-24T03:24:10.256338Z
222c22ee-4b29-4a56-b86e-7002bd4edc38,2026-10-05,17:00,America/Los_Angeles,Find Your Dream Team,Mission Bay,Unspecified,https://www.tech-week.com/calendar/sf/events/find-your-dream-team-222c22ee-4b29-4a56-b86e-7002bd4edc38,2026-09-24T03:24:10.256338Z
39e2de15-42e7-4ac9-9662-4e21308e6c29,2026-10-05,17:00,America/Los_Angeles,Funded Female Founders VII,SOMA,Unspecified,https://www.tech-week.com/calendar/sf/events/funded-female-founders-vii-39e2de15-42e7-4ac9-9662-4e21308e6c29,2026-09-24T03:24:10.256338Z
3155ddf9-6976-4277-9ef1-b0d5f1d5461f,2026-10-05,17:00,America/Los_Angeles,GTM Panel: When and How to Expand Beyond Your Core Business,SOMA,Unspecified,https://www.tech-week.com/calendar/sf/events/gtm-panel-when-and-how-to-expand-beyond-your-core-business-3155ddf9-6976-4277-9ef1-b0d5f1d5461f,2026-09-24T03:24:10.256338Z
85ba1851-ec51-40cf-904f-edfd4f9a66a8,2026-10-05,17:00,America/Los_Angeles,Hack Alcatraz with Cloudflare and Kling AI,Embarcadero,Waitlist,https://www.tech-week.com/calendar/sf/events/hack-alcatraz-with-cloudflare-and-kling-ai-85ba1851-ec51-40cf-904f-edfd4f9a66a8,2026-09-24T03:24:10.256338Z
fa926522-a7c1-4190-b805-7fe0a2b780ea,2026-10-05,17:00,America/Los_Angeles,MedTech/BioTech/NeuroTech battle scars,San Mateo,Waitlist,https://www.tech-week.com/calendar/sf/events/medtech-biotech-neurotech-battle-scars-fa926522-a7c1-4190-b805-7fe0a2b780ea,2026-09-24T03:24:10.256338Z
3bcb9fef-5c68-4215-8291-1e1261ee5343,2026-10-05,17:00,America/Los_Angeles,"Model Training Night by Overmind, Daytona & Doubleword",SOMA,Unspecified,https://www.tech-week.com/calendar/sf/events/model-training-night-by-overmind-daytona-and-doubleword-3bcb9fef-5c68-4215-8291-1e1261ee5343,2026-09-24T03:24:10.256338Z
a209d59f-b4c6-41dc-9eb6-45295768ceb1,2026-10-05,17:00,America/Los_Angeles,PassRight Meet’n’Mingle,Downtown,Closed,https://www.tech-week.com/calendar/sf/events/passright-meet-n-mingle-a209d59f-b4c6-41dc-9eb6-45295768ceb1,2026-09-24T03:24:10.256338Z
fe735d61-02f2-4ab8-b389-0aab14a3f99d,2026-10-05,17:00,America/Los_Angeles,Rooftop AI Founders Happy Hour Mixer,SOMA,Unspecified,https://www.tech-week.com/calendar/sf/events/rooftop-ai-founders-happy-hour-mixer-fe735d61-02f2-4ab8-b389-0aab14a3f99d,2026-09-24T03:24:10.256338Z
14a6b782-3385-4652-9ba8-aaad5ba9307f,2026-10-05,17:00,America/Los_Angeles,Seamaphore Open House,Mission Bay,Unspecified,https://www.tech-week.com/calendar/sf/events/seamaphore-open-house-14a6b782-3385-4652-9ba8-aaad5ba9307f,2026-09-24T03:24:10.256338Z
3d700b70-9fb0-4b56-b0d4-d1b09b140a3a,2026-10-05,17:00,America/Los_Angeles,YC Founders Mixer,FiDi,Unspecified,https://www.tech-week.com/calendar/sf/events/yc-founders-mixer-3d700b70-9fb0-4b56-b0d4-d1b09b140a3a,2026-09-24T03:24:10.256338Z
16d56763-74b6-4610-95e6-53466f9c5330,2026-10-05,17:30,America/Los_Angeles,"Actually, I AM the Manager",Mission,Unspecified,https://www.tech-week.com/calendar/sf/events/actually-i-am-the-manager-16d56763-74b6-4610-95e6-53466f9c5330,2026-09-24T03:24:10.256338Z
bc61891f-9d97-4dfc-87d4-5480e586ced6,2026-10-05,17:30,America/Los_Angeles,"Agents & APIs Meetup by Baseten, Postman, Rootly AI & Supabase",FiDi,Unspecified,https://www.tech-week.com/calendar/sf/events/agents-and-apis-meetup-by-baseten-postman-rootly-ai-and-supabase-bc61891f-9d97-4dfc-87d4-5480e586ced6,2026-09-24T03:24:10.256338Z
f129fc9b-3cb2-4230-bb7c-a89496e6eb6b,2026-10-05,17:30,America/Los_Angeles,AI with Personality,SOMA,Unspecified,https://www.tech-week.com/calendar/sf/events/ai-with-personality-f129fc9b-3cb2-4230-bb7c-a89496e6eb6b,2026-09-24T03:24:10.256338Z
c4b02235-d26a-42df-925f-b470112b4f45,2026-10-05,17:30,America/Los_Angeles,Demo Night at WorkOS,Downtown,Unspecified,https://www.tech-week.com/calendar/sf/events/demo-night-at-workos-c4b02235-d26a-42df-925f-b470112b4f45,2026-09-24T03:24:10.256338Z
07110910-0e7f-4d03-8f61-d567ceaa373f,2026-10-05,17:30,America/Los_Angeles,Field Trips: Family Movie Night,Mission,Unspecified,https://www.tech-week.com/calendar/sf/events/field-trips-family-movie-night-07110910-0e7f-4d03-8f61-d567ceaa373f,2026-09-24T03:24:10.256338Z
4fefb62c-4136-45f4-85e9-886839240205,2026-10-05,17:30,America/Los_Angeles,Frontier Models in Production: What Product Founders Are Shipping on the New Models,FiDi,Unspecified,https://www.tech-week.com/calendar/sf/events/frontier-models-in-production-what-product-founders-are-shipping-on-the-new-mode-4fefb62c-4136-45f4-85e9-886839240205,2026-09-24T03:24:10.256338Z
db5ba5ac-90bd-44d0-b983-fbf1e94e2c65,2026-10-05,17:30,America/Los_Angeles,How to get press without a PR agency,Mission,Unspecified,https://www.tech-week.com/calendar/sf/events/how-to-get-press-without-a-pr-agency-db5ba5ac-90bd-44d0-b983-fbf1e94e2c65,2026-09-24T03:24:10.256338Z
0b0ee004-6b32-4699-8c72-aba2b9aafcb6,2026-10-05,17:30,America/Los_Angeles,"LegalTech Beyond Drafting: AI, Automation & Billable Hours",SOMA,Unspecified,https://www.tech-week.com/calendar/sf/events/legaltech-beyond-drafting-ai-automation-and-billable-hours-0b0ee004-6b32-4699-8c72-aba2b9aafcb6,2026-09-24T03:24:10.256338Z
ccbd9805-e5e1-4e27-90aa-c78e28234ca8,2026-10-05,17:30,America/Los_Angeles,"Liquidity, Before the Exit",Jackson Square,Unspecified,https://www.tech-week.com/calendar/sf/events/liquidity-before-the-exit-ccbd9805-e5e1-4e27-90aa-c78e28234ca8,2026-09-24T03:24:10.256338Z
58dc0e34-ffba-459b-8f60-48ad10bcfbe2,2026-10-05,17:30,America/Los_Angeles,M13 Chess Night,FiDi,Unspecified,https://www.tech-week.com/calendar/sf/events/m13-chess-night-58dc0e34-ffba-459b-8f60-48ad10bcfbe2,2026-09-24T03:24:10.256338Z
ab0de57c-dfcb-46b7-a2c0-db23658b0824,2026-10-05,17:30,America/Los_Angeles,Private dinner: The New Tech Talent Equation,Palo Alto,Unspecified,https://www.tech-week.com/calendar/sf/events/private-dinner-the-new-tech-talent-equation-ab0de57c-dfcb-46b7-a2c0-db23658b0824,2026-09-24T03:24:10.256338Z
d50db0ce-3431-4fbb-a31a-be272a0f5d12,2026-10-05,17:30,America/Los_Angeles,Reverse Pitch Night: Cleantech & Sustainability Investors,FiDi,Unspecified,https://www.tech-week.com/calendar/sf/events/reverse-pitch-night-cleantech-and-sustainability-investors-d50db0ce-3431-4fbb-a31a-be272a0f5d12,2026-09-24T03:24:10.256338Z
b687e085-b57d-49e7-8d73-5e96a1db2ffd,2026-10-05,17:30,America/Los_Angeles,"Telemetry In, Fixes Out: Closing the Agent Reliability Loop (Talk, Demo, Drinks)",Downtown,Waitlist,https://www.tech-week.com/calendar/sf/events/telemetry-in-fixes-out-closing-the-agent-reliability-loop-talk-demo-drinks-b687e085-b57d-49e7-8d73-5e96a1db2ffd,2026-09-24T03:24:10.256338Z
73a0c330-cbd9-4895-93fd-aa55007b3269,2026-10-05,17:30,America/Los_Angeles,Trust in the Age of AI: Cross-Industry Perspectives on Risk and Regulation,Hayes Valley,Unspecified,https://www.tech-week.com/calendar/sf/events/trust-in-the-age-of-ai-cross-industry-perspectives-on-risk-and-regulation-73a0c330-cbd9-4895-93fd-aa55007b3269,2026-09-24T03:24:10.256338Z
136e2595-a176-4968-b943-00e0df2c9433,2026-10-05,17:30,America/Los_Angeles,VIP Enterprise Sales Dinner,Downtown,Unspecified,https://www.tech-week.com/calendar/sf/events/vip-enterprise-sales-dinner-136e2595-a176-4968-b943-00e0df2c9433,2026-09-24T03:24:10.256338Z
80d77b88-e75c-4d8d-88f9-50348ad5e186,2026-10-05,17:45,America/Los_Angeles,🤖 Towards AGI: solving physical AI,Other,Unspecified,https://www.tech-week.com/calendar/sf/events/towards-agi-solving-physical-ai-80d77b88-e75c-4d8d-88f9-50348ad5e186,2026-09-24T03:24:10.256338Z
0ea0e2f1-a6da-4730-9be8-7f438e269f9c,2026-10-05,18:00,America/Los_Angeles,AI Karaoke with Andala Labs,FiDi,Unspecified,https://www.tech-week.com/calendar/sf/events/ai-karaoke-with-andala-labs-0ea0e2f1-a6da-4730-9be8-7f438e269f9c,2026-09-24T03:24:10.256338Z
504235ce-7b66-407a-b1f1-b4012214802f,2026-10-05,18:00,America/Los_Angeles,Architects of the Next Era: AI Founder Dinner,NOPA,Unspecified,https://www.tech-week.com/calendar/sf/events/architects-of-the-next-era-ai-founder-dinner-504235ce-7b66-407a-b1f1-b4012214802f,2026-09-24T03:24:10.256338Z
fbeace57-bc94-492f-92a2-6ccb408cca23,2026-10-05,18:00,America/Los_Angeles,Biotech Happy Hour and Launch Party by ModernVivo,SOMA,Unspecified,https://www.tech-week.com/calendar/sf/events/biotech-happy-hour-and-launch-party-by-modernvivo-fbeace57-bc94-492f-92a2-6ccb408cca23,2026-09-24T03:24:10.256338Z
3cd7e854-d1c1-4f5f-a840-4ce189d2bf98,2026-10-05,18:00,America/Los_Angeles,Bringing AI and Asset Management Intelligence to Your Home,FiDi,Unspecified,https://www.tech-week.com/calendar/sf/events/bringing-ai-and-asset-management-intelligence-to-your-home-3cd7e854-d1c1-4f5f-a840-4ce189d2bf98,2026-09-24T03:24:10.256338Z
c608f1e5-5f78-415c-a646-1917d2a4254f,2026-10-05,18:00,America/Los_Angeles,Builders x Bosses x Beers at Club 345,FiDi,Unspecified,https://www.tech-week.com/calendar/sf/events/builders-x-bosses-x-beers-at-club-345-c608f1e5-5f78-415c-a646-1917d2a4254f,2026-09-24T03:24:10.256338Z
7b81ad16-6b52-494b-927f-3121472482bc,2026-10-05,18:00,America/Los_Angeles,Can your agents actually ship?,FiDi,Unspecified,https://www.tech-week.com/calendar/sf/events/can-your-agents-actually-ship-7b81ad16-6b52-494b-927f-3121472482bc,2026-09-24T03:24:10.256338Z
98c0b73a-fb2f-4700-8cac-fbcf357d7431,2026-10-05,18:00,America/Los_Angeles,Compliance at Fintech Speed,Mission Bay,Unspecified,https://www.tech-week.com/calendar/sf/events/compliance-at-fintech-speed-98c0b73a-fb2f-4700-8cac-fbcf357d7431,2026-09-24T03:24:10.256338Z
bc8d3468-e18d-437a-83ff-4598b9d41e2c,2026-10-05,18:00,America/Los_Angeles,Continual Learning After Hours,FiDi,Unspecified,https://www.tech-week.com/calendar/sf/events/continual-learning-after-hours-bc8d3468-e18d-437a-83ff-4598b9d41e2c,2026-09-24T03:24:10.256338Z
491fd7fb-c105-4e4b-a061-9b581998c531,2026-10-05,18:00,America/Los_Angeles,Deciphering Medvi's playbook for Telehealth & D2C marketers,SOMA,Unspecified,https://www.tech-week.com/calendar/sf/events/deciphering-medvi-s-playbook-for-telehealth-and-d2c-marketers-491fd7fb-c105-4e4b-a061-9b581998c531,2026-09-24T03:24:10.256338Z
c2ab24d6-e54c-426a-9a1d-d4bd14a041ac,2026-10-05,18:00,America/Los_Angeles,"Demos After Dark w/ Fin, Clay",FiDi,Unspecified,https://www.tech-week.com/calendar/sf/events/demos-after-dark-w-fin-clay-c2ab24d6-e54c-426a-9a1d-d4bd14a041ac,2026-09-24T03:24:10.256338Z
fb9f5940-978d-447b-ad06-956061cda708,2026-10-05,18:00,America/Los_Angeles,Fintech House SF (4th edition),SOMA,Unspecified,https://www.tech-week.com/calendar/sf/events/fintech-house-sf-4th-edition-fb9f5940-978d-447b-ad06-956061cda708,2026-09-24T03:24:10.256338Z
affc8860-5de6-482b-97ed-7667718ab905,2026-10-05,18:00,America/Los_Angeles,"Fireworks x a16z: Official Tech Week Kickoff w/ Vercel, ElevenLabs, & Stripe",Mission Bay,Unspecified,https://www.tech-week.com/calendar/sf/events/fireworks-x-a16z-official-tech-week-kickoff-w-vercel-elevenlabs-and-stripe-affc8860-5de6-482b-97ed-7667718ab905,2026-09-24T03:24:10.256338Z
5a6f0232-f064-49ba-96ee-d079801f22af,2026-10-05,18:00,America/Los_Angeles,First drinks Aussie style - Co Ventures x Airtree,Mission,Unspecified,https://www.tech-week.com/calendar/sf/events/first-drinks-aussie-style-co-ventures-x-airtree-5a6f0232-f064-49ba-96ee-d079801f22af,2026-09-24T03:24:10.256338Z
8082086c-c3c1-4f6e-8f62-27aea9339aa6,2026-10-05,18:00,America/Los_Angeles,Flex VC Dinner,Downtown,Unspecified,https://www.tech-week.com/calendar/sf/events/flex-vc-dinner-8082086c-c3c1-4f6e-8f62-27aea9339aa6,2026-09-24T03:24:10.256338Z
7f1264fd-10dd-419a-b308-f8fc698736c6,2026-10-05,18:00,America/Los_Angeles,"Founder Off the Record, presented by Citizens For Startups - # SF TechWeek",FiDi,Unspecified,https://www.tech-week.com/calendar/sf/events/founder-off-the-record-presented-by-citizens-for-startups-sf-techweek-7f1264fd-10dd-419a-b308-f8fc698736c6,2026-09-24T03:24:10.256338Z
e23307fd-b66f-4dcb-abd1-d9542ccc4107,2026-10-05,18:00,America/Los_Angeles,Founders Dinner at the Shack15,Embarcadero,Unspecified,https://www.tech-week.com/calendar/sf/events/founders-dinner-at-the-shack15-e23307fd-b66f-4dcb-abd1-d9542ccc4107,2026-09-24T03:24:10.256338Z
aba77689-88fd-4863-829b-61972a1f085d,2026-10-05,18:00,America/Los_Angeles,Funding Founders - JP Morgan x DealMaker Dinner,Embarcadero,Unspecified,https://www.tech-week.com/calendar/sf/events/funding-founders-jp-morgan-x-dealmaker-dinner-aba77689-88fd-4863-829b-61972a1f085d,2026-09-24T03:24:10.256338Z
6ba21209-762e-42e8-abb2-606b6c676d40,2026-10-05,18:00,America/Los_Angeles,How to bring your buyers under one roof,SOMA,Unspecified,https://www.tech-week.com/calendar/sf/events/how-to-bring-your-buyers-under-one-roof-6ba21209-762e-42e8-abb2-606b6c676d40,2026-09-24T03:24:10.256338Z
fd1bea4d-5647-4b86-ae73-af68ec90795d,2026-10-05,18:00,America/Los_Angeles,Infrastructure for the Agentic future,SOMA,Unspecified,https://www.tech-week.com/calendar/sf/events/infrastructure-for-the-agentic-future-fd1bea4d-5647-4b86-ae73-af68ec90795d,2026-09-24T03:24:10.256338Z
1cd1c3a7-1366-44e0-8241-74609099fd45,2026-10-05,18:00,America/Los_Angeles,Israel × Silicon Valley Capital Mixer,Civic Center,Unspecified,https://www.tech-week.com/calendar/sf/events/israel-silicon-valley-capital-mixer-1cd1c3a7-1366-44e0-8241-74609099fd45,2026-09-24T03:24:10.256338Z
4aa6cc54-6cc7-44a0-9e66-d156be184d7a,2026-10-05,18:00,America/Los_Angeles,Polish SF Pitch Event and Networking,Lower Nob Hill,Unspecified,https://www.tech-week.com/calendar/sf/events/polish-sf-pitch-event-and-networking-4aa6cc54-6cc7-44a0-9e66-d156be184d7a,2026-09-24T03:24:10.256338Z
5c9801a4-49aa-44ad-9b48-703dd04be400,2026-10-05,18:00,America/Los_Angeles,Salesforce Revenue Management Executive Dinner,SOMA,Unspecified,https://www.tech-week.com/calendar/sf/events/salesforce-revenue-management-executive-dinner-5c9801a4-49aa-44ad-9b48-703dd04be400,2026-09-24T03:24:10.256338Z
2191cf74-01da-41b2-869a-6e87864c42e4,2026-10-05,18:00,America/Los_Angeles,SheFundraises Pitch & Party,FiDi,Unspecified,https://www.tech-week.com/calendar/sf/events/shefundraises-pitch-and-party-2191cf74-01da-41b2-869a-6e87864c42e4,2026-09-24T03:24:10.256338Z
5e0c2394-f9c9-425c-a01f-a27513422325,2026-10-05,18:00,America/Los_Angeles,Ship it & Sip it: Software Factories,Union Square,Unspecified,https://www.tech-week.com/calendar/sf/events/ship-it-and-sip-it-software-factories-5e0c2394-f9c9-425c-a01f-a27513422325,2026-09-24T03:24:10.256338Z
4c1bd8b7-a53a-4006-a4a1-bfe02270a680,2026-10-05,18:00,America/Los_Angeles,South Asian Mixer,SOMA,Unspecified,https://www.tech-week.com/calendar/sf/events/south-asian-mixer-4c1bd8b7-a53a-4006-a4a1-bfe02270a680,2026-09-24T03:24:10.256338Z
f61177e0-279c-41e5-9105-0743257fadfd,2026-10-05,18:00,America/Los_Angeles,The Data Center Summit @,FiDi,Unspecified,https://www.tech-week.com/calendar/sf/events/the-data-center-summit-f61177e0-279c-41e5-9105-0743257fadfd,2026-09-24T03:24:10.256338Z
961995dd-ba56-4f2c-9ae0-5b45a02e8625,2026-10-05,18:00,America/Los_Angeles,The Founders & Funders Mixer / Showcase - #SF TechWeek,Civic Center,Unspecified,https://www.tech-week.com/calendar/sf/events/the-founders-and-funders-mixer-showcase-sf-techweek-961995dd-ba56-4f2c-9ae0-5b45a02e8625,2026-09-24T03:24:10.256338Z
25f92110-af73-478c-b0fb-998446c1d0e5,2026-10-05,18:00,America/Los_Angeles,What Founders Get Wrong (& Right) when Hiring Founding Teams,SOMA,Unspecified,https://www.tech-week.com/calendar/sf/events/what-founders-get-wrong-and-right-when-hiring-founding-teams-25f92110-af73-478c-b0fb-998446c1d0e5,2026-09-24T03:24:10.256338Z
e7d88c47-685a-4035-adea-0d5f75799454,2026-10-05,18:00,America/Los_Angeles,⚡️The FUTURE of CAPITAL,SOMA,Unspecified,https://www.tech-week.com/calendar/sf/events/the-future-of-capital-e7d88c47-685a-4035-adea-0d5f75799454,2026-09-24T03:24:10.256338Z
bb0dd34f-6599-4cf3-b2e3-606c4224f7da,2026-10-05,18:15,America/Los_Angeles,"Ship, Scale, Sail",Mission Bay,Unspecified,https://www.tech-week.com/calendar/sf/events/ship-scale-sail-bb0dd34f-6599-4cf3-b2e3-606c4224f7da,2026-09-24T03:24:10.256338Z
adb5e555-8d3e-48be-9680-a4ca1279f056,2026-10-05,18:30,America/Los_Angeles,Agentic Business Cards Are Here,Mission,Unspecified,https://www.tech-week.com/calendar/sf/events/agentic-business-cards-are-here-adb5e555-8d3e-48be-9680-a4ca1279f056,2026-09-24T03:24:10.256338Z
8741db8a-e986-4d29-8821-dff6c392088a,2026-10-05,18:30,America/Los_Angeles,AI Is Eating Work,Nob Hill,Unspecified,https://www.tech-week.com/calendar/sf/events/ai-is-eating-work-8741db8a-e986-4d29-8821-dff6c392088a,2026-09-24T03:24:10.256338Z
c1948734-429b-48f2-bff4-3c7c752a2bcd,2026-10-05,18:30,America/Los_Angeles,"Be honest. You're not really doing evals, are you?",Mission,Unspecified,https://www.tech-week.com/calendar/sf/events/be-honest-you-re-not-really-doing-evals-are-you-c1948734-429b-48f2-bff4-3c7c752a2bcd,2026-09-24T03:24:10.256338Z
ceee951b-165b-4d8b-b207-d0cbfc500111,2026-10-05,18:30,America/Los_Angeles,Commercializing Space Tech,Palo Alto,Unspecified,https://www.tech-week.com/calendar/sf/events/commercializing-space-tech-ceee951b-165b-4d8b-b207-d0cbfc500111,2026-09-24T03:24:10.256338Z
16130ed2-dd9c-4c65-859f-1021a23381ad,2026-10-05,18:30,America/Los_Angeles,Hackathon & Pitch Competition,Mission Bay,Unspecified,https://www.tech-week.com/calendar/sf/events/hackathon-and-pitch-competition-16130ed2-dd9c-4c65-859f-1021a23381ad,2026-09-24T03:24:10.256338Z
f120974f-3990-416f-b3f3-c2ed3b39ef0f,2026-10-05,18:30,America/Los_Angeles,LaughBytes By Gunreet Bal & Improvisors,Other,Unspecified,https://www.tech-week.com/calendar/sf/events/laughbytes-by-gunreet-bal-and-improvisors-f120974f-3990-416f-b3f3-c2ed3b39ef0f,2026-09-24T03:24:10.256338Z
4185b1ab-40f5-44d3-b910-04a4f2d90d66,2026-10-05,18:30,America/Los_Angeles,Nova6 Meet,Union Square,Unspecified,https://www.tech-week.com/calendar/sf/events/nova6-meet-4185b1ab-40f5-44d3-b910-04a4f2d90d66,2026-09-24T03:24:10.256338Z
92eeb253-893d-42ea-844c-62bc7a6fe5ca,2026-10-05,18:30,America/Los_Angeles,"So, you want to sell your startup in the era of AI? - #SF TechWeek",SOMA,Unspecified,https://www.tech-week.com/calendar/sf/events/so-you-want-to-sell-your-startup-in-the-era-of-ai-sf-techweek-92eeb253-893d-42ea-844c-62bc7a6fe5ca,2026-09-24T03:24:10.256338Z
f788596d-7b82-4225-97e6-112843f3b410,2026-10-05,19:00,America/Los_Angeles,2027: The Year of AGI for Computer-Use Agents?,Downtown,Unspecified,https://www.tech-week.com/calendar/sf/events/2027-the-year-of-agi-for-computer-use-agents-f788596d-7b82-4225-97e6-112843f3b410,2026-09-24T03:24:10.256338Z
a88963de-8fa5-4c76-b942-605683fe8c45,2026-10-05,19:00,America/Los_Angeles,AI Pay Summit,Alamo Square,Unspecified,https://www.tech-week.com/calendar/sf/events/ai-pay-summit-a88963de-8fa5-4c76-b942-605683fe8c45,2026-09-24T03:24:10.256338Z
dd756840-4ee9-40a4-852d-3ffa5bcf1ab4,2026-10-05,19:00,America/Los_Angeles,AI-matched dinners with Rauk AI [SF],SOMA,Unspecified,https://www.tech-week.com/calendar/sf/events/ai-matched-dinners-with-rauk-ai-sf-dd756840-4ee9-40a4-852d-3ffa5bcf1ab4,2026-09-24T03:24:10.256338Z
22cd6615-5b9c-474b-bdd6-fb50a85ee2ee,2026-10-05,19:00,America/Los_Angeles,Building Superintelligence for Humanity,Downtown,Unspecified,https://www.tech-week.com/calendar/sf/events/building-superintelligence-for-humanity-22cd6615-5b9c-474b-bdd6-fb50a85ee2ee,2026-09-24T03:24:10.256338Z
0aa5aafa-c5c8-4fef-8f30-f8409034e511,2026-10-05,19:00,America/Los_Angeles,"Building the Future of AI: Engineering, Talent, and Scaling Technical Teams",Other,Unspecified,https://www.tech-week.com/calendar/sf/events/building-the-future-of-ai-engineering-talent-and-scaling-technical-teams-0aa5aafa-c5c8-4fef-8f30-f8409034e511,2026-09-24T03:24:10.256338Z
30b39a74-0947-40a3-9199-6421a861199d,2026-10-05,19:00,America/Los_Angeles,Dinner on the San Francisco Giants' Field,South Beach,Unspecified,https://www.tech-week.com/calendar/sf/events/dinner-on-the-san-francisco-giants-field-30b39a74-0947-40a3-9199-6421a861199d,2026-09-24T03:24:10.256338Z
09d20088-201a-4b46-a2bf-d3870ae83edd,2026-10-05,19:00,America/Los_Angeles,FARR Summit After Party,Embarcadero,Unspecified,https://www.tech-week.com/calendar/sf/events/farr-summit-after-party-09d20088-201a-4b46-a2bf-d3870ae83edd,2026-09-24T03:24:10.256338Z
42f96044-c3d9-4a04-913d-b90a91334055,2026-10-05,19:00,America/Los_Angeles,Founder & Investor Dinner,Pacific Heights,Unspecified,https://www.tech-week.com/calendar/sf/events/founder-and-investor-dinner-42f96044-c3d9-4a04-913d-b90a91334055,2026-09-24T03:24:10.256338Z
fd077fb7-de6b-4875-a62c-3d4cd18cfe32,2026-10-05,19:00,America/Los_Angeles,Founder x Investor mixer,NOPA,Unspecified,https://www.tech-week.com/calendar/sf/events/founder-x-investor-mixer-fd077fb7-de6b-4875-a62c-3d4cd18cfe32,2026-09-24T03:24:10.256338Z
74ad46d7-9b3d-456c-acfd-b294ffe3dbd4,2026-10-05,19:00,America/Los_Angeles,Founders & Investors Mixer,SOMA,Unspecified,https://www.tech-week.com/calendar/sf/events/founders-and-investors-mixer-74ad46d7-9b3d-456c-acfd-b294ffe3dbd4,2026-09-24T03:24:10.256338Z
1c23a335-0897-444f-a6c2-98b6c7397695,2026-10-05,19:00,America/Los_Angeles,GTM Happy Hour,SOMA,Unspecified,https://www.tech-week.com/calendar/sf/events/gtm-happy-hour-1c23a335-0897-444f-a6c2-98b6c7397695,2026-09-24T03:24:10.256338Z
aebd8b3e-24cd-4b52-a56f-3cfa2fd2f391,2026-10-05,19:00,America/Los_Angeles,IRL Events Re-imagined,Hayes Valley,Unspecified,https://www.tech-week.com/calendar/sf/events/irl-events-re-imagined-aebd8b3e-24cd-4b52-a56f-3cfa2fd2f391,2026-09-24T03:24:10.256338Z
bceac512-fc80-45a6-8d8e-e109456d2dfe,2026-10-05,19:00,America/Los_Angeles,Kickoff DJ Set | A Masquerave™,SOMA,Unspecified,https://www.tech-week.com/calendar/sf/events/kickoff-dj-set-a-masqueravetm-bceac512-fc80-45a6-8d8e-e109456d2dfe,2026-09-24T03:24:10.256338Z
552d31a1-6dff-4d7d-ac1a-155d6356c9de,2026-10-05,19:00,America/Los_Angeles,NEXT.BIO 2026 - The AI x BIO Dev Summit -#StartUp Battlefield,Downtown,Unspecified,https://www.tech-week.com/calendar/sf/events/next-bio-2026-the-ai-x-bio-dev-summit-startup-battlefield-552d31a1-6dff-4d7d-ac1a-155d6356c9de,2026-09-24T03:24:10.256338Z
12921ad2-087e-4892-ac19-2fc019f376b6,2026-10-05,19:00,America/Los_Angeles,Roundtable Dinner: La Mesa Dinner by pygma & La Residencia,SOMA,Unspecified,https://www.tech-week.com/calendar/sf/events/roundtable-dinner-la-mesa-dinner-by-pygma-and-la-residencia-12921ad2-087e-4892-ac19-2fc019f376b6,2026-09-24T03:24:10.256338Z
6ad9316f-0502-48ac-8fa5-c8e39b7a3827,2026-10-05,19:00,America/Los_Angeles,Seed Stage Founder Mixer,Other,Unspecified,https://www.tech-week.com/calendar/sf/events/seed-stage-founder-mixer-6ad9316f-0502-48ac-8fa5-c8e39b7a3827,2026-09-24T03:24:10.256338Z
9607faf2-2830-49ae-9313-e674bc55404d,2026-10-05,19:00,America/Los_Angeles,Smash Bros & Agents Night,Duboce Triangle,Unspecified,https://www.tech-week.com/calendar/sf/events/smash-bros-and-agents-night-9607faf2-2830-49ae-9313-e674bc55404d,2026-09-24T03:24:10.256338Z
5ed14c99-f557-4088-8855-0280153aeac4,2026-10-05,19:00,America/Los_Angeles,Stablecoin Dinner,Downtown,Unspecified,https://www.tech-week.com/calendar/sf/events/stablecoin-dinner-5ed14c99-f557-4088-8855-0280153aeac4,2026-09-24T03:24:10.256338Z
37fe3524-afe4-4016-b478-3915fd196a84,2026-10-05,19:00,America/Los_Angeles,The Leap: From Executive to Founder (invite only),Mission,Unspecified,https://www.tech-week.com/calendar/sf/events/the-leap-from-executive-to-founder-invite-only-37fe3524-afe4-4016-b478-3915fd196a84,2026-09-24T03:24:10.256338Z
989d6da8-81d6-4aaa-b4ee-db5874a2d0bb,2026-10-05,20:00,America/Los_Angeles,"Flow with Timing: Morning Yoga, Meditation & Meaningful Connections",SOMA,Unspecified,https://www.tech-week.com/calendar/sf/events/flow-with-timing-morning-yoga-meditation-and-meaningful-connections-989d6da8-81d6-4aaa-b4ee-db5874a2d0bb,2026-09-24T03:24:10.256338Z
9be649c4-48aa-4065-9999-d5e40aa66ce0,2026-10-05,20:00,America/Los_Angeles,Murder Mystery,SOMA,Unspecified,https://www.tech-week.com/calendar/sf/events/murder-mystery-9be649c4-48aa-4065-9999-d5e40aa66ce0,2026-09-24T03:24:10.256338Z
e7c4daed-eecd-4d2a-907b-a80f82724e2d,2026-10-06,07:00,America/Los_Angeles,Coffee Before the Chaos,SOMA,Unspecified,https://www.tech-week.com/calendar/sf/events/coffee-before-the-chaos-e7c4daed-eecd-4d2a-907b-a80f82724e2d,2026-09-24T03:24:10.256338Z
0e7e1911-de7e-4068-af60-e6c906aba215,2026-10-06,07:00,America/Los_Angeles,Kick off RUN & bottomless coffee,Downtown,Unspecified,https://www.tech-week.com/calendar/sf/events/kick-off-run-and-bottomless-coffee-0e7e1911-de7e-4068-af60-e6c906aba215,2026-09-24T03:24:10.256338Z
ba2e0a27-15ba-4099-94fb-09b1c8a508f6,2026-10-06,07:00,America/Los_Angeles,Morning Run & Coffee with LTX & Reactor,Embarcadero,Unspecified,https://www.tech-week.com/calendar/sf/events/morning-run-and-coffee-with-ltx-and-reactor-ba2e0a27-15ba-4099-94fb-09b1c8a508f6,2026-09-24T03:24:10.256338Z
424d6926-ef68-4cd8-9a80-2405c729779b,2026-10-06,07:30,America/Los_Angeles,The Women’s Healthspan Lab: Pvolve + A Live Podcast on Hormones and Longevity with Clair Health,SOMA,Unspecified,https://www.tech-week.com/calendar/sf/events/the-women-s-healthspan-lab-pvolve-a-live-podcast-on-hormones-and-longevity-with-424d6926-ef68-4cd8-9a80-2405c729779b,2026-09-24T03:24:10.256338Z
9d7b208a-6447-43a2-a600-9686b1cd82b7,2026-10-06,08:00,America/Los_Angeles,a16z & Friends: Morning Bike Ride,Golden Gate Park,Unspecified,https://www.tech-week.com/calendar/sf/events/a16z-and-friends-morning-bike-ride-9d7b208a-6447-43a2-a600-9686b1cd82b7,2026-09-24T03:24:10.256338Z
03d0e8d8-6b9f-4688-a25c-e169e179502c,2026-10-06,08:00,America/Los_Angeles,Agent Run to Coffee,Downtown,Unspecified,https://www.tech-week.com/calendar/sf/events/agent-run-to-coffee-03d0e8d8-6b9f-4688-a25c-e169e179502c,2026-09-24T03:24:10.256338Z
ed342e1a-0ab0-4e25-9bc0-b1ef40ccca94,2026-10-06,08:00,America/Los_Angeles,Agents & Bagels: Breakfast meet up for agent builders,Downtown,Unspecified,https://www.tech-week.com/calendar/sf/events/agents-and-bagels-breakfast-meet-up-for-agent-builders-ed342e1a-0ab0-4e25-9bc0-b1ef40ccca94,2026-09-24T03:24:10.256338Z
5b9edb5a-cbc2-437a-9610-b17c2c26bbd5,2026-10-06,08:00,America/Los_Angeles,Claude Founder House,SOMA,Unspecified,https://www.tech-week.com/calendar/sf/events/claude-founder-house-5b9edb5a-cbc2-437a-9610-b17c2c26bbd5,2026-09-24T03:24:10.256338Z
555a8bb7-37b1-465d-909f-07d778f5d4a4,2026-10-06,08:00,America/Los_Angeles,CTO Breakfast,FiDi,Unspecified,https://www.tech-week.com/calendar/sf/events/cto-breakfast-555a8bb7-37b1-465d-909f-07d778f5d4a4,2026-09-24T03:24:10.256338Z
852a3dab-26fe-43bf-a56d-c6048450f71c,2026-10-06,08:00,America/Los_Angeles,Healing in Tech: Zen Wifi Space for The Soul,Palo Alto,Unspecified,https://www.tech-week.com/calendar/sf/events/healing-in-tech-zen-wifi-space-for-the-soul-852a3dab-26fe-43bf-a56d-c6048450f71c,2026-09-24T03:24:10.256338Z
30ccadac-e14e-474d-8b59-5695effd3abe,2026-10-06,08:00,America/Los_Angeles,Meet the Lab: Mistral,SOMA,Closed,https://www.tech-week.com/calendar/sf/events/meet-the-lab-mistral-30ccadac-e14e-474d-8b59-5695effd3abe,2026-09-24T03:24:10.256338Z
183b5100-5586-45e4-b6a6-14d2fb51bf75,2026-10-06,08:00,America/Los_Angeles,Morning Reset for Builders,Marina,Unspecified,https://www.tech-week.com/calendar/sf/events/morning-reset-for-builders-183b5100-5586-45e4-b6a6-14d2fb51bf75,2026-09-24T03:24:10.256338Z
33acf3cd-ea43-42df-8d22-9f12e18131d9,2026-10-06,08:00,America/Los_Angeles,Neural Concept WorkShop,Union Square,Unspecified,https://www.tech-week.com/calendar/sf/events/neural-concept-workshop-33acf3cd-ea43-42df-8d22-9f12e18131d9,2026-09-24T03:24:10.256338Z
f20d4064-92a6-463a-9a92-412b868ae024,2026-10-06,08:00,America/Los_Angeles,"The Hot Room Founders × Funders in Healthtech, AI & Marketplaces",SOMA,Unspecified,https://www.tech-week.com/calendar/sf/events/the-hot-room-founders-funders-in-healthtech-ai-and-marketplaces-f20d4064-92a6-463a-9a92-412b868ae024,2026-09-24T03:24:10.256338Z
067c3c37-db80-4c4c-ab94-af8c755d63d1,2026-10-06,08:30,America/Los_Angeles,[ARCHIVE] Gather & Pray: A Tech Week Kickoff for Faith-Driven Builders,SOMA,Closed,https://www.tech-week.com/calendar/sf/events/archive-gather-and-pray-a-tech-week-kickoff-for-faith-driven-builders-067c3c37-db80-4c4c-ab94-af8c755d63d1,2026-09-24T03:24:10.256338Z
9cd59794-b4fc-429a-9932-81efc8e76566,2026-10-06,08:30,America/Los_Angeles,Advancing Collaborative AI Drug Discovery,Mission Bay,Unspecified,https://www.tech-week.com/calendar/sf/events/advancing-collaborative-ai-drug-discovery-9cd59794-b4fc-429a-9932-81efc8e76566,2026-09-24T03:24:10.256338Z
48474a8f-aa3d-4f2d-a843-2b37673de969,2026-10-06,08:30,America/Los_Angeles,AI Marketing for Founders with Coffee,SOMA,Unspecified,https://www.tech-week.com/calendar/sf/events/ai-marketing-for-founders-with-coffee-48474a8f-aa3d-4f2d-a843-2b37673de969,2026-09-24T03:24:10.256338Z
698150c2-96e2-4234-b120-4505d01d3dbd,2026-10-06,08:30,America/Los_Angeles,Builder Book Club,Embarcadero,Unspecified,https://www.tech-week.com/calendar/sf/events/builder-book-club-698150c2-96e2-4234-b120-4505d01d3dbd,2026-09-24T03:24:10.256338Z
8d0815f7-44a4-4046-a675-a6860655d45e,2026-10-06,08:30,America/Los_Angeles,Eatopia Breakfast Lab: Build your nutrition protocol,Dogpatch,Unspecified,https://www.tech-week.com/calendar/sf/events/eatopia-breakfast-lab-build-your-nutrition-protocol-8d0815f7-44a4-4046-a675-a6860655d45e,2026-09-24T03:24:10.256338Z
55659149-4632-4c79-9de7-fe6044e96177,2026-10-06,08:30,America/Los_Angeles,Founder Fuel: Brex + DoorDash for Business #SFTW,FiDi,Unspecified,https://www.tech-week.com/calendar/sf/events/founder-fuel-brex-doordash-for-business-sftw-55659149-4632-4c79-9de7-fe6044e96177,2026-09-24T03:24:10.256338Z
53d63e38-343b-418d-906c-5f72a334174f,2026-10-06,08:30,America/Los_Angeles,Founders Flow,FiDi,Unspecified,https://www.tech-week.com/calendar/sf/events/founders-flow-53d63e38-343b-418d-906c-5f72a334174f,2026-09-24T03:24:10.256338Z
97a07fa2-1b95-437e-8bea-899863ac9a1b,2026-10-06,08:30,America/Los_Angeles,How AI Is Transforming the Physical World - Breakfast Panel,FiDi,Unspecified,https://www.tech-week.com/calendar/sf/events/how-ai-is-transforming-the-physical-world-breakfast-panel-97a07fa2-1b95-437e-8bea-899863ac9a1b,2026-09-24T03:24:10.256338Z
b04968c9-e5f2-4e3b-8f94-27e86b8176a9,2026-10-06,08:30,America/Los_Angeles,Omakase for Builders: A Breakfast,Mission,Unspecified,https://www.tech-week.com/calendar/sf/events/omakase-for-builders-a-breakfast-b04968c9-e5f2-4e3b-8f94-27e86b8176a9,2026-09-24T03:24:10.256338Z
6543efbe-22a0-4d35-94cc-776c25a6f7fe,2026-10-06,08:30,America/Los_Angeles,Partner2Partner VC Breakfast with 8VC & Alpha Partners,Embarcadero,Unspecified,https://www.tech-week.com/calendar/sf/events/partner2partner-vc-breakfast-with-8vc-and-alpha-partners-6543efbe-22a0-4d35-94cc-776c25a6f7fe,2026-09-24T03:24:10.256338Z
883a9ed2-1608-4c8e-aa39-657908295460,2026-10-06,08:30,America/Los_Angeles,Silicon Valley-APAC Industrial Innovation Bridge,SOMA,Unspecified,https://www.tech-week.com/calendar/sf/events/silicon-valley-apac-industrial-innovation-bridge-883a9ed2-1608-4c8e-aa39-657908295460,2026-09-24T03:24:10.256338Z
fe4347ab-7b85-4710-aa88-27505e14426d,2026-10-06,08:30,America/Los_Angeles,The Next Big AI Bet? District.org Investor Breakfast,Downtown,Unspecified,https://www.tech-week.com/calendar/sf/events/the-next-big-ai-bet-district-org-investor-breakfast-fe4347ab-7b85-4710-aa88-27505e14426d,2026-09-24T03:24:10.256338Z
6f85c526-c7b3-4700-b2bd-6f9356ba6a18,2026-10-06,08:30,America/Los_Angeles,This Week in Fintech x SVB: SF Fintech Coffee,Downtown,Unspecified,https://www.tech-week.com/calendar/sf/events/this-week-in-fintech-x-svb-sf-fintech-coffee-6f85c526-c7b3-4700-b2bd-6f9356ba6a18,2026-09-24T03:24:10.256338Z
7e1dc690-372c-41c7-bb7e-ce2afdec3123,2026-10-06,08:30,America/Los_Angeles,Women's Board-Walk,Other,Unspecified,https://www.tech-week.com/calendar/sf/events/women-s-board-walk-7e1dc690-372c-41c7-bb7e-ce2afdec3123,2026-09-24T03:24:10.256338Z
498dba8b-4554-4f04-b716-15f58656980e,2026-10-06,09:00,America/Los_Angeles,Australia House - Australia's Deep Tech Edge,Embarcadero,Unspecified,https://www.tech-week.com/calendar/sf/events/australia-house-australia-s-deep-tech-edge-498dba8b-4554-4f04-b716-15f58656980e,2026-09-24T03:24:10.256338Z
edbbdba3-5c38-4878-b491-34bebad84396,2026-10-06,09:00,America/Los_Angeles,Coffee and Cockroaches,Union Square,Unspecified,https://www.tech-week.com/calendar/sf/events/coffee-and-cockroaches-edbbdba3-5c38-4878-b491-34bebad84396,2026-09-24T03:24:10.256338Z
ef3a337f-9726-495b-9010-e5747e8e8881,2026-10-06,09:00,America/Los_Angeles,Constructing the AI Economy,Downtown,Unspecified,https://www.tech-week.com/calendar/sf/events/constructing-the-ai-economy-ef3a337f-9726-495b-9010-e5747e8e8881,2026-09-24T03:24:10.256338Z
23dffd4a-626b-4967-a52c-888584100892,2026-10-06,09:00,America/Los_Angeles,CPO & Talent AMA,Virtual,Unspecified,https://www.tech-week.com/calendar/sf/events/cpo-and-talent-ama-23dffd4a-626b-4967-a52c-888584100892,2026-09-24T03:24:10.256338Z
8f7d48c9-1e3d-454d-b49c-98b441fe660d,2026-10-06,09:00,America/Los_Angeles,devtool founders coffee & waffles,Pacific Heights,Unspecified,https://www.tech-week.com/calendar/sf/events/devtool-founders-coffee-and-waffles-8f7d48c9-1e3d-454d-b49c-98b441fe660d,2026-09-24T03:24:10.256338Z
2bdb80da-df0f-4a90-9cba-d9329ca39fdb,2026-10-06,09:00,America/Los_Angeles,Digital Asset Strategy Roundtable,Presidio Heights,Unspecified,https://www.tech-week.com/calendar/sf/events/digital-asset-strategy-roundtable-2bdb80da-df0f-4a90-9cba-d9329ca39fdb,2026-09-24T03:24:10.256338Z
95c749a5-cdbc-4da5-a121-8b8dea970942,2026-10-06,09:00,America/Los_Angeles,Founder x VC Golden Gate Bridge Power Walk,Marina,Unspecified,https://www.tech-week.com/calendar/sf/events/founder-x-vc-golden-gate-bridge-power-walk-95c749a5-cdbc-4da5-a121-8b8dea970942,2026-09-24T03:24:10.256338Z
35170784-d36b-422e-b3dc-9b20ba4dddc9,2026-10-06,09:00,America/Los_Angeles,Future of AI in Peace & War: Demo Day (with Civic Health Project),Civic Center,Unspecified,https://www.tech-week.com/calendar/sf/events/future-of-ai-in-peace-and-war-demo-day-with-civic-health-project-35170784-d36b-422e-b3dc-9b20ba4dddc9,2026-09-24T03:24:10.256338Z
191f7886-e75c-4f3c-a7c9-427e00fb0429,2026-10-06,09:00,America/Los_Angeles,Inside the Executive Suite - Ask Me Anything,SOMA,Unspecified,https://www.tech-week.com/calendar/sf/events/inside-the-executive-suite-ask-me-anything-191f7886-e75c-4f3c-a7c9-427e00fb0429,2026-09-24T03:24:10.256338Z
c018379f-c6db-4695-b279-9e2486b88c5a,2026-10-06,09:00,America/Los_Angeles,"Investor Founder Breakfast: Raisi, Seed2Table, + Frontier Tower",Union Square,Unspecified,https://www.tech-week.com/calendar/sf/events/investor-founder-breakfast-raisi-seed2table-frontier-tower-c018379f-c6db-4695-b279-9e2486b88c5a,2026-09-24T03:24:10.256338Z
ad8fa744-875a-4746-9901-6d9e3fab9a95,2026-10-06,09:00,America/Los_Angeles,Made in SF: Breakfast Burritos & Hardware,Mission,Unspecified,https://www.tech-week.com/calendar/sf/events/made-in-sf-breakfast-burritos-and-hardware-ad8fa744-875a-4746-9901-6d9e3fab9a95,2026-09-24T03:24:10.256338Z
6e44ce68-7428-456e-8adc-362014021ac4,2026-10-06,09:00,America/Los_Angeles,"Make Content, Not Excuses",Mission,Unspecified,https://www.tech-week.com/calendar/sf/events/make-content-not-excuses-6e44ce68-7428-456e-8adc-362014021ac4,2026-09-24T03:24:10.256338Z
843f4dd8-3971-496e-98de-8d7ab59396fa,2026-10-06,09:00,America/Los_Angeles,Matched by NEXA - SF Quest Week,FiDi,Unspecified,https://www.tech-week.com/calendar/sf/events/matched-by-nexa-sf-quest-week-843f4dd8-3971-496e-98de-8d7ab59396fa,2026-09-24T03:24:10.256338Z
10f17797-d76c-4a99-89b2-13f9e090d8b6,2026-10-06,09:00,America/Los_Angeles,Morning Mixer @ Maiden Lane,FiDi,Unspecified,https://www.tech-week.com/calendar/sf/events/morning-mixer-maiden-lane-10f17797-d76c-4a99-89b2-13f9e090d8b6,2026-09-24T03:24:10.256338Z
ec510a01-ff2a-4e28-8492-6148235e9801,2026-10-06,09:00,America/Los_Angeles,SHIPPED SF,Embarcadero,Unspecified,https://www.tech-week.com/calendar/sf/events/shipped-sf-ec510a01-ff2a-4e28-8492-6148235e9801,2026-09-24T03:24:10.256338Z
8578f108-1960-497b-9f38-4208877c7016,2026-10-06,09:00,America/Los_Angeles,The Datology Drip,SOMA,Unspecified,https://www.tech-week.com/calendar/sf/events/the-datology-drip-8578f108-1960-497b-9f38-4208877c7016,2026-09-24T03:24:10.256338Z
9253976f-74fe-428e-89a2-29ff0797f6fc,2026-10-06,09:00,America/Los_Angeles,YOUR NEXT GROWTH HIRE,SOMA,Unspecified,https://www.tech-week.com/calendar/sf/events/your-next-growth-hire-9253976f-74fe-428e-89a2-29ff0797f6fc,2026-09-24T03:24:10.256338Z
16482ccc-d51a-4628-833c-fce210d6f7b4,2026-10-06,09:30,America/Los_Angeles,Breaking Things: An Off-the-Record AI Delivery Brunch,Downtown,Unspecified,https://www.tech-week.com/calendar/sf/events/breaking-things-an-off-the-record-ai-delivery-brunch-16482ccc-d51a-4628-833c-fce210d6f7b4,2026-09-24T03:24:10.256338Z
95edae68-23dd-4029-b65e-cab721526286,2026-10-06,09:30,America/Los_Angeles,Building Teams That Cross Borders: Insights on Mobility and Expansion,Mission,Unspecified,https://www.tech-week.com/calendar/sf/events/building-teams-that-cross-borders-insights-on-mobility-and-expansion-95edae68-23dd-4029-b65e-cab721526286,2026-09-24T03:24:10.256338Z
d6d2288e-e702-4400-a0ef-d4c9a5d77273,2026-10-06,09:30,America/Los_Angeles,Built World Breakfast,Embarcadero,Unspecified,https://www.tech-week.com/calendar/sf/events/built-world-breakfast-d6d2288e-e702-4400-a0ef-d4c9a5d77273,2026-09-24T03:24:10.256338Z
2006e8ee-f8da-4d75-b009-a040305cb7a5,2026-10-06,09:30,America/Los_Angeles,Consumer AI Showcase: Live Demos & A Panel on The Retention Playbook - #SF TechWeek,Union Square,Unspecified,https://www.tech-week.com/calendar/sf/events/consumer-ai-showcase-live-demos-and-a-panel-on-the-retention-playbook-sf-techwee-2006e8ee-f8da-4d75-b009-a040305cb7a5,2026-09-24T03:24:10.256338Z
b5a4752c-25c7-4ca3-8c6f-a65f33f60c5e,2026-10-06,09:30,America/Los_Angeles,Early-Stage B2B Tech Founders & Funders Breakfast,SOMA,Unspecified,https://www.tech-week.com/calendar/sf/events/early-stage-b2b-tech-founders-and-funders-breakfast-b5a4752c-25c7-4ca3-8c6f-a65f33f60c5e,2026-09-24T03:24:10.256338Z
07c0f54a-3461-45bc-b8c8-271d00d538e8,2026-10-06,09:30,America/Los_Angeles,Founder Circle | A Group Coaching Experience,Downtown,Waitlist,https://www.tech-week.com/calendar/sf/events/founder-circle-a-group-coaching-experience-07c0f54a-3461-45bc-b8c8-271d00d538e8,2026-09-24T03:24:10.256338Z
b8ad61d1-0cb8-4d07-bf6b-8aacafcb8c60,2026-10-06,09:30,America/Los_Angeles,Google for Startups: Engineering 10x with Dr. Astro Teller and Google DeepMind,SOMA,Unspecified,https://www.tech-week.com/calendar/sf/events/google-for-startups-engineering-10x-with-dr-astro-teller-and-google-deepmind-b8ad61d1-0cb8-4d07-bf6b-8aacafcb8c60,2026-09-24T03:24:10.256338Z
fe324699-2bcf-4c4b-9be7-c2dd6c45a2e1,2026-10-06,09:30,America/Los_Angeles,Made in SF: Breakfast Burritos & Hardware,SOMA,Unspecified,https://www.tech-week.com/calendar/sf/events/made-in-sf-breakfast-burritos-and-hardware-fe324699-2bcf-4c4b-9be7-c2dd6c45a2e1,2026-09-24T03:24:10.256338Z
fe12cc9c-d6f9-4fad-837b-8756d8d749fb,2026-10-06,09:30,America/Los_Angeles,TECH WEEK: Knowledge Twins — a Swiss breakfast on private memory for agents # SFTechWeek,Downtown,Unspecified,https://www.tech-week.com/calendar/sf/events/tech-week-knowledge-twins-a-swiss-breakfast-on-private-memory-for-agents-sftechw-fe12cc9c-d6f9-4fad-837b-8756d8d749fb,2026-09-24T03:24:10.256338Z
952c8d28-9ad9-4735-b3f5-3ce484fb9531,2026-10-06,09:45,America/Los_Angeles,rollcall.work | Certn : Padel & Coffee,Embarcadero,Unspecified,https://www.tech-week.com/calendar/sf/events/rollcall-work-certn-padel-and-coffee-952c8d28-9ad9-4735-b3f5-3ce484fb9531,2026-09-24T03:24:10.256338Z
33807f99-052c-47f2-ac43-1fb4a8fb82c3,2026-10-06,10:00,America/Los_Angeles,AI Got Faster? We Audited our own PRs & Tickets - it wasn’t pretty! Yours Probably Won't Be Either,Downtown,Unspecified,https://www.tech-week.com/calendar/sf/events/ai-got-faster-we-audited-our-own-prs-and-tickets-it-wasn-t-pretty-yours-probably-33807f99-052c-47f2-ac43-1fb4a8fb82c3,2026-09-24T03:24:10.256338Z
c325f3f2-cf97-433d-a51d-1e146f2ac97b,2026-10-06,10:00,America/Los_Angeles,AI Visionaries Forum,FiDi,Unspecified,https://www.tech-week.com/calendar/sf/events/ai-visionaries-forum-c325f3f2-cf97-433d-a51d-1e146f2ac97b,2026-09-24T03:24:10.256338Z
72f1b647-7110-41ce-8970-50a98f772936,2026-10-06,10:00,America/Los_Angeles,Bollywood Dance Workshop for Founders and Funders,SOMA,Unspecified,https://www.tech-week.com/calendar/sf/events/bollywood-dance-workshop-for-founders-and-funders-72f1b647-7110-41ce-8970-50a98f772936,2026-09-24T03:24:10.256338Z
e0152352-0f0b-41f4-bfff-c57a6ba2388c,2026-10-06,10:00,America/Los_Angeles,Building Products That Scale Globally,Downtown,Unspecified,https://www.tech-week.com/calendar/sf/events/building-products-that-scale-globally-e0152352-0f0b-41f4-bfff-c57a6ba2388c,2026-09-24T03:24:10.256338Z
cb12342b-28c7-45ee-9fb1-1849a9360410,2026-10-06,10:00,America/Los_Angeles,Built on Her Terms: Lovable + Wispr Flow brunch discussion,Downtown,Unspecified,https://www.tech-week.com/calendar/sf/events/built-on-her-terms-lovable-wispr-flow-brunch-discussion-cb12342b-28c7-45ee-9fb1-1849a9360410,2026-09-24T03:24:10.256338Z
47f98fbf-42aa-40b7-85cc-f994976a6b91,2026-10-06,10:00,America/Los_Angeles,California AI Laws & Regulations,Golden Gate Park,Waitlist,https://www.tech-week.com/calendar/sf/events/california-ai-laws-and-regulations-47f98fbf-42aa-40b7-85cc-f994976a6b91,2026-09-24T03:24:10.256338Z
516a4887-0451-40db-bc98-b957db8e60e1,2026-10-06,10:00,America/Los_Angeles,Conversational AI x Gaming Hackathon,Downtown,Unspecified,https://www.tech-week.com/calendar/sf/events/conversational-ai-x-gaming-hackathon-516a4887-0451-40db-bc98-b957db8e60e1,2026-09-24T03:24:10.256338Z
b319e89e-b97c-4741-9bdd-78605ae6f539,2026-10-06,10:00,America/Los_Angeles,Founders and Finders coffee shop cowork,SOMA,Unspecified,https://www.tech-week.com/calendar/sf/events/founders-and-finders-coffee-shop-cowork-b319e89e-b97c-4741-9bdd-78605ae6f539,2026-09-24T03:24:10.256338Z
b1a1a367-99db-462f-8518-97b34fd15e10,2026-10-06,10:00,America/Los_Angeles,Founders Capital Summit,FiDi,Unspecified,https://www.tech-week.com/calendar/sf/events/founders-capital-summit-b1a1a367-99db-462f-8518-97b34fd15e10,2026-09-24T03:24:10.256338Z
ef78aff7-82a1-49a6-837f-df412b2ec6a4,2026-10-06,10:00,America/Los_Angeles,From Marketing Innovation to Enterprise Impact,SOMA,Unspecified,https://www.tech-week.com/calendar/sf/events/from-marketing-innovation-to-enterprise-impact-ef78aff7-82a1-49a6-837f-df412b2ec6a4,2026-09-24T03:24:10.256338Z
69d6cb26-a3b9-4c31-8270-28eb40e3ae98,2026-10-06,10:00,America/Los_Angeles,Humans + Agents: Building the Support Stack,Downtown,Unspecified,https://www.tech-week.com/calendar/sf/events/humans-agents-building-the-support-stack-69d6cb26-a3b9-4c31-8270-28eb40e3ae98,2026-09-24T03:24:10.256338Z
26d84245-e472-4fd5-b867-456576198af3,2026-10-06,10:00,America/Los_Angeles,Mercury Bookstore,Jackson Square,Unspecified,https://www.tech-week.com/calendar/sf/events/mercury-bookstore-26d84245-e472-4fd5-b867-456576198af3,2026-09-24T03:24:10.256338Z
ecfcf859-a9cc-4056-8cb2-5eff78265866,2026-10-06,10:00,America/Los_Angeles,Quantum for San Francisco's Hardest Problems,SOMA,Unspecified,https://www.tech-week.com/calendar/sf/events/quantum-for-san-francisco-s-hardest-problems-ecfcf859-a9cc-4056-8cb2-5eff78265866,2026-09-24T03:24:10.256338Z
f1435541-678a-4cec-9f5a-3e5ab7c1fd15,2026-10-06,10:00,America/Los_Angeles,The Great SDR Debate: Hire or Replace?,FiDi,Unspecified,https://www.tech-week.com/calendar/sf/events/the-great-sdr-debate-hire-or-replace-f1435541-678a-4cec-9f5a-3e5ab7c1fd15,2026-09-24T03:24:10.256338Z
47e215f4-e8f9-4d81-9db5-d885f280dcb6,2026-10-06,10:00,America/Los_Angeles,The Week AI Hacked Its Makers: How to Avoid Being Next,Virtual,Unspecified,https://www.tech-week.com/calendar/sf/events/the-week-ai-hacked-its-makers-how-to-avoid-being-next-47e215f4-e8f9-4d81-9db5-d885f280dcb6,2026-09-24T03:24:10.256338Z
354cf0a8-c4bb-41ea-b2ec-29314451f357,2026-10-06,10:30,America/Los_Angeles,Biotech/Deep Tech Pitch Clinic,Virtual,Unspecified,https://www.tech-week.com/calendar/sf/events/biotech-deep-tech-pitch-clinic-354cf0a8-c4bb-41ea-b2ec-29314451f357,2026-09-24T03:24:10.256338Z
b4036066-57ec-4421-a9d6-ad9b2b1c512d,2026-10-06,10:30,America/Los_Angeles,Pink Out! Marketing Fireside Chat: Earning Loyalty,Mission,Unspecified,https://www.tech-week.com/calendar/sf/events/pink-out-marketing-fireside-chat-earning-loyalty-b4036066-57ec-4421-a9d6-ad9b2b1c512d,2026-09-24T03:24:10.256338Z
f8e2d326-2d04-496d-8818-52a01ba8b16d,2026-10-06,11:00,America/Los_Angeles,AI Has Changed the Economics of Going Global. Is Your Growing Startup Ready? - Why and How?,FiDi,Unspecified,https://www.tech-week.com/calendar/sf/events/ai-has-changed-the-economics-of-going-global-is-your-growing-startup-ready-why-a-f8e2d326-2d04-496d-8818-52a01ba8b16d,2026-09-24T03:24:10.256338Z
cebbb057-ebd9-46dd-95cd-5f4e431c4436,2026-10-06,11:00,America/Los_Angeles,AI in Production Environment,Other,Unspecified,https://www.tech-week.com/calendar/sf/events/ai-in-production-environment-cebbb057-ebd9-46dd-95cd-5f4e431c4436,2026-09-24T03:24:10.256338Z
6288fb3c-1d2e-4c72-b8db-d9847f76dfa4,2026-10-06,11:00,America/Los_Angeles,AI Infra: Fundraising at the Foundation,Dogpatch,Unspecified,https://www.tech-week.com/calendar/sf/events/ai-infra-fundraising-at-the-foundation-6288fb3c-1d2e-4c72-b8db-d9847f76dfa4,2026-09-24T03:24:10.256338Z
21ee60e3-759f-457c-ac41-9fd156a14ad8,2026-10-06,11:00,America/Los_Angeles,Apollo GTM 90s Workout: in the Park,Embarcadero,Unspecified,https://www.tech-week.com/calendar/sf/events/apollo-gtm-90s-workout-in-the-park-21ee60e3-759f-457c-ac41-9fd156a14ad8,2026-09-24T03:24:10.256338Z
a7ca9a1e-651a-4545-a345-ff24ca599bfe,2026-10-06,11:00,America/Los_Angeles,Bizora Brews Live: Inside the AI Native Back Office,Rincon Hill,Unspecified,https://www.tech-week.com/calendar/sf/events/bizora-brews-live-inside-the-ai-native-back-office-a7ca9a1e-651a-4545-a345-ff24ca599bfe,2026-09-24T03:24:10.256338Z
2815b4a3-d50f-4568-8fcc-172cc55d3a4c,2026-10-06,11:00,America/Los_Angeles,Brain Fuel Pop Up,Other,Unspecified,https://www.tech-week.com/calendar/sf/events/brain-fuel-pop-up-2815b4a3-d50f-4568-8fcc-172cc55d3a4c,2026-09-24T03:24:10.256338Z
a9614c67-3cf9-4cdc-ba0d-ab712d38859a,2026-10-06,11:00,America/Los_Angeles,Every Action Is Checked: Governing AI Agents in Regulated Environments,Virtual,Unspecified,https://www.tech-week.com/calendar/sf/events/every-action-is-checked-governing-ai-agents-in-regulated-environments-a9614c67-3cf9-4cdc-ba0d-ab712d38859a,2026-09-24T03:24:10.256338Z
981c3c48-557a-46d5-b0ff-a70ca9aff77d,2026-10-06,11:00,America/Los_Angeles,Hiring Event: Scale the Future of mmWave Tech with Elve,South Beach,Unspecified,https://www.tech-week.com/calendar/sf/events/hiring-event-scale-the-future-of-mmwave-tech-with-elve-981c3c48-557a-46d5-b0ff-a70ca9aff77d,2026-09-24T03:24:10.256338Z
bf1c4c54-29a3-4ae3-a6fd-5587e067b2c4,2026-10-06,11:00,America/Los_Angeles,Investors at the Cutting Edge - GP/LP Luncheon (Deep Tech),Other,Unspecified,https://www.tech-week.com/calendar/sf/events/investors-at-the-cutting-edge-gp-lp-luncheon-deep-tech-bf1c4c54-29a3-4ae3-a6fd-5587e067b2c4,2026-09-24T03:24:10.256338Z
adb6d32b-27a1-4492-bd83-7240e7e03950,2026-10-06,11:00,America/Los_Angeles,Queer Founders and Investors - History of the Castro and Coffee,Castro,Unspecified,https://www.tech-week.com/calendar/sf/events/queer-founders-and-investors-history-of-the-castro-and-coffee-adb6d32b-27a1-4492-bd83-7240e7e03950,2026-09-24T03:24:10.256338Z
fb39d84c-3017-46bd-8b68-a4d499b74751,2026-10-06,11:00,America/Los_Angeles,Techonomy26,Union Square,Unspecified,https://www.tech-week.com/calendar/sf/events/techonomy26-fb39d84c-3017-46bd-8b68-a4d499b74751,2026-09-24T03:24:10.256338Z
8a16e53a-b118-493d-bfd2-b0893d518417,2026-10-06,11:00,America/Los_Angeles,"TFOT: Global Innovation Showcase Deep Tech, Dual Tech, Proptech, Web3 at War Memorial",Civic Center,Unspecified,https://www.tech-week.com/calendar/sf/events/tfot-global-innovation-showcase-deep-tech-dual-tech-proptech-web3-at-war-memoria-8a16e53a-b118-493d-bfd2-b0893d518417,2026-09-24T03:24:10.256338Z
ba55b71a-1881-45c4-aaad-02c2800533f9,2026-10-06,11:00,America/Los_Angeles,The Ventures Startup Award San Francisco 2026,Downtown,Unspecified,https://www.tech-week.com/calendar/sf/events/the-ventures-startup-award-san-francisco-2026-ba55b71a-1881-45c4-aaad-02c2800533f9,2026-09-24T03:24:10.256338Z
43532d8d-adb2-4d44-a880-99af93e75e59,2026-10-06,11:00,America/Los_Angeles,"Unstable Foundations: The Future Stack - Power, Compute, and Physical AI",FiDi,Unspecified,https://www.tech-week.com/calendar/sf/events/unstable-foundations-the-future-stack-power-compute-and-physical-ai-43532d8d-adb2-4d44-a880-99af93e75e59,2026-09-24T03:24:10.256338Z
a49682f6-9594-4aa4-875e-21a2ee941c86,2026-10-06,11:00,America/Los_Angeles,Voice AI in the Wild -- Demos & Lunch with Vonage + Deepgram,FiDi,Unspecified,https://www.tech-week.com/calendar/sf/events/voice-ai-in-the-wild-demos-and-lunch-with-vonage-deepgram-a49682f6-9594-4aa4-875e-21a2ee941c86,2026-09-24T03:24:10.256338Z
0dbcd944-7e8f-4ed3-8176-d722f6ea9b2f,2026-10-06,11:00,America/Los_Angeles,What Breaks When You Scale: The Hidden HR Risks of Growth,Virtual,Unspecified,https://www.tech-week.com/calendar/sf/events/what-breaks-when-you-scale-the-hidden-hr-risks-of-growth-0dbcd944-7e8f-4ed3-8176-d722f6ea9b2f,2026-09-24T03:24:10.256338Z
b84fe51a-7744-4791-9ff6-3eeeddb9fe91,2026-10-06,11:30,America/Los_Angeles,The New Exit Playbook: State of the Market for Startup Acquisitions,FiDi,Unspecified,https://www.tech-week.com/calendar/sf/events/the-new-exit-playbook-state-of-the-market-for-startup-acquisitions-b84fe51a-7744-4791-9ff6-3eeeddb9fe91,2026-09-24T03:24:10.256338Z
0533ceaf-4ca0-4975-a036-d7fbb1fed2b0,2026-10-06,11:30,America/Los_Angeles,The New Skin Cancer Stack,FiDi,Unspecified,https://www.tech-week.com/calendar/sf/events/the-new-skin-cancer-stack-0533ceaf-4ca0-4975-a036-d7fbb1fed2b0,2026-09-24T03:24:10.256338Z
ee99ff21-da56-40bd-837e-4ad9ce394b24,2026-10-06,12:00,America/Los_Angeles,"Agents, Automation & Ambition: Upstarts x Airwallex x Vanta",FiDi,Unspecified,https://www.tech-week.com/calendar/sf/events/agents-automation-and-ambition-upstarts-x-airwallex-x-vanta-ee99ff21-da56-40bd-837e-4ad9ce394b24,2026-09-24T03:24:10.256338Z
51ab7e94-282c-4a8b-abf2-ee122659720d,2026-10-06,12:00,America/Los_Angeles,Beyond Founder-Led Sales,Downtown,Unspecified,https://www.tech-week.com/calendar/sf/events/beyond-founder-led-sales-51ab7e94-282c-4a8b-abf2-ee122659720d,2026-09-24T03:24:10.256338Z
12faac27-9c41-4eae-a8e9-ac6ffcea6f53,2026-10-06,12:00,America/Los_Angeles,DevTools Drink Up 💻🍕🍩🍸🥃 // Depot x Inference,FiDi,Unspecified,https://www.tech-week.com/calendar/sf/events/devtools-drink-up-depot-x-inference-12faac27-9c41-4eae-a8e9-ac6ffcea6f53,2026-09-24T03:24:10.256338Z
91ec045f-342a-4c4a-8987-d03d021ecb34,2026-10-06,12:00,America/Los_Angeles,"Exit Planning - Trust & Estate Planning, Tax Loss Harvesting, & More",Virtual,Unspecified,https://www.tech-week.com/calendar/sf/events/exit-planning-trust-and-estate-planning-tax-loss-harvesting-and-more-91ec045f-342a-4c4a-8987-d03d021ecb34,2026-09-24T03:24:10.256338Z
0bfde2ee-0ea1-4cf0-a783-773e9a5aa994,2026-10-06,12:00,America/Los_Angeles,Fine Tuning Your (Software) Factory Settings,FiDi,Unspecified,https://www.tech-week.com/calendar/sf/events/fine-tuning-your-software-factory-settings-0bfde2ee-0ea1-4cf0-a783-773e9a5aa994,2026-09-24T03:24:10.256338Z
a15422ee-f74d-463f-bc3d-31868c58f7d9,2026-10-06,12:00,America/Los_Angeles,Fintech CFO Office Hours,Embarcadero,Unspecified,https://www.tech-week.com/calendar/sf/events/fintech-cfo-office-hours-a15422ee-f74d-463f-bc3d-31868c58f7d9,2026-09-24T03:24:10.256338Z
4e3c4998-9e7b-4140-9de5-2a38af691281,2026-10-06,12:00,America/Los_Angeles,Founder Lunch Club w/ Fin and Stripe,Dogpatch,Unspecified,https://www.tech-week.com/calendar/sf/events/founder-lunch-club-w-fin-and-stripe-4e3c4998-9e7b-4140-9de5-2a38af691281,2026-09-24T03:24:10.256338Z
83c67fd2-8866-4482-a2d3-2a54f89c003b,2026-10-06,12:00,America/Los_Angeles,"Future Finance Forum: Live Code DJ, Finance Hot Takes & Fintech Coworking",SOMA,Unspecified,https://www.tech-week.com/calendar/sf/events/future-finance-forum-live-code-dj-finance-hot-takes-and-fintech-coworking-83c67fd2-8866-4482-a2d3-2a54f89c003b,2026-09-24T03:24:10.256338Z
d234e0de-a248-45dd-bd8d-339354f8ac92,2026-10-06,12:00,America/Los_Angeles,Future Solutions for Datacenters,FiDi,Unspecified,https://www.tech-week.com/calendar/sf/events/future-solutions-for-datacenters-d234e0de-a248-45dd-bd8d-339354f8ac92,2026-09-24T03:24:10.256338Z
18e1f83c-42a1-4555-982d-7596154cc48c,2026-10-06,12:00,America/Los_Angeles,LUNCH&LEARN: BUILDING A FOUNDER BRAND,Downtown,Unspecified,https://www.tech-week.com/calendar/sf/events/lunch-and-learn-building-a-founder-brand-18e1f83c-42a1-4555-982d-7596154cc48c,2026-09-24T03:24:10.256338Z
c803ffa8-adf4-43a6-abbd-986bdceb69d4,2026-10-06,12:00,America/Los_Angeles,Power Lunch - Live Podcast Recording at #SF TechWeek,Downtown,Unspecified,https://www.tech-week.com/calendar/sf/events/power-lunch-live-podcast-recording-at-sf-techweek-c803ffa8-adf4-43a6-abbd-986bdceb69d4,2026-09-24T03:24:10.256338Z
d49190c3-7b25-4209-976a-fd984f96ab41,2026-10-06,12:00,America/Los_Angeles,"Proof of Human: When everything can be generated, what makes it worth believing?",FiDi,Unspecified,https://www.tech-week.com/calendar/sf/events/proof-of-human-when-everything-can-be-generated-what-makes-it-worth-believing-d49190c3-7b25-4209-976a-fd984f96ab41,2026-09-24T03:24:10.256338Z
e5d0da3d-c2f9-4502-9da7-ec7d63b3ebdc,2026-10-06,12:00,America/Los_Angeles,Scaling Internationally Without Creating a Mess,FiDi,Unspecified,https://www.tech-week.com/calendar/sf/events/scaling-internationally-without-creating-a-mess-e5d0da3d-c2f9-4502-9da7-ec7d63b3ebdc,2026-09-24T03:24:10.256338Z
35b24bc0-3b37-445b-8d85-53618701a70c,2026-10-06,12:00,America/Los_Angeles,Sustainable AI for Practitioners: A Collaborative Workshop,FiDi,Unspecified,https://www.tech-week.com/calendar/sf/events/sustainable-ai-for-practitioners-a-collaborative-workshop-35b24bc0-3b37-445b-8d85-53618701a70c,2026-09-24T03:24:10.256338Z
b4f0a705-eebd-48b3-9f05-e5b17680ac4a,2026-10-06,12:00,America/Los_Angeles,The AI Line Cook Challenge: Build Your Own Lunch with Nectao,Mission,Unspecified,https://www.tech-week.com/calendar/sf/events/the-ai-line-cook-challenge-build-your-own-lunch-with-nectao-b4f0a705-eebd-48b3-9f05-e5b17680ac4a,2026-09-24T03:24:10.256338Z
82937c86-b49a-49fb-9609-1b2579b662cb,2026-10-06,12:00,America/Los_Angeles,The Builder's Table with Adobe for Startups,Mission,Unspecified,https://www.tech-week.com/calendar/sf/events/the-builder-s-table-with-adobe-for-startups-82937c86-b49a-49fb-9609-1b2579b662cb,2026-09-24T03:24:10.256338Z
16377d5e-b7e0-4138-8871-48d539cffa3b,2026-10-06,12:00,America/Los_Angeles,Voice & Chill Ice Cream Truck,Jackson Square,Unspecified,https://www.tech-week.com/calendar/sf/events/voice-and-chill-ice-cream-truck-16377d5e-b7e0-4138-8871-48d539cffa3b,2026-09-24T03:24:10.256338Z
491f2d99-080d-4d6c-a95a-e25d2f5f5f8c,2026-10-06,12:30,America/Los_Angeles,Launch Your Observability Mission with Dynatrace & AWS,SOMA,Unspecified,https://www.tech-week.com/calendar/sf/events/launch-your-observability-mission-with-dynatrace-and-aws-491f2d99-080d-4d6c-a95a-e25d2f5f5f8c,2026-09-24T03:24:10.256338Z
0a61c61c-2492-4ed6-8b8d-7f4a55af2832,2026-10-06,12:30,America/Los_Angeles,Own you Agentic Voice AMA,Virtual,Unspecified,https://www.tech-week.com/calendar/sf/events/own-you-agentic-voice-ama-0a61c61c-2492-4ed6-8b8d-7f4a55af2832,2026-09-24T03:24:10.256338Z
bc642d63-79d0-4792-85d5-9d44a6383393,2026-10-06,12:30,America/Los_Angeles,SF Maritime Tech Summit,Downtown,Unspecified,https://www.tech-week.com/calendar/sf/events/sf-maritime-tech-summit-bc642d63-79d0-4792-85d5-9d44a6383393,2026-09-24T03:24:10.256338Z
3899a699-b696-4ec8-86fd-260e67d29f94,2026-10-06,12:30,America/Los_Angeles,Spike Finder: A Founder Hiring Workshop Over Charcuterie,FiDi,Unspecified,https://www.tech-week.com/calendar/sf/events/spike-finder-a-founder-hiring-workshop-over-charcuterie-3899a699-b696-4ec8-86fd-260e67d29f94,2026-09-24T03:24:10.256338Z
0a533181-e9ea-47ca-90b4-c1e63589a0b1,2026-10-06,12:30,America/Los_Angeles,The AI & SaaS Pitch Clinic,Virtual,Unspecified,https://www.tech-week.com/calendar/sf/events/the-ai-and-saas-pitch-clinic-0a533181-e9ea-47ca-90b4-c1e63589a0b1,2026-09-24T03:24:10.256338Z
272d2be8-d2ab-4112-9ab3-741d00d664e0,2026-10-06,13:00,America/Los_Angeles,Agent Controls and the Governance Gap,Embarcadero,Unspecified,https://www.tech-week.com/calendar/sf/events/agent-controls-and-the-governance-gap-272d2be8-d2ab-4112-9ab3-741d00d664e0,2026-09-24T03:24:10.256338Z
6a3a960b-f1d0-406f-966d-8075847475ca,2026-10-06,13:00,America/Los_Angeles,AI in Real Estate Summit West,FiDi,Unspecified,https://www.tech-week.com/calendar/sf/events/ai-in-real-estate-summit-west-6a3a960b-f1d0-406f-966d-8075847475ca,2026-09-24T03:24:10.256338Z
880a9bb5-51bd-488e-bdb5-9053e5d94fa9,2026-10-06,13:00,America/Los_Angeles,Boutique Ecosystem Mapping - AI ESOs,Downtown,Waitlist,https://www.tech-week.com/calendar/sf/events/boutique-ecosystem-mapping-ai-esos-880a9bb5-51bd-488e-bdb5-9053e5d94fa9,2026-09-24T03:24:10.256338Z
d785825c-aa5e-4d70-ba3a-549d09dab49d,2026-10-06,13:00,America/Los_Angeles,"Building Power as fast as Compute, hosted by Planted at",FiDi,Unspecified,https://www.tech-week.com/calendar/sf/events/building-power-as-fast-as-compute-hosted-by-planted-at-d785825c-aa5e-4d70-ba3a-549d09dab49d,2026-09-24T03:24:10.256338Z
5875f71e-e11a-476f-90f7-8b536e2479e8,2026-10-06,13:00,America/Los_Angeles,"Building Silicon Valley Without Borders | District.org, Founders & Builders Meetup",Downtown,Unspecified,https://www.tech-week.com/calendar/sf/events/building-silicon-valley-without-borders-district-org-founders-and-builders-meetu-5875f71e-e11a-476f-90f7-8b536e2479e8,2026-09-24T03:24:10.256338Z
d7a08c18-9e5b-4533-8ef3-a0567dac7c8b,2026-10-06,13:00,America/Los_Angeles,"Building the Modern Finance Stack: Usage-based Pricing, Automation, & What’s Next",North Beach,Unspecified,https://www.tech-week.com/calendar/sf/events/building-the-modern-finance-stack-usage-based-pricing-automation-and-what-s-next-d7a08c18-9e5b-4533-8ef3-a0567dac7c8b,2026-09-24T03:24:10.256338Z
a0af1169-89c1-46e2-b68d-b3d114b7db8f,2026-10-06,13:00,America/Los_Angeles,CoFounder / Partner Matchup,Rincon Hill,Unspecified,https://www.tech-week.com/calendar/sf/events/cofounder-partner-matchup-a0af1169-89c1-46e2-b68d-b3d114b7db8f,2026-09-24T03:24:10.256338Z
a0fecb47-ebf4-41a5-9b72-d643f34ed94d,2026-10-06,13:00,America/Los_Angeles,From AI Prototype to Production,Virtual,Unspecified,https://www.tech-week.com/calendar/sf/events/from-ai-prototype-to-production-a0fecb47-ebf4-41a5-9b72-d643f34ed94d,2026-09-24T03:24:10.256338Z
b9d5348e-8569-4317-a2e2-892c43db71cb,2026-10-06,13:00,America/Los_Angeles,"Google for Startups: From Frontier to Production with DeepMind & Wiz: Building Secure, Scalable AI",SOMA,Unspecified,https://www.tech-week.com/calendar/sf/events/google-for-startups-from-frontier-to-production-with-deepmind-and-wiz-building-s-b9d5348e-8569-4317-a2e2-892c43db71cb,2026-09-24T03:24:10.256338Z
abb9488a-df02-452d-9d59-cfaec205975e,2026-10-06,13:00,America/Los_Angeles,GTM 101: Ask a Founder Anything,Virtual,Unspecified,https://www.tech-week.com/calendar/sf/events/gtm-101-ask-a-founder-anything-abb9488a-df02-452d-9d59-cfaec205975e,2026-09-24T03:24:10.256338Z
994671db-6e0e-4e90-9c6b-82a10d925474,2026-10-06,13:00,America/Los_Angeles,Hard Truths: Why Fintech Growth Fails? Slash Your CAC with AI-Powered Growth Engine,Downtown,Unspecified,https://www.tech-week.com/calendar/sf/events/hard-truths-why-fintech-growth-fails-slash-your-cac-with-ai-powered-growth-engin-994671db-6e0e-4e90-9c6b-82a10d925474,2026-09-24T03:24:10.256338Z
65184cb1-3275-48ac-b2e5-0ba35e1fb7f5,2026-10-06,13:00,America/Los_Angeles,"How to Raise, Build and Scale with an Agentic Mindset",FiDi,Unspecified,https://www.tech-week.com/calendar/sf/events/how-to-raise-build-and-scale-with-an-agentic-mindset-65184cb1-3275-48ac-b2e5-0ba35e1fb7f5,2026-09-24T03:24:10.256338Z
d83cd1d8-3cb6-4896-a8ae-27b99536e21f,2026-10-06,13:00,America/Los_Angeles,Humanising AI For Businesses,Civic Center,Unspecified,https://www.tech-week.com/calendar/sf/events/humanising-ai-for-businesses-d83cd1d8-3cb6-4896-a8ae-27b99536e21f,2026-09-24T03:24:10.256338Z
ddc4a3be-ad54-4373-9b25-f76957576149,2026-10-06,13:00,America/Los_Angeles,Immigration Jam,SOMA,Unspecified,https://www.tech-week.com/calendar/sf/events/immigration-jam-ddc4a3be-ad54-4373-9b25-f76957576149,2026-09-24T03:24:10.256338Z
9f027748-be64-4df4-97c7-3f9d7f4e8b9b,2026-10-06,13:00,America/Los_Angeles,Seed Founders: Free Working Space on Market St.,SOMA,Closed,https://www.tech-week.com/calendar/sf/events/seed-founders-free-working-space-on-market-st-9f027748-be64-4df4-97c7-3f9d7f4e8b9b,2026-09-24T03:24:10.256338Z
334f88e2-0ec2-47f1-b2c7-5b2b2ead3e0a,2026-10-06,13:00,America/Los_Angeles,The MCP Gateway,FiDi,Unspecified,https://www.tech-week.com/calendar/sf/events/the-mcp-gateway-334f88e2-0ec2-47f1-b2c7-5b2b2ead3e0a,2026-09-24T03:24:10.256338Z
8ce144f1-43b9-4ce9-ad55-f931cee5f112,2026-10-06,13:30,America/Los_Angeles,Macroscope Coffee Cart,Downtown,Unspecified,https://www.tech-week.com/calendar/sf/events/macroscope-coffee-cart-8ce144f1-43b9-4ce9-ad55-f931cee5f112,2026-09-24T03:24:10.256338Z
e9eab08b-4798-4044-98ff-113fe4d101eb,2026-10-06,14:00,America/Los_Angeles,[AI Agents Can Create. Who Decides What Marketing Should Say?],Palo Alto,Unspecified,https://www.tech-week.com/calendar/sf/events/ai-agents-can-create-who-decides-what-marketing-should-say-e9eab08b-4798-4044-98ff-113fe4d101eb,2026-09-24T03:24:10.256338Z
80bcc234-03af-4b8c-ab69-02160c96adcf,2026-10-06,14:00,America/Los_Angeles,"[AI is not a project, it's an ecosystem] - []",Virtual,Unspecified,https://www.tech-week.com/calendar/sf/events/ai-is-not-a-project-it-s-an-ecosystem-80bcc234-03af-4b8c-ab69-02160c96adcf,2026-09-24T03:24:10.256338Z
91dcd559-2b47-48d4-83ae-d2430865c233,2026-10-06,14:00,America/Los_Angeles,Anti-Distillation & Other Tiny Rebellions,Palo Alto,Unspecified,https://www.tech-week.com/calendar/sf/events/anti-distillation-and-other-tiny-rebellions-91dcd559-2b47-48d4-83ae-d2430865c233,2026-09-24T03:24:10.256338Z
1e8ab954-dfe0-42d3-9208-a30f52d88334,2026-10-06,14:00,America/Los_Angeles,"Future of Aging: AI, Longevity & Care",Stanford,Unspecified,https://www.tech-week.com/calendar/sf/events/future-of-aging-ai-longevity-and-care-1e8ab954-dfe0-42d3-9208-a30f52d88334,2026-09-24T03:24:10.256338Z
bf1663c4-c771-46de-b750-1ceec9063e50,2026-10-06,14:00,America/Los_Angeles,Go To Market Mixer,SOMA,Unspecified,https://www.tech-week.com/calendar/sf/events/go-to-market-mixer-bf1663c4-c771-46de-b750-1ceec9063e50,2026-09-24T03:24:10.256338Z
9cad6ff4-f911-4afb-be11-2b3f35fed39e,2026-10-06,14:00,America/Los_Angeles,Klaviyo Commerce Social,Downtown,Unspecified,https://www.tech-week.com/calendar/sf/events/klaviyo-commerce-social-9cad6ff4-f911-4afb-be11-2b3f35fed39e,2026-09-24T03:24:10.256338Z
3e79bcb1-944f-4a92-bfef-accca8af552b,2026-10-06,14:00,America/Los_Angeles,"Music-Tech : AI, Ownership & the Creative Economy",SOMA,Unspecified,https://www.tech-week.com/calendar/sf/events/music-tech-ai-ownership-and-the-creative-economy-3e79bcb1-944f-4a92-bfef-accca8af552b,2026-09-24T03:24:10.256338Z
d7c7a3e6-3997-45f4-b757-3b60087c07ef,2026-10-06,14:00,America/Los_Angeles,The Next Layer of AI: From Models to Real-World Intelligence TFOT: Global Innovation Summit,Mission Bay,Unspecified,https://www.tech-week.com/calendar/sf/events/the-next-layer-of-ai-from-models-to-real-world-intelligence-tfot-global-innovati-d7c7a3e6-3997-45f4-b757-3b60087c07ef,2026-09-24T03:24:10.256338Z
67289882-3a09-49ee-a43c-73a02aefe3fe,2026-10-06,14:00,America/Los_Angeles,The War for Early-Stage Talent,FiDi,Unspecified,https://www.tech-week.com/calendar/sf/events/the-war-for-early-stage-talent-67289882-3a09-49ee-a43c-73a02aefe3fe,2026-09-24T03:24:10.256338Z
e2041e31-8de3-4943-b73f-e2b9dc705daf,2026-10-06,14:00,America/Los_Angeles,"US Market Entry: Unlocked w/ Deel, J.P. Morgan & Orrick",SOMA,Unspecified,https://www.tech-week.com/calendar/sf/events/us-market-entry-unlocked-w-deel-j-p-morgan-and-orrick-e2041e31-8de3-4943-b73f-e2b9dc705daf,2026-09-24T03:24:10.256338Z
5674abac-e41b-4fba-9b61-1050677070ab,2026-10-06,14:00,America/Los_Angeles,What did our AI Agent do?! The Missing Runtime Authorization Layer for Agents and Physical AI,Virtual,Unspecified,https://www.tech-week.com/calendar/sf/events/what-did-our-ai-agent-do-the-missing-runtime-authorization-layer-for-agents-and-5674abac-e41b-4fba-9b61-1050677070ab,2026-09-24T03:24:10.256338Z
1ee0a2e5-80d3-4d58-b78d-8662c18e560c,2026-10-06,14:00,America/Los_Angeles,Women-Led Startups Pitch & Network,Mission,Unspecified,https://www.tech-week.com/calendar/sf/events/women-led-startups-pitch-and-network-1ee0a2e5-80d3-4d58-b78d-8662c18e560c,2026-09-24T03:24:10.256338Z
39dbfc77-661a-4988-8f4d-ccb5a01b2105,2026-10-06,14:30,America/Los_Angeles,"Accredited Investor AI Briefing: Longevity, Clinical Adoption, and Exit ⚕️🏥🔬🧬",Downtown,Unspecified,https://www.tech-week.com/calendar/sf/events/accredited-investor-ai-briefing-longevity-clinical-adoption-and-exit-39dbfc77-661a-4988-8f4d-ccb5a01b2105,2026-09-24T03:24:10.256338Z
ac6db736-b43e-4174-bd7a-6939da416b01,2026-10-06,14:30,America/Los_Angeles,Uncork Your US + Global Growth,Downtown,Unspecified,https://www.tech-week.com/calendar/sf/events/uncork-your-us-global-growth-ac6db736-b43e-4174-bd7a-6939da416b01,2026-09-24T03:24:10.256338Z
d27d92f5-d81b-463e-a0a9-a011a81b40fe,2026-10-06,15:00,America/Los_Angeles,AI Founder Playbook: Stop building AI products without a plan to win,Other,Unspecified,https://www.tech-week.com/calendar/sf/events/ai-founder-playbook-stop-building-ai-products-without-a-plan-to-win-d27d92f5-d81b-463e-a0a9-a011a81b40fe,2026-09-24T03:24:10.256338Z
a8e53ee7-4bf9-4207-8ae5-7f808c6709d9,2026-10-06,15:00,America/Los_Angeles,AI x Construction Panel,SOMA,Unspecified,https://www.tech-week.com/calendar/sf/events/ai-x-construction-panel-a8e53ee7-4bf9-4207-8ae5-7f808c6709d9,2026-09-24T03:24:10.256338Z
e1e66bc4-fd5c-4859-a1ed-484cd142a9fc,2026-10-06,15:00,America/Los_Angeles,"Australia House: Flip Up, Scale Out",Embarcadero,Unspecified,https://www.tech-week.com/calendar/sf/events/australia-house-flip-up-scale-out-e1e66bc4-fd5c-4859-a1ed-484cd142a9fc,2026-09-24T03:24:10.256338Z
9f69f5e3-24a0-48d4-a3a3-be30e34f5358,2026-10-06,15:00,America/Los_Angeles,Autonomous Vehicles and Public Transit: Bridging the Gap,Embarcadero,Unspecified,https://www.tech-week.com/calendar/sf/events/autonomous-vehicles-and-public-transit-bridging-the-gap-9f69f5e3-24a0-48d4-a3a3-be30e34f5358,2026-09-24T03:24:10.256338Z
833377bd-072b-4360-a58b-7a88f748d127,2026-10-06,15:00,America/Los_Angeles,Before You Raise: What Investors Actually Check,Downtown,Unspecified,https://www.tech-week.com/calendar/sf/events/before-you-raise-what-investors-actually-check-833377bd-072b-4360-a58b-7a88f748d127,2026-09-24T03:24:10.256338Z
6bfd2bde-9216-49a7-baaa-6d5e1b4ab022,2026-10-06,15:00,America/Los_Angeles,Building Construction Tech @,Jackson Square,Unspecified,https://www.tech-week.com/calendar/sf/events/building-construction-tech-6bfd2bde-9216-49a7-baaa-6d5e1b4ab022,2026-09-24T03:24:10.256338Z
99cd1f1c-0298-44ae-b0db-0619fff52955,2026-10-06,15:00,America/Los_Angeles,Consumer tech day: pitch show & growth talk,Downtown,Unspecified,https://www.tech-week.com/calendar/sf/events/consumer-tech-day-pitch-show-and-growth-talk-99cd1f1c-0298-44ae-b0db-0619fff52955,2026-09-24T03:24:10.256338Z
5967790b-6b85-4568-9336-8f46b19f7391,2026-10-06,15:00,America/Los_Angeles,Defense & Deep Tech: Investing at the Forefront,Dogpatch,Unspecified,https://www.tech-week.com/calendar/sf/events/defense-and-deep-tech-investing-at-the-forefront-5967790b-6b85-4568-9336-8f46b19f7391,2026-09-24T03:24:10.256338Z
94eb710b-e5fd-4511-80cf-481f2581517c,2026-10-06,15:00,America/Los_Angeles,Luminar Ventures Investor & Angel Networking Evening,SOMA,Unspecified,https://www.tech-week.com/calendar/sf/events/luminar-ventures-investor-and-angel-networking-evening-94eb710b-e5fd-4511-80cf-481f2581517c,2026-09-24T03:24:10.256338Z
a5cab42e-1b76-43a9-809d-706a8d745c28,2026-10-06,15:00,America/Los_Angeles,Rally with Lowenstein Networking. Pickleball.,SOMA,Unspecified,https://www.tech-week.com/calendar/sf/events/rally-with-lowenstein-networking-pickleball-a5cab42e-1b76-43a9-809d-706a8d745c28,2026-09-24T03:24:10.256338Z
5b9373e4-e426-42f8-8733-26334b697ea9,2026-10-06,15:00,America/Los_Angeles,Retail Rewired: Women Building What's Next,FiDi,Waitlist,https://www.tech-week.com/calendar/sf/events/retail-rewired-women-building-what-s-next-5b9373e4-e426-42f8-8733-26334b697ea9,2026-09-24T03:24:10.256338Z
c97b40e6-b3dd-46d2-9ab5-45b11f657639,2026-10-06,15:00,America/Los_Angeles,The Future of Inference | General Compute x Fenwick,FiDi,Unspecified,https://www.tech-week.com/calendar/sf/events/the-future-of-inference-general-compute-x-fenwick-c97b40e6-b3dd-46d2-9ab5-45b11f657639,2026-09-24T03:24:10.256338Z
c802664a-f08c-421d-8f91-dd252da25a4e,2026-10-06,15:00,America/Los_Angeles,The Future of the Built Environment: A Leadership Forum,FiDi,Unspecified,https://www.tech-week.com/calendar/sf/events/the-future-of-the-built-environment-a-leadership-forum-c802664a-f08c-421d-8f91-dd252da25a4e,2026-09-24T03:24:10.256338Z
f051c3dc-2730-427c-b677-38e78408529a,2026-10-06,15:00,America/Los_Angeles,The Real Cost of Cost of Scaling AI & the Autonomous Close for B2B Founders & Finance Leaders,SOMA,Unspecified,https://www.tech-week.com/calendar/sf/events/the-real-cost-of-cost-of-scaling-ai-and-the-autonomous-close-for-b2b-founders-an-f051c3dc-2730-427c-b677-38e78408529a,2026-09-24T03:24:10.256338Z
020c1c27-f554-4c07-8569-e010d7e30a8b,2026-10-06,15:15,America/Los_Angeles,Human-Centered AI: Safety in Cyberspace,Virtual,Unspecified,https://www.tech-week.com/calendar/sf/events/human-centered-ai-safety-in-cyberspace-020c1c27-f554-4c07-8569-e010d7e30a8b,2026-09-24T03:24:10.256338Z
9038c3b1-d3d9-4d94-bbd6-0d8ded02ed37,2026-10-06,15:30,America/Los_Angeles,Bouldering with Akamai Inference Cloud,Lower Nob Hill,Unspecified,https://www.tech-week.com/calendar/sf/events/bouldering-with-akamai-inference-cloud-9038c3b1-d3d9-4d94-bbd6-0d8ded02ed37,2026-09-24T03:24:10.256338Z
8031e42a-6ae7-4915-a3a1-cd8b17c55b38,2026-10-06,15:30,America/Los_Angeles,Growth Stage Playbook: Keys to Thriving in Expansion,Embarcadero,Unspecified,https://www.tech-week.com/calendar/sf/events/growth-stage-playbook-keys-to-thriving-in-expansion-8031e42a-6ae7-4915-a3a1-cd8b17c55b38,2026-09-24T03:24:10.256338Z
82fb7767-3db9-4feb-9426-e311f6171c77,2026-10-06,15:30,America/Los_Angeles,LinkedIn B2B GTM Panel - Insights for Marketers,SOMA,Unspecified,https://www.tech-week.com/calendar/sf/events/linkedin-b2b-gtm-panel-insights-for-marketers-82fb7767-3db9-4feb-9426-e311f6171c77,2026-09-24T03:24:10.256338Z
2d2c865d-6be7-4efe-a86f-e1b5baf463c7,2026-10-06,16:00,America/Los_Angeles,Agentic Commerce Meet Up,Mission Bay,Unspecified,https://www.tech-week.com/calendar/sf/events/agentic-commerce-meet-up-2d2c865d-6be7-4efe-a86f-e1b5baf463c7,2026-09-24T03:24:10.256338Z
2c9bce40-f00a-4552-9ba4-075a193efed9,2026-10-06,16:00,America/Los_Angeles,Agents After Hours,Marina,Unspecified,https://www.tech-week.com/calendar/sf/events/agents-after-hours-2c9bce40-f00a-4552-9ba4-075a193efed9,2026-09-24T03:24:10.256338Z
d4d187be-48ee-49ed-8600-ea231fd739fd,2026-10-06,16:00,America/Los_Angeles,AI x Life Sciences Edition,Jackson Square,Unspecified,https://www.tech-week.com/calendar/sf/events/ai-x-life-sciences-edition-d4d187be-48ee-49ed-8600-ea231fd739fd,2026-09-24T03:24:10.256338Z
cba1903b-2d99-4a3e-b5e2-8bb67b7a5b8f,2026-10-06,16:00,America/Los_Angeles,Blazel Hot Sauce Competition,SOMA,Unspecified,https://www.tech-week.com/calendar/sf/events/blazel-hot-sauce-competition-cba1903b-2d99-4a3e-b5e2-8bb67b7a5b8f,2026-09-24T03:24:10.256338Z
a73bb032-f79e-45aa-9340-dc6d6a8c30b6,2026-10-06,16:00,America/Los_Angeles,Capturing the Value of Intelligence - #SFTech Week,Telegraph Hill,Unspecified,https://www.tech-week.com/calendar/sf/events/capturing-the-value-of-intelligence-sftech-week-a73bb032-f79e-45aa-9340-dc6d6a8c30b6,2026-09-24T03:24:10.256338Z
20c334b3-898b-431d-b965-4040e5f2477d,2026-10-06,16:00,America/Los_Angeles,"Corporate Venture Lab: Sushi, Sake & New Ventures",FiDi,Unspecified,https://www.tech-week.com/calendar/sf/events/corporate-venture-lab-sushi-sake-and-new-ventures-20c334b3-898b-431d-b965-4040e5f2477d,2026-09-24T03:24:10.256338Z
393a2f37-0181-461b-9bc9-c9a4f3b2bdfc,2026-10-06,16:00,America/Los_Angeles,Croissant Maxxing - Multiplayer AI featuring Arsicault croissants,SOMA,Unspecified,https://www.tech-week.com/calendar/sf/events/croissant-maxxing-multiplayer-ai-featuring-arsicault-croissants-393a2f37-0181-461b-9bc9-c9a4f3b2bdfc,2026-09-24T03:24:10.256338Z
4fc084b1-720c-4c95-8e5c-60d450031e5d,2026-10-06,16:00,America/Los_Angeles,Diffusion Debut,Palo Alto,Unspecified,https://www.tech-week.com/calendar/sf/events/diffusion-debut-4fc084b1-720c-4c95-8e5c-60d450031e5d,2026-09-24T03:24:10.256338Z
10f53fd3-f3d7-40d3-b486-8bd4867fc017,2026-10-06,16:00,America/Los_Angeles,From 0 to Product Market Fit Panel,SOMA,Unspecified,https://www.tech-week.com/calendar/sf/events/from-0-to-product-market-fit-panel-10f53fd3-f3d7-40d3-b486-8bd4867fc017,2026-09-24T03:24:10.256338Z
409253ae-ff44-45b5-8cc2-e90b8f1c884d,2026-10-06,16:00,America/Los_Angeles,"Google for Startups x Google DeepMind: AI Panel, Happy Hour & Demo Slam",SOMA,Unspecified,https://www.tech-week.com/calendar/sf/events/google-for-startups-x-google-deepmind-ai-panel-happy-hour-and-demo-slam-409253ae-ff44-45b5-8cc2-e90b8f1c884d,2026-09-24T03:24:10.256338Z
411d5f06-87b9-40e6-8c0f-5b5a49601cef,2026-10-06,16:00,America/Los_Angeles,How startups can sell and scale with the government #B2B #Cybersecurity #EnterpriseAI,SOMA,Unspecified,https://www.tech-week.com/calendar/sf/events/how-startups-can-sell-and-scale-with-the-government-b2b-cybersecurity-enterprise-411d5f06-87b9-40e6-8c0f-5b5a49601cef,2026-09-24T03:24:10.256338Z
9172420f-687f-4d40-acf6-a63eedca8140,2026-10-06,16:00,America/Los_Angeles,Making Waves: AI x Finance on the Bay,Fisherman's Wharf,Unspecified,https://www.tech-week.com/calendar/sf/events/making-waves-ai-x-finance-on-the-bay-9172420f-687f-4d40-acf6-a63eedca8140,2026-09-24T03:24:10.256338Z
800f210f-7b35-4cfd-913b-9545bfb9547c,2026-10-06,16:00,America/Los_Angeles,Meet SF's Early Stage Founders and Investors,Downtown,Unspecified,https://www.tech-week.com/calendar/sf/events/meet-sf-s-early-stage-founders-and-investors-800f210f-7b35-4cfd-913b-9545bfb9547c,2026-09-24T03:24:10.256338Z
d15fb2d1-f7e7-49b4-8ff3-b2f7108395d6,2026-10-06,16:00,America/Los_Angeles,Off the Record Sauna Social w/88 Design Collective,Downtown,Unspecified,https://www.tech-week.com/calendar/sf/events/off-the-record-sauna-social-w-88-design-collective-d15fb2d1-f7e7-49b4-8ff3-b2f7108395d6,2026-09-24T03:24:10.256338Z
476bf4b3-196b-481c-8723-314955169d3a,2026-10-06,16:00,America/Los_Angeles,OnlyExit: Monopolize the Pitch Happy Hour - 2026,Mission,Unspecified,https://www.tech-week.com/calendar/sf/events/onlyexit-monopolize-the-pitch-happy-hour-2026-476bf4b3-196b-481c-8723-314955169d3a,2026-09-24T03:24:10.256338Z
28f4b1e1-ade8-4b22-8d45-260e83fece77,2026-10-06,16:00,America/Los_Angeles,Post-Training & Agent Infra - #SF TechWeek,Palo Alto,Unspecified,https://www.tech-week.com/calendar/sf/events/post-training-and-agent-infra-sf-techweek-28f4b1e1-ade8-4b22-8d45-260e83fece77,2026-09-24T03:24:10.256338Z
b2fb231b-8ce7-4bbc-99f5-41e6df4c92e1,2026-10-06,16:00,America/Los_Angeles,State of Industrial AI: The Missing Link to Large-Scale Adoption,FiDi,Unspecified,https://www.tech-week.com/calendar/sf/events/state-of-industrial-ai-the-missing-link-to-large-scale-adoption-b2fb231b-8ce7-4bbc-99f5-41e6df4c92e1,2026-09-24T03:24:10.256338Z
5c463b61-9262-40a5-8cc2-539f01bb1ebe,2026-10-06,16:00,America/Los_Angeles,Tech CFO Panel + Happy Hour (with CFOs of Carta & Vercel),SOMA,Unspecified,https://www.tech-week.com/calendar/sf/events/tech-cfo-panel-happy-hour-with-cfos-of-carta-and-vercel-5c463b61-9262-40a5-8cc2-539f01bb1ebe,2026-09-24T03:24:10.256338Z
201447ed-c38a-4dd6-bb1b-6f3c1c636464,2026-10-06,16:00,America/Los_Angeles,The Art of Narrative by Verci,Other,Unspecified,https://www.tech-week.com/calendar/sf/events/the-art-of-narrative-by-verci-201447ed-c38a-4dd6-bb1b-6f3c1c636464,2026-09-24T03:24:10.256338Z
8859ff09-b6a2-4065-85ee-8f55e965ee73,2026-10-06,16:00,America/Los_Angeles,The Investment Game: In Pursuit of Series A [LIVE with a16z!],SOMA,Unspecified,https://www.tech-week.com/calendar/sf/events/the-investment-game-in-pursuit-of-series-a-live-with-a16z-8859ff09-b6a2-4065-85ee-8f55e965ee73,2026-09-24T03:24:10.256338Z
9e61ab4a-0ce8-4b5f-9b9b-4530ddf052b5,2026-10-06,16:00,America/Los_Angeles,The SOLO Founder Club,Dogpatch,Unspecified,https://www.tech-week.com/calendar/sf/events/the-solo-founder-club-9e61ab4a-0ce8-4b5f-9b9b-4530ddf052b5,2026-09-24T03:24:10.256338Z
be78f6b8-61e8-479e-aca5-8df1ed6134a8,2026-10-06,16:00,America/Los_Angeles,The Women in AI Consumer Tech Showcase,SOMA,Unspecified,https://www.tech-week.com/calendar/sf/events/the-women-in-ai-consumer-tech-showcase-be78f6b8-61e8-479e-aca5-8df1ed6134a8,2026-09-24T03:24:10.256338Z
9275ccdc-61af-434e-ae47-0573511890db,2026-10-06,16:00,America/Los_Angeles,"Your QBR, Reimagined: Fireside chat + build",Downtown,Unspecified,https://www.tech-week.com/calendar/sf/events/your-qbr-reimagined-fireside-chat-build-9275ccdc-61af-434e-ae47-0573511890db,2026-09-24T03:24:10.256338Z
247e7515-144d-4c83-831c-09b45b5fd505,2026-10-06,16:15,America/Los_Angeles,Accountability Speed Dating,SOMA,Unspecified,https://www.tech-week.com/calendar/sf/events/accountability-speed-dating-247e7515-144d-4c83-831c-09b45b5fd505,2026-09-24T03:24:10.256338Z
bf334b36-3a48-4b39-928e-395327f4799d,2026-10-06,16:30,America/Los_Angeles,Builders & Backers Networking Happy Hour,SOMA,Unspecified,https://www.tech-week.com/calendar/sf/events/builders-and-backers-networking-happy-hour-bf334b36-3a48-4b39-928e-395327f4799d,2026-09-24T03:24:10.256338Z
95fdd904-f590-487f-9ec6-9a43bfb5788e,2026-10-06,16:30,America/Los_Angeles,"Building in the US: The Founder, Investor, Hiring and Market-Entry Playbook",SOMA,Unspecified,https://www.tech-week.com/calendar/sf/events/building-in-the-us-the-founder-investor-hiring-and-market-entry-playbook-95fdd904-f590-487f-9ec6-9a43bfb5788e,2026-09-24T03:24:10.256338Z
ea35ffac-10ca-48c9-93f5-1bd3eb8bae9b,2026-10-06,16:30,America/Los_Angeles,Hacking AI For Fun and Profit,FiDi,Waitlist,https://www.tech-week.com/calendar/sf/events/hacking-ai-for-fun-and-profit-ea35ffac-10ca-48c9-93f5-1bd3eb8bae9b,2026-09-24T03:24:10.256338Z
c4f68ef8-fb50-45c1-b028-ca805f9d4735,2026-10-06,16:30,America/Los_Angeles,Production Fail: Live @,Palo Alto,Unspecified,https://www.tech-week.com/calendar/sf/events/production-fail-live-c4f68ef8-fb50-45c1-b028-ca805f9d4735,2026-09-24T03:24:10.256338Z
a4d57358-d926-4589-8828-32f3e0c47daf,2026-10-06,16:30,America/Los_Angeles,Scaling AI with the 7 Layer Controls Framework,Palo Alto,Unspecified,https://www.tech-week.com/calendar/sf/events/scaling-ai-with-the-7-layer-controls-framework-a4d57358-d926-4589-8828-32f3e0c47daf,2026-09-24T03:24:10.256338Z
ccabd074-d96e-45c7-b548-b8554bcf0063,2026-10-06,16:30,America/Los_Angeles,"Table Stakes: Agents, Acceleration & Scaling AI - Happy Hour with Provoke",Downtown,Unspecified,https://www.tech-week.com/calendar/sf/events/table-stakes-agents-acceleration-and-scaling-ai-happy-hour-with-provoke-ccabd074-d96e-45c7-b548-b8554bcf0063,2026-09-24T03:24:10.256338Z
5cc37b73-b83c-40cc-9f8a-7891712a0393,2026-10-06,16:30,America/Los_Angeles,The Imagination Layer,Dogpatch,Unspecified,https://www.tech-week.com/calendar/sf/events/the-imagination-layer-5cc37b73-b83c-40cc-9f8a-7891712a0393,2026-09-24T03:24:10.256338Z
a43e339f-5e11-40a7-a448-fc0e39cbc934,2026-10-06,17:00,America/Los_Angeles,Apollo Summit,Dogpatch,Unspecified,https://www.tech-week.com/calendar/sf/events/apollo-summit-a43e339f-5e11-40a7-a448-fc0e39cbc934,2026-09-24T03:24:10.256338Z
5bb29243-2047-4041-93b6-5c23f9c782d8,2026-10-06,17:00,America/Los_Angeles,Autodesk X GLITCHED - Women in Game Dev Meetup,Embarcadero,Unspecified,https://www.tech-week.com/calendar/sf/events/autodesk-x-glitched-women-in-game-dev-meetup-5bb29243-2047-4041-93b6-5c23f9c782d8,2026-09-24T03:24:10.256338Z
22a2a88b-6e09-44f1-b2aa-e73214a68378,2026-10-06,17:00,America/Los_Angeles,Blue Startups Showcase & ʻOhana Mixer,FiDi,Unspecified,https://www.tech-week.com/calendar/sf/events/blue-startups-showcase-and-ohana-mixer-22a2a88b-6e09-44f1-b2aa-e73214a68378,2026-09-24T03:24:10.256338Z
97f0e99e-95df-4d1a-b2b6-4b73066caa6c,2026-10-06,17:00,America/Los_Angeles,Build an AI-Native Company in a Day,SOMA,Unspecified,https://www.tech-week.com/calendar/sf/events/build-an-ai-native-company-in-a-day-97f0e99e-95df-4d1a-b2b6-4b73066caa6c,2026-09-24T03:24:10.256338Z
c456bbef-e840-447b-a442-04bb890098df,2026-10-06,17:00,America/Los_Angeles,Build your Agentic Investment Bank - Hackathon,Union Square,Unspecified,https://www.tech-week.com/calendar/sf/events/build-your-agentic-investment-bank-hackathon-c456bbef-e840-447b-a442-04bb890098df,2026-09-24T03:24:10.256338Z
4f2a0e02-ed5e-4f0e-a759-62c7e1bfab03,2026-10-06,17:00,America/Los_Angeles,Building What's Next: Founders & Builders Happy Hour,Other,Unspecified,https://www.tech-week.com/calendar/sf/events/building-what-s-next-founders-and-builders-happy-hour-4f2a0e02-ed5e-4f0e-a759-62c7e1bfab03,2026-09-24T03:24:10.256338Z
269d6768-ae2b-4616-8fc3-e35ed384b58c,2026-10-06,17:00,America/Los_Angeles,Data Centers on Fire. Green Software the Extinguisher - #SF TechWeek,FiDi,Unspecified,https://www.tech-week.com/calendar/sf/events/data-centers-on-fire-green-software-the-extinguisher-sf-techweek-269d6768-ae2b-4616-8fc3-e35ed384b58c,2026-09-24T03:24:10.256338Z
3e37a458-16a1-435a-9ca9-e691ac93dad1,2026-10-06,17:00,America/Los_Angeles,Deep Tech Demo Night,East Bay,Unspecified,https://www.tech-week.com/calendar/sf/events/deep-tech-demo-night-3e37a458-16a1-435a-9ca9-e691ac93dad1,2026-09-24T03:24:10.256338Z
266e8516-f0f2-43cf-80ab-634a63342877,2026-10-06,17:00,America/Los_Angeles,Fashion Tech: 3D Printed Fashion and Beyond,Panhandle,Unspecified,https://www.tech-week.com/calendar/sf/events/fashion-tech-3d-printed-fashion-and-beyond-266e8516-f0f2-43cf-80ab-634a63342877,2026-09-24T03:24:10.256338Z
6c36ede0-b5c3-4693-af19-b5808cecc0fb,2026-10-06,17:00,America/Los_Angeles,Female Founders Happy Hour with Emmeline Ventures and Manatt,FiDi,Unspecified,https://www.tech-week.com/calendar/sf/events/female-founders-happy-hour-with-emmeline-ventures-and-manatt-6c36ede0-b5c3-4693-af19-b5808cecc0fb,2026-09-24T03:24:10.256338Z
68c1fa92-967e-4203-970a-0722509e9c48,2026-10-06,17:00,America/Los_Angeles,Find a Cofounder Networking Happy Hour,SOMA,Unspecified,https://www.tech-week.com/calendar/sf/events/find-a-cofounder-networking-happy-hour-68c1fa92-967e-4203-970a-0722509e9c48,2026-09-24T03:24:10.256338Z
d6f03fb7-dfd5-44a0-8825-80f186083da1,2026-10-06,17:00,America/Los_Angeles,Founder-led & Product-led GTM - a Hexa x lemlist workshop,Haight Ashbury,Unspecified,https://www.tech-week.com/calendar/sf/events/founder-led-and-product-led-gtm-a-hexa-x-lemlist-workshop-d6f03fb7-dfd5-44a0-8825-80f186083da1,2026-09-24T03:24:10.256338Z
480220cd-f76f-463e-a6fd-a7771fff33e7,2026-10-06,17:00,America/Los_Angeles,Founders Boat Party,FiDi,Unspecified,https://www.tech-week.com/calendar/sf/events/founders-boat-party-480220cd-f76f-463e-a6fd-a7771fff33e7,2026-09-24T03:24:10.256338Z
fe74ad2f-2b5e-4b37-80d6-392e0d231d9f,2026-10-06,17:00,America/Los_Angeles,Founders Who Are Hiring Happy Hour,Other,Unspecified,https://www.tech-week.com/calendar/sf/events/founders-who-are-hiring-happy-hour-fe74ad2f-2b5e-4b37-80d6-392e0d231d9f,2026-09-24T03:24:10.256338Z
0585d346-3fbf-41d2-babf-cb41a8c3d3e2,2026-10-06,17:00,America/Los_Angeles,"Future of DevEx Tavily, Braintrust, & Deskree",Union Square,Unspecified,https://www.tech-week.com/calendar/sf/events/future-of-devex-tavily-braintrust-and-deskree-0585d346-3fbf-41d2-babf-cb41a8c3d3e2,2026-09-24T03:24:10.256338Z
ef3d5669-2f01-4809-ac3d-5dd93df5f3f7,2026-10-06,17:00,America/Los_Angeles,Hardware Engineering Happy Hour,SOMA,Unspecified,https://www.tech-week.com/calendar/sf/events/hardware-engineering-happy-hour-ef3d5669-2f01-4809-ac3d-5dd93df5f3f7,2026-09-24T03:24:10.256338Z
edf5aee0-6b50-4c0d-a5d8-b442c42b9ac4,2026-10-06,17:00,America/Los_Angeles,Hype v. Hesitancy: Exploring Silicon Valley’s AI Confidence Gap,FiDi,Unspecified,https://www.tech-week.com/calendar/sf/events/hype-v-hesitancy-exploring-silicon-valley-s-ai-confidence-gap-edf5aee0-6b50-4c0d-a5d8-b442c42b9ac4,2026-09-24T03:24:10.256338Z
80455006-362f-4d21-aad1-a11849ee6e49,2026-10-06,17:00,America/Los_Angeles,"Immigrant Founders' Plan C: we stay, build, and bet on America",Downtown,Unspecified,https://www.tech-week.com/calendar/sf/events/immigrant-founders-plan-c-we-stay-build-and-bet-on-america-80455006-362f-4d21-aad1-a11849ee6e49,2026-09-24T03:24:10.256338Z
f9c5d885-7f83-4a7d-b9cb-9df83f93e262,2026-10-06,17:00,America/Los_Angeles,Investor Happy Hour,Embarcadero,Unspecified,https://www.tech-week.com/calendar/sf/events/investor-happy-hour-f9c5d885-7f83-4a7d-b9cb-9df83f93e262,2026-09-24T03:24:10.256338Z
660a92d8-c75c-4d55-bbd7-303324f154c7,2026-10-06,17:00,America/Los_Angeles,Lux Capital x Stripe - Riskgaming Salon,SOMA,Unspecified,https://www.tech-week.com/calendar/sf/events/lux-capital-x-stripe-riskgaming-salon-660a92d8-c75c-4d55-bbd7-303324f154c7,2026-09-24T03:24:10.256338Z
82574741-ca46-4bb5-8187-0aff4dc31df2,2026-10-06,17:00,America/Los_Angeles,Marathon Mode Hackathon (No Compaction Allowed),Marina,Unspecified,https://www.tech-week.com/calendar/sf/events/marathon-mode-hackathon-no-compaction-allowed-82574741-ca46-4bb5-8187-0aff4dc31df2,2026-09-24T03:24:10.256338Z
9697ce47-331f-44a2-829a-6924f93113cb,2026-10-06,17:00,America/Los_Angeles,Models to Medicine Series: From AI Drug Discovery to Patient Engagement,FiDi,Unspecified,https://www.tech-week.com/calendar/sf/events/models-to-medicine-series-from-ai-drug-discovery-to-patient-engagement-9697ce47-331f-44a2-829a-6924f93113cb,2026-09-24T03:24:10.256338Z
9a944860-5fac-47e7-b21e-355c9f24f49e,2026-10-06,17:00,America/Los_Angeles,NachoTuesday SaaS & AI Founder + Investor Happy Hour,Downtown,Unspecified,https://www.tech-week.com/calendar/sf/events/nachotuesday-saas-and-ai-founder-investor-happy-hour-9a944860-5fac-47e7-b21e-355c9f24f49e,2026-09-24T03:24:10.256338Z
fc9dae6f-b04e-4e8c-83f0-4535c4dbc888,2026-10-06,17:00,America/Los_Angeles,NO BORDERS: Global Founders & Investors Mixer,Other,Unspecified,https://www.tech-week.com/calendar/sf/events/no-borders-global-founders-and-investors-mixer-fc9dae6f-b04e-4e8c-83f0-4535c4dbc888,2026-09-24T03:24:10.256338Z
45b4cabb-e2ae-4f64-9cc4-95decfce561b,2026-10-06,17:00,America/Los_Angeles,Open Intelligence: Running Open Models in Production,FiDi,Unspecified,https://www.tech-week.com/calendar/sf/events/open-intelligence-running-open-models-in-production-45b4cabb-e2ae-4f64-9cc4-95decfce561b,2026-09-24T03:24:10.256338Z
bf6060bd-c845-4d6e-b372-af72b36bcb75,2026-10-06,17:00,America/Los_Angeles,Product Builders Meetup by Lenny's Newsletter,Lower Nob Hill,Unspecified,https://www.tech-week.com/calendar/sf/events/product-builders-meetup-by-lenny-s-newsletter-bf6060bd-c845-4d6e-b372-af72b36bcb75,2026-09-24T03:24:10.256338Z
6684f7a8-9346-438c-afeb-2097d5ac0690,2026-10-06,17:00,America/Los_Angeles,Robotics x AI Pitch & Wine,FiDi,Unspecified,https://www.tech-week.com/calendar/sf/events/robotics-x-ai-pitch-and-wine-6684f7a8-9346-438c-afeb-2097d5ac0690,2026-09-24T03:24:10.256338Z
cf6cef28-9b6f-49d3-a0c7-3d09cbb7296a,2026-10-06,17:00,America/Los_Angeles,SF Pitch Night by the AI Collective,FiDi,Unspecified,https://www.tech-week.com/calendar/sf/events/sf-pitch-night-by-the-ai-collective-cf6cef28-9b6f-49d3-a0c7-3d09cbb7296a,2026-09-24T03:24:10.256338Z
65fa46aa-69b7-464b-8559-41d57ec3ae05,2026-10-06,17:00,America/Los_Angeles,Silicon Xchange,SOMA,Unspecified,https://www.tech-week.com/calendar/sf/events/silicon-xchange-65fa46aa-69b7-464b-8559-41d57ec3ae05,2026-09-24T03:24:10.256338Z
0f8ed9b2-953d-4c1c-b349-a30e1cd1e742,2026-10-06,17:00,America/Los_Angeles,Smart Fleet Meet & Greet,Downtown,Unspecified,https://www.tech-week.com/calendar/sf/events/smart-fleet-meet-and-greet-0f8ed9b2-953d-4c1c-b349-a30e1cd1e742,2026-09-24T03:24:10.256338Z
13a2ec19-9de1-40c6-a735-0ed7e3b4c6d3,2026-10-06,17:00,America/Los_Angeles,"Stand With Crypto × TFOT: AI, Web3, Deep Tech Happy Hour",Civic Center,Unspecified,https://www.tech-week.com/calendar/sf/events/stand-with-crypto-tfot-ai-web3-deep-tech-happy-hour-13a2ec19-9de1-40c6-a735-0ed7e3b4c6d3,2026-09-24T03:24:10.256338Z
93df24fa-a7bd-4426-bbfe-03dc5259cc57,2026-10-06,17:00,America/Los_Angeles,The AI Hidden Job Market,SOMA,Unspecified,https://www.tech-week.com/calendar/sf/events/the-ai-hidden-job-market-93df24fa-a7bd-4426-bbfe-03dc5259cc57,2026-09-24T03:24:10.256338Z
c877e5ce-c791-4511-a7e3-48970ca08cde,2026-10-06,17:00,America/Los_Angeles,The Evolution Of GTM In 2027,Alamo Square,Unspecified,https://www.tech-week.com/calendar/sf/events/the-evolution-of-gtm-in-2027-c877e5ce-c791-4511-a7e3-48970ca08cde,2026-09-24T03:24:10.256338Z
7e23ebff-f1f1-4739-9fec-96396246a993,2026-10-06,17:00,America/Los_Angeles,The Future of IPOs and Liquidity,FiDi,Unspecified,https://www.tech-week.com/calendar/sf/events/the-future-of-ipos-and-liquidity-7e23ebff-f1f1-4739-9fec-96396246a993,2026-09-24T03:24:10.256338Z
b3b9c258-86d7-43d2-8291-371e6df06184,2026-10-06,17:00,America/Los_Angeles,The Future of Patient Care & Engagement,Rincon Hill,Unspecified,https://www.tech-week.com/calendar/sf/events/the-future-of-patient-care-and-engagement-b3b9c258-86d7-43d2-8291-371e6df06184,2026-09-24T03:24:10.256338Z
6463bb9f-bbd8-40bd-8960-5ad81ead32c6,2026-10-06,17:00,America/Los_Angeles,Town Hall Ventures SF Office Opening: Healthcare Investors and Builders,Potrero Hill,Unspecified,https://www.tech-week.com/calendar/sf/events/town-hall-ventures-sf-office-opening-healthcare-investors-and-builders-6463bb9f-bbd8-40bd-8960-5ad81ead32c6,2026-09-24T03:24:10.256338Z
87f2a2ae-41ff-46a3-8448-a34631dad8b2,2026-10-06,17:00,America/Los_Angeles,Uncork & Connect: Women in AI,FiDi,Unspecified,https://www.tech-week.com/calendar/sf/events/uncork-and-connect-women-in-ai-87f2a2ae-41ff-46a3-8448-a34631dad8b2,2026-09-24T03:24:10.256338Z
9ce6e32b-2a97-4796-84c8-c101ed9857ab,2026-10-06,17:00,America/Los_Angeles,VC-Backed AI Founder Showcase,SOMA,Unspecified,https://www.tech-week.com/calendar/sf/events/vc-backed-ai-founder-showcase-9ce6e32b-2a97-4796-84c8-c101ed9857ab,2026-09-24T03:24:10.256338Z
cf85bdd3-8c74-4064-b3d8-445c77fd5a55,2026-10-06,17:00,America/Los_Angeles,Will AI Really Replace Your Doctor?,Embarcadero,Unspecified,https://www.tech-week.com/calendar/sf/events/will-ai-really-replace-your-doctor-cf85bdd3-8c74-4064-b3d8-445c77fd5a55,2026-09-24T03:24:10.256338Z
8708e3fd-66f3-4c0f-9937-ea390fd24f5f,2026-10-06,17:00,America/Los_Angeles,"🔥 The Brave New World of Startup Fundraising w/Conviction Partners, Recursive, Gradient & More",Downtown,Unspecified,https://www.tech-week.com/calendar/sf/events/the-brave-new-world-of-startup-fundraising-w-conviction-partners-recursive-gradi-8708e3fd-66f3-4c0f-9937-ea390fd24f5f,2026-09-24T03:24:10.256338Z
c3c7cb8f-8d39-4269-a074-821341e5b708,2026-10-06,17:30,America/Los_Angeles,a16z Bio/Health Happy Hour,SOMA,Unspecified,https://www.tech-week.com/calendar/sf/events/a16z-bio-health-happy-hour-c3c7cb8f-8d39-4269-a074-821341e5b708,2026-09-24T03:24:10.256338Z
cc0345c8-42b5-4f20-8034-797b7abfdad2,2026-10-06,17:30,America/Los_Angeles,AI Agents After Hours: The Next Chapter of Manus,FiDi,Unspecified,https://www.tech-week.com/calendar/sf/events/ai-agents-after-hours-the-next-chapter-of-manus-cc0345c8-42b5-4f20-8034-797b7abfdad2,2026-09-24T03:24:10.256338Z
c124e06a-8f9c-4593-ac1e-832a2513d3e3,2026-10-06,17:30,America/Los_Angeles,"AI Agents Builder Night with PostHog, Convex, Elastic, & Rootly AI",Potrero Hill,Unspecified,https://www.tech-week.com/calendar/sf/events/ai-agents-builder-night-with-posthog-convex-elastic-and-rootly-ai-c124e06a-8f9c-4593-ac1e-832a2513d3e3,2026-09-24T03:24:10.256338Z
624c074a-22c8-43f6-9a8c-1dcf8abb0b65,2026-10-06,17:30,America/Los_Angeles,AI and Real Estate - Tools for Success,FiDi,Unspecified,https://www.tech-week.com/calendar/sf/events/ai-and-real-estate-tools-for-success-624c074a-22c8-43f6-9a8c-1dcf8abb0b65,2026-09-24T03:24:10.256338Z
f8bce07c-7d8e-4a0e-a914-aff035bca4a1,2026-10-06,17:30,America/Los_Angeles,AI × Power Markets: The Grid Becomes Investable — LIONSGRID Live Demo,FiDi,Unspecified,https://www.tech-week.com/calendar/sf/events/ai-power-markets-the-grid-becomes-investable-lionsgrid-live-demo-f8bce07c-7d8e-4a0e-a914-aff035bca4a1,2026-09-24T03:24:10.256338Z
b9387389-8040-4aad-b307-ec9be7dc0268,2026-10-06,17:30,America/Los_Angeles,Biology Is Getting a World Model,FiDi,Unspecified,https://www.tech-week.com/calendar/sf/events/biology-is-getting-a-world-model-b9387389-8040-4aad-b307-ec9be7dc0268,2026-09-24T03:24:10.256338Z
68859d40-1b70-4252-9d50-235fb0d56972,2026-10-06,17:30,America/Los_Angeles,Bonne Chance is Not a Strategy: Ember’s US Launch Party,Mission,Unspecified,https://www.tech-week.com/calendar/sf/events/bonne-chance-is-not-a-strategy-ember-s-us-launch-party-68859d40-1b70-4252-9d50-235fb0d56972,2026-09-24T03:24:10.256338Z
af88d68e-29e0-48a1-a6b4-a8cc51f14a54,2026-10-06,17:30,America/Los_Angeles,Building Your Discord Server Through Every Stage of Game Development,SOMA,Unspecified,https://www.tech-week.com/calendar/sf/events/building-your-discord-server-through-every-stage-of-game-development-af88d68e-29e0-48a1-a6b4-a8cc51f14a54,2026-09-24T03:24:10.256338Z
30ae2bf2-17ee-4197-8d57-885e834613b2,2026-10-06,17:30,America/Los_Angeles,Built Different: UnCommon Demo Night,East Bay,Unspecified,https://www.tech-week.com/calendar/sf/events/built-different-uncommon-demo-night-30ae2bf2-17ee-4197-8d57-885e834613b2,2026-09-24T03:24:10.256338Z
fa378e29-57e0-4583-aa85-56f4e4015894,2026-10-06,17:30,America/Los_Angeles,Camp AI: Production-Ready Agents,Embarcadero,Unspecified,https://www.tech-week.com/calendar/sf/events/camp-ai-production-ready-agents-fa378e29-57e0-4583-aa85-56f4e4015894,2026-09-24T03:24:10.256338Z
507d2559-ad06-4267-8f50-0bd7eaaa33dd,2026-10-06,17:30,America/Los_Angeles,Confronting Genocide in the Tech and Startup World,Downtown,Unspecified,https://www.tech-week.com/calendar/sf/events/confronting-genocide-in-the-tech-and-startup-world-507d2559-ad06-4267-8f50-0bd7eaaa33dd,2026-09-24T03:24:10.256338Z
115af5ae-cf8c-4aec-8519-d3c3a38814e8,2026-10-06,17:30,America/Los_Angeles,Consumer Apps Rooftop Mixer,Mission,Unspecified,https://www.tech-week.com/calendar/sf/events/consumer-apps-rooftop-mixer-115af5ae-cf8c-4aec-8519-d3c3a38814e8,2026-09-24T03:24:10.256338Z
839dc60c-92ea-4170-8693-3cedf5bf6a2f,2026-10-06,17:30,America/Los_Angeles,Conversational AI Dinner,NOPA,Unspecified,https://www.tech-week.com/calendar/sf/events/conversational-ai-dinner-839dc60c-92ea-4170-8693-3cedf5bf6a2f,2026-09-24T03:24:10.256338Z
9e6a32fd-f931-48b4-b0f7-7115a7b6617d,2026-10-06,17:30,America/Los_Angeles,CRITICAL MINERALS NIGHT: From AI Models to Mineral Assets in the Midst of a Mineral Super Cycle,Union Square,Unspecified,https://www.tech-week.com/calendar/sf/events/critical-minerals-night-from-ai-models-to-mineral-assets-in-the-midst-of-a-miner-9e6a32fd-f931-48b4-b0f7-7115a7b6617d,2026-09-24T03:24:10.256338Z
de511cfa-95e3-44d7-bf05-44c80b0a9c22,2026-10-06,17:30,America/Los_Angeles,Disrupting Group Travel: How AI is transforming Coordination,Palo Alto,Unspecified,https://www.tech-week.com/calendar/sf/events/disrupting-group-travel-how-ai-is-transforming-coordination-de511cfa-95e3-44d7-bf05-44c80b0a9c22,2026-09-24T03:24:10.256338Z
5fb91107-8886-41c0-b7f6-9ff769de17c2,2026-10-06,17:30,America/Los_Angeles,Female Founders Panel,Hayes Valley,Unspecified,https://www.tech-week.com/calendar/sf/events/female-founders-panel-5fb91107-8886-41c0-b7f6-9ff769de17c2,2026-09-24T03:24:10.256338Z
26205a13-4380-4a07-ab8d-cef1e08245d0,2026-10-06,17:30,America/Los_Angeles,Founder and Investor Happy Hour,Palo Alto,Unspecified,https://www.tech-week.com/calendar/sf/events/founder-and-investor-happy-hour-26205a13-4380-4a07-ab8d-cef1e08245d0,2026-09-24T03:24:10.256338Z
c387489d-96ca-4703-8869-3e76a3b14aa2,2026-10-06,17:30,America/Los_Angeles,Founders & Friends: An EQT + Lovable Happy Hour,FiDi,Unspecified,https://www.tech-week.com/calendar/sf/events/founders-and-friends-an-eqt-lovable-happy-hour-c387489d-96ca-4703-8869-3e76a3b14aa2,2026-09-24T03:24:10.256338Z
597ea8ca-ed0b-4da9-828c-3f88caf8f022,2026-10-06,17:30,America/Los_Angeles,"From 0 to 100,000 Devices",Union Square,Unspecified,https://www.tech-week.com/calendar/sf/events/from-0-to-100-000-devices-597ea8ca-ed0b-4da9-828c-3f88caf8f022,2026-09-24T03:24:10.256338Z
036ab2ff-1566-41ee-af53-643c2eaf024f,2026-10-06,17:30,America/Los_Angeles,From Prototype to Production: Scaling Voice AI,FiDi,Unspecified,https://www.tech-week.com/calendar/sf/events/from-prototype-to-production-scaling-voice-ai-036ab2ff-1566-41ee-af53-643c2eaf024f,2026-09-24T03:24:10.256338Z
931a9198-ed5b-4a8b-bb6a-533f57e6b804,2026-10-06,17:30,America/Los_Angeles,"Houston, We Have No Cloud: Build Your AI for the Moon",Downtown,Unspecified,https://www.tech-week.com/calendar/sf/events/houston-we-have-no-cloud-build-your-ai-for-the-moon-931a9198-ed5b-4a8b-bb6a-533f57e6b804,2026-09-24T03:24:10.256338Z
83f5a954-08d8-410f-8ee9-b87f70c6a4f3,2026-10-06,17:30,America/Los_Angeles,interface.ai Demo Night,FiDi,Unspecified,https://www.tech-week.com/calendar/sf/events/interface-ai-demo-night-83f5a954-08d8-410f-8ee9-b87f70c6a4f3,2026-09-24T03:24:10.256338Z
9cc4d13c-e5ca-48d4-afb1-191db70f0292,2026-10-06,17:30,America/Los_Angeles,"Lessons from Building Retrieval at AWS, Linkedin, & Google",SOMA,Unspecified,https://www.tech-week.com/calendar/sf/events/lessons-from-building-retrieval-at-aws-linkedin-and-google-9cc4d13c-e5ca-48d4-afb1-191db70f0292,2026-09-24T03:24:10.256338Z
9a37417a-f09e-46b2-89db-c4aea2c40739,2026-10-06,17:30,America/Los_Angeles,Longevity Tech: Nobody Needs Another Number,Hayes Valley,Unspecified,https://www.tech-week.com/calendar/sf/events/longevity-tech-nobody-needs-another-number-9a37417a-f09e-46b2-89db-c4aea2c40739,2026-09-24T03:24:10.256338Z
795ce7e0-5e78-4673-a9cf-8ac5f5915879,2026-10-06,17:30,America/Los_Angeles,Own Your Distribution,Downtown,Unspecified,https://www.tech-week.com/calendar/sf/events/own-your-distribution-795ce7e0-5e78-4673-a9cf-8ac5f5915879,2026-09-24T03:24:10.256338Z
a247bf0f-2099-4eef-99a1-85f2c4982ae6,2026-10-06,17:30,America/Los_Angeles,Physical AI Innovation Showcase with SAP and Plug and Play,SOMA,Unspecified,https://www.tech-week.com/calendar/sf/events/physical-ai-innovation-showcase-with-sap-and-plug-and-play-a247bf0f-2099-4eef-99a1-85f2c4982ae6,2026-09-24T03:24:10.256338Z
f7bb76d8-d2e4-44ac-b945-bc3bad392fda,2026-10-06,17:30,America/Los_Angeles,"Ready for Anything: IPOs, SPACs and Capital Market Shifts",SOMA,Unspecified,https://www.tech-week.com/calendar/sf/events/ready-for-anything-ipos-spacs-and-capital-market-shifts-f7bb76d8-d2e4-44ac-b945-bc3bad392fda,2026-09-24T03:24:10.256338Z
7323076e-40db-4682-a73d-5c6ac0dfd285,2026-10-06,17:30,America/Los_Angeles,RedBridge Lisbon,FiDi,Unspecified,https://www.tech-week.com/calendar/sf/events/redbridge-lisbon-7323076e-40db-4682-a73d-5c6ac0dfd285,2026-09-24T03:24:10.256338Z
ee7f5c91-ae02-43cb-ae1c-059591057ca2,2026-10-06,17:30,America/Los_Angeles,Robotics Happy Hour with LiveKit & Dimensional,Downtown,Unspecified,https://www.tech-week.com/calendar/sf/events/robotics-happy-hour-with-livekit-and-dimensional-ee7f5c91-ae02-43cb-ae1c-059591057ca2,2026-09-24T03:24:10.256338Z
ace39fbb-ac3c-4be3-bdca-76eaa26123b6,2026-10-06,17:30,America/Los_Angeles,Scotland x SF Mixer,SOMA,Unspecified,https://www.tech-week.com/calendar/sf/events/scotland-x-sf-mixer-ace39fbb-ac3c-4be3-bdca-76eaa26123b6,2026-09-24T03:24:10.256338Z
dfcad384-02ec-4440-af22-7371299866ee,2026-10-06,17:30,America/Los_Angeles,Ship an AI Voice Agent Workshop,Civic Center,Unspecified,https://www.tech-week.com/calendar/sf/events/ship-an-ai-voice-agent-workshop-dfcad384-02ec-4440-af22-7371299866ee,2026-09-24T03:24:10.256338Z
fcb5966d-45b9-47c3-96a2-f8129a4ae84c,2026-10-06,17:30,America/Los_Angeles,State of Models,FiDi,Unspecified,https://www.tech-week.com/calendar/sf/events/state-of-models-fcb5966d-45b9-47c3-96a2-f8129a4ae84c,2026-09-24T03:24:10.256338Z
d7ff2245-f917-4e8a-9026-c1b6efabcaec,2026-10-06,17:30,America/Los_Angeles,Stop losing money on events: How we use AI to make $10k per event,FiDi,Unspecified,https://www.tech-week.com/calendar/sf/events/stop-losing-money-on-events-how-we-use-ai-to-make-10k-per-event-d7ff2245-f917-4e8a-9026-c1b6efabcaec,2026-09-24T03:24:10.256338Z
e3f8cab6-1cd0-4873-abae-06196b0d1977,2026-10-06,17:30,America/Los_Angeles,Strike It Rich: A Gold Rush Scavenger Hunt,FiDi,Unspecified,https://www.tech-week.com/calendar/sf/events/strike-it-rich-a-gold-rush-scavenger-hunt-e3f8cab6-1cd0-4873-abae-06196b0d1977,2026-09-24T03:24:10.256338Z
9f9b4fe6-1af7-41ca-a5d5-21ced908b4a5,2026-10-06,17:30,America/Los_Angeles,The New Executive Playbook,Lower Nob Hill,Unspecified,https://www.tech-week.com/calendar/sf/events/the-new-executive-playbook-9f9b4fe6-1af7-41ca-a5d5-21ced908b4a5,2026-09-24T03:24:10.256338Z
3cde8a56-71fa-41c3-9c39-a20f9efa772f,2026-10-06,17:30,America/Los_Angeles,THE STARTUP JOURNEY FIRESIDE CHAT,FiDi,Unspecified,https://www.tech-week.com/calendar/sf/events/the-startup-journey-fireside-chat-3cde8a56-71fa-41c3-9c39-a20f9efa772f,2026-09-24T03:24:10.256338Z
11826192-52e1-455c-9a7f-3869665f3086,2026-10-06,17:30,America/Los_Angeles,The Top Floor - An Evening for GTM Leaders,FiDi,Unspecified,https://www.tech-week.com/calendar/sf/events/the-top-floor-an-evening-for-gtm-leaders-11826192-52e1-455c-9a7f-3869665f3086,2026-09-24T03:24:10.256338Z
fe7ee845-f81f-4343-a685-b960292202b2,2026-10-06,17:30,America/Los_Angeles,Ugly Talk: What Agents Can't Buy (Yet) - Transacting in the Agentic Economy,Downtown,Unspecified,https://www.tech-week.com/calendar/sf/events/ugly-talk-what-agents-can-t-buy-yet-transacting-in-the-agentic-economy-fe7ee845-f81f-4343-a685-b960292202b2,2026-09-24T03:24:10.256338Z
fbc52c59-432a-4c65-a82f-afcf1d915f4b,2026-10-06,17:30,America/Los_Angeles,Vibe Coding Needs a Merge Gate: AI Agents That Test - #SF TechWeek,SOMA,Unspecified,https://www.tech-week.com/calendar/sf/events/vibe-coding-needs-a-merge-gate-ai-agents-that-test-sf-techweek-fbc52c59-432a-4c65-a82f-afcf1d915f4b,2026-09-24T03:24:10.256338Z
4c8e2568-6797-46d6-ba78-260d5229a863,2026-10-06,17:30,America/Los_Angeles,What Shouldn’t Be an LLM? - Rethinking the Economics of Production AI,Union Square,Unspecified,https://www.tech-week.com/calendar/sf/events/what-shouldn-t-be-an-llm-rethinking-the-economics-of-production-ai-4c8e2568-6797-46d6-ba78-260d5229a863,2026-09-24T03:24:10.256338Z
d472b07e-86ef-44b1-865a-8b1e2d440d5b,2026-10-06,17:30,America/Los_Angeles,When Agents Spend Money,SOMA,Unspecified,https://www.tech-week.com/calendar/sf/events/when-agents-spend-money-d472b07e-86ef-44b1-865a-8b1e2d440d5b,2026-09-24T03:24:10.256338Z
8ce3bf3b-4115-41a3-bdc0-dc2151b17c26,2026-10-06,17:30,America/Los_Angeles,"Workshop: Trust Me, I’m an Agent",Downtown,Unspecified,https://www.tech-week.com/calendar/sf/events/workshop-trust-me-i-m-an-agent-8ce3bf3b-4115-41a3-bdc0-dc2151b17c26,2026-09-24T03:24:10.256338Z
a998627e-8130-4979-983f-b6b4cef12a5a,2026-10-06,17:45,America/Los_Angeles,The Trust Problem AI Created For B2B Marketers,Virtual,Unspecified,https://www.tech-week.com/calendar/sf/events/the-trust-problem-ai-created-for-b2b-marketers-a998627e-8130-4979-983f-b6b4cef12a5a,2026-09-24T03:24:10.256338Z
0cc0320c-8cfe-4193-8bb6-8a9848ba2d61,2026-10-06,17:45,America/Los_Angeles,🤖 The ChatGPT Moment for Robotics,East Bay,Unspecified,https://www.tech-week.com/calendar/sf/events/the-chatgpt-moment-for-robotics-0cc0320c-8cfe-4193-8bb6-8a9848ba2d61,2026-09-24T03:24:10.256338Z
02bd75fc-b5eb-44f0-beb6-385b9890a7e6,2026-10-06,18:00,America/Los_Angeles,AI + Games : Good Start Labs Happy Hour,Dogpatch,Unspecified,https://www.tech-week.com/calendar/sf/events/ai-games-good-start-labs-happy-hour-02bd75fc-b5eb-44f0-beb6-385b9890a7e6,2026-09-24T03:24:10.256338Z
9eb80e6b-9d01-46fa-b550-15bbd18f7fb9,2026-10-06,18:00,America/Los_Angeles,AI Founders Mixer,Downtown,Unspecified,https://www.tech-week.com/calendar/sf/events/ai-founders-mixer-9eb80e6b-9d01-46fa-b550-15bbd18f7fb9,2026-09-24T03:24:10.256338Z
41761a61-c363-4888-82d4-bb0b364bc1be,2026-10-06,18:00,America/Los_Angeles,AI Insiders: AI × Security,FiDi,Unspecified,https://www.tech-week.com/calendar/sf/events/ai-insiders-ai-security-41761a61-c363-4888-82d4-bb0b364bc1be,2026-09-24T03:24:10.256338Z
e6bc7133-2f5d-43ca-a93f-2291051367b1,2026-10-06,18:00,America/Los_Angeles,AI is Eating Genomics: Frontier Models for Drug Development,FiDi,Waitlist,https://www.tech-week.com/calendar/sf/events/ai-is-eating-genomics-frontier-models-for-drug-development-e6bc7133-2f5d-43ca-a93f-2291051367b1,2026-09-24T03:24:10.256338Z
a0af3a86-fb47-4b9d-9024-e138dd2b0a2f,2026-10-06,18:00,America/Los_Angeles,AI Leaders Dinner (Invite-Only) - Mission,Other,Unspecified,https://www.tech-week.com/calendar/sf/events/ai-leaders-dinner-invite-only-mission-a0af3a86-fb47-4b9d-9024-e138dd2b0a2f,2026-09-24T03:24:10.256338Z
f287ca2a-d0f2-45bb-ab4d-479da0231e1f,2026-10-06,18:00,America/Los_Angeles,AI Trivia Night with Gamma & Fin,Russian Hill,Unspecified,https://www.tech-week.com/calendar/sf/events/ai-trivia-night-with-gamma-and-fin-f287ca2a-d0f2-45bb-ab4d-479da0231e1f,2026-09-24T03:24:10.256338Z
77854588-d4a6-42cb-bc27-899b514f0bf8,2026-10-06,18:00,America/Los_Angeles,"AI, Product, & the Teams Building Both: A Dinner for CPTOs",Downtown,Unspecified,https://www.tech-week.com/calendar/sf/events/ai-product-and-the-teams-building-both-a-dinner-for-cptos-77854588-d4a6-42cb-bc27-899b514f0bf8,2026-09-24T03:24:10.256338Z
5fbe7eee-b493-46c6-8460-6aced885a483,2026-10-06,18:00,America/Los_Angeles,Amboy Street Ventures' Women's Health Happy Hour,Marina,Unspecified,https://www.tech-week.com/calendar/sf/events/amboy-street-ventures-women-s-health-happy-hour-5fbe7eee-b493-46c6-8460-6aced885a483,2026-09-24T03:24:10.256338Z
16951ece-b81d-426e-8b84-6a825dcb37a1,2026-10-06,18:00,America/Los_Angeles,Applied AI in the Enterprise (Exclusive Dinner),FiDi,Unspecified,https://www.tech-week.com/calendar/sf/events/applied-ai-in-the-enterprise-exclusive-dinner-16951ece-b81d-426e-8b84-6a825dcb37a1,2026-09-24T03:24:10.256338Z
49906038-af05-40d6-9e3c-87b05a135b45,2026-10-06,18:00,America/Los_Angeles,"Astorie Live: One Canvas, 100+ AI Models",Union Square,Unspecified,https://www.tech-week.com/calendar/sf/events/astorie-live-one-canvas-100-ai-models-49906038-af05-40d6-9e3c-87b05a135b45,2026-09-24T03:24:10.256338Z
7a931646-3861-4a4e-8c20-ca50b1afb716,2026-10-06,18:00,America/Los_Angeles,Best Coast LP + VC Exchange,FiDi,Unspecified,https://www.tech-week.com/calendar/sf/events/best-coast-lp-vc-exchange-7a931646-3861-4a4e-8c20-ca50b1afb716,2026-09-24T03:24:10.256338Z
550052be-0ce1-41d4-971a-30dcd3828b59,2026-10-06,18:00,America/Los_Angeles,Beyond the Views: The AI-Powered ROI of Brand Partnerships,FiDi,Unspecified,https://www.tech-week.com/calendar/sf/events/beyond-the-views-the-ai-powered-roi-of-brand-partnerships-550052be-0ce1-41d4-971a-30dcd3828b59,2026-09-24T03:24:10.256338Z
39215bde-0c3d-49c5-9783-835866f98e5f,2026-10-06,18:00,America/Los_Angeles,Bridging Innovation & Defense: A special event for Defense Innovators at,Marina,Unspecified,https://www.tech-week.com/calendar/sf/events/bridging-innovation-and-defense-a-special-event-for-defense-innovators-at-39215bde-0c3d-49c5-9783-835866f98e5f,2026-09-24T03:24:10.256338Z
68c22a9b-6695-443c-a609-b8c4f9ad4cbe,2026-10-06,18:00,America/Los_Angeles,Build the Context Layer for Your GTM,Downtown,Unspecified,https://www.tech-week.com/calendar/sf/events/build-the-context-layer-for-your-gtm-68c22a9b-6695-443c-a609-b8c4f9ad4cbe,2026-09-24T03:24:10.256338Z
58b57c85-83f6-4edc-b79a-230dff694e09,2026-10-06,18:00,America/Los_Angeles,Building the New Space Economy,Mission,Unspecified,https://www.tech-week.com/calendar/sf/events/building-the-new-space-economy-58b57c85-83f6-4edc-b79a-230dff694e09,2026-09-24T03:24:10.256338Z
dd1ad3b0-a419-4619-a8d1-8fec7c117a56,2026-10-06,18:00,America/Los_Angeles,compute happy hour,SOMA,Unspecified,https://www.tech-week.com/calendar/sf/events/compute-happy-hour-dd1ad3b0-a419-4619-a8d1-8fec7c117a56,2026-09-24T03:24:10.256338Z
31e0ed3d-7478-4f4f-aeec-dc02e33b2735,2026-10-06,18:00,America/Los_Angeles,Creative AI: The Next 12 Months,SOMA,Unspecified,https://www.tech-week.com/calendar/sf/events/creative-ai-the-next-12-months-31e0ed3d-7478-4f4f-aeec-dc02e33b2735,2026-09-24T03:24:10.256338Z
4c5014a6-ff3b-4939-a704-6c5bbb9ec49c,2026-10-06,18:00,America/Los_Angeles,Data Center Tour,Other,Unspecified,https://www.tech-week.com/calendar/sf/events/data-center-tour-4c5014a6-ff3b-4939-a704-6c5bbb9ec49c,2026-09-24T03:24:10.256338Z
3a3b4dfc-bd7b-48bc-b1e9-c8830e04cc7f,2026-10-06,18:00,America/Los_Angeles,Deals & Drinks: VC Happy Hour,Nob Hill,Unspecified,https://www.tech-week.com/calendar/sf/events/deals-and-drinks-vc-happy-hour-3a3b4dfc-bd7b-48bc-b1e9-c8830e04cc7f,2026-09-24T03:24:10.256338Z
c17cbfc7-1fe8-4a5b-be86-35d31e278024,2026-10-06,18:00,America/Los_Angeles,DeepTech LP & GP Dinner,FiDi,Unspecified,https://www.tech-week.com/calendar/sf/events/deeptech-lp-and-gp-dinner-c17cbfc7-1fe8-4a5b-be86-35d31e278024,2026-09-24T03:24:10.256338Z
7eb977f6-d6b1-40d2-ad02-3f1ad4779419,2026-10-06,18:00,America/Los_Angeles,Designing for Physical AI: From Innovation Lab to Factory Floor,Mission Bay,Unspecified,https://www.tech-week.com/calendar/sf/events/designing-for-physical-ai-from-innovation-lab-to-factory-floor-7eb977f6-d6b1-40d2-ad02-3f1ad4779419,2026-09-24T03:24:10.256338Z
cdfd45e8-7c28-4907-9132-b5b4d16e6243,2026-10-06,18:00,America/Los_Angeles,Energy to build @ Bay Padel,Dogpatch,Unspecified,https://www.tech-week.com/calendar/sf/events/energy-to-build-bay-padel-cdfd45e8-7c28-4907-9132-b5b4d16e6243,2026-09-24T03:24:10.256338Z
c17e7388-1dcc-4391-bdb6-e1b27030e2d0,2026-10-06,18:00,America/Los_Angeles,Founder-led sales night - Grok Bot x Stage2 Capital,North Beach,Unspecified,https://www.tech-week.com/calendar/sf/events/founder-led-sales-night-grok-bot-x-stage2-capital-c17e7388-1dcc-4391-bdb6-e1b27030e2d0,2026-09-24T03:24:10.256338Z
c267f0f0-399f-453e-99f1-6400c27a000f,2026-10-06,18:00,America/Los_Angeles,Founders & Funders: VC Reverse Pitch,Downtown,Unspecified,https://www.tech-week.com/calendar/sf/events/founders-and-funders-vc-reverse-pitch-c267f0f0-399f-453e-99f1-6400c27a000f,2026-09-24T03:24:10.256338Z
243d4369-0c3b-42e6-8a50-bd3789456345,2026-10-06,18:00,America/Los_Angeles,Founding GPs VC Omakase,SOMA,Unspecified,https://www.tech-week.com/calendar/sf/events/founding-gps-vc-omakase-243d4369-0c3b-42e6-8a50-bd3789456345,2026-09-24T03:24:10.256338Z
a18c7463-a075-4e70-8b3a-961282853401,2026-10-06,18:00,America/Los_Angeles,"Freedom of Movement: AI, Borders, and the Global Mobility OS",Downtown,Unspecified,https://www.tech-week.com/calendar/sf/events/freedom-of-movement-ai-borders-and-the-global-mobility-os-a18c7463-a075-4e70-8b3a-961282853401,2026-09-24T03:24:10.256338Z
b5d304c1-bfc1-4a2e-931e-322750701916,2026-10-06,18:00,America/Los_Angeles,Future of Open Source,FiDi,Unspecified,https://www.tech-week.com/calendar/sf/events/future-of-open-source-b5d304c1-bfc1-4a2e-931e-322750701916,2026-09-24T03:24:10.256338Z
af5ce35e-f17f-4328-ac9b-b72e1dfe4857,2026-10-06,18:00,America/Los_Angeles,Genome Party,Downtown,Unspecified,https://www.tech-week.com/calendar/sf/events/genome-party-af5ce35e-f17f-4328-ac9b-b72e1dfe4857,2026-09-24T03:24:10.256338Z
c031a786-3363-4be7-99a7-59aca23332b8,2026-10-06,18:00,America/Los_Angeles,"Government, Media & AI: the Future of Public Affairs",Mission,Unspecified,https://www.tech-week.com/calendar/sf/events/government-media-and-ai-the-future-of-public-affairs-c031a786-3363-4be7-99a7-59aca23332b8,2026-09-24T03:24:10.256338Z
e8115863-cc3c-4795-9a3a-0d1fd82a89e8,2026-10-06,18:00,America/Los_Angeles,GP | LP | Series A Dinner,FiDi,Unspecified,https://www.tech-week.com/calendar/sf/events/gp-lp-series-a-dinner-e8115863-cc3c-4795-9a3a-0d1fd82a89e8,2026-09-24T03:24:10.256338Z
4039cb07-1bf6-4e01-a733-c5451b3c53d3,2026-10-06,18:00,America/Los_Angeles,GP | LP | Series A Dinner by MATCH HOUSE,Downtown,Unspecified,https://www.tech-week.com/calendar/sf/events/gp-lp-series-a-dinner-by-match-house-4039cb07-1bf6-4e01-a733-c5451b3c53d3,2026-09-24T03:24:10.256338Z
adb56613-e26f-4cd1-91cf-4872e183d955,2026-10-06,18:00,America/Los_Angeles,Happy Hour with Mirror Mirror AI SF,Marina,Unspecified,https://www.tech-week.com/calendar/sf/events/happy-hour-with-mirror-mirror-ai-sf-adb56613-e26f-4cd1-91cf-4872e183d955,2026-09-24T03:24:10.256338Z
43acab43-494d-42c0-8859-f61fd2829513,2026-10-06,18:00,America/Los_Angeles,Hot Takes Open Mic,SOMA,Unspecified,https://www.tech-week.com/calendar/sf/events/hot-takes-open-mic-43acab43-494d-42c0-8859-f61fd2829513,2026-09-24T03:24:10.256338Z
6c0631f8-f8d3-4ea6-a566-e37b88d26d20,2026-10-06,18:00,America/Los_Angeles,Intelligence in the Open: Recursive Self-Improvement,FiDi,Unspecified,https://www.tech-week.com/calendar/sf/events/intelligence-in-the-open-recursive-self-improvement-6c0631f8-f8d3-4ea6-a566-e37b88d26d20,2026-09-24T03:24:10.256338Z
9395e4fb-fc04-4b25-8a00-262c90591caf,2026-10-06,18:00,America/Los_Angeles,"International Founders Happy Hour w/ Deel, J.P. Morgan, Orrick",FiDi,Unspecified,https://www.tech-week.com/calendar/sf/events/international-founders-happy-hour-w-deel-j-p-morgan-orrick-9395e4fb-fc04-4b25-8a00-262c90591caf,2026-09-24T03:24:10.256338Z
e9212333-d924-460b-b878-7515b17aa382,2026-10-06,18:00,America/Los_Angeles,J.P. Morgan Presents AI in Action,Mission Bay,Unspecified,https://www.tech-week.com/calendar/sf/events/j-p-morgan-presents-ai-in-action-e9212333-d924-460b-b878-7515b17aa382,2026-09-24T03:24:10.256338Z
c6a22a3e-e21c-4826-89a0-4ce32dd0f018,2026-10-06,18:00,America/Los_Angeles,"M12 X NVIDIA X ETALYTICS: The AI Power Crunch: Energy, Compute and the Race to Scale AI",SOMA,Unspecified,https://www.tech-week.com/calendar/sf/events/m12-x-nvidia-x-etalytics-the-ai-power-crunch-energy-compute-and-the-race-to-scal-c6a22a3e-e21c-4826-89a0-4ce32dd0f018,2026-09-24T03:24:10.256338Z
ebe3348b-2ee6-4cfa-b6b7-ee53d8dd07ad,2026-10-06,18:00,America/Los_Angeles,Machines with Money,SOMA,Unspecified,https://www.tech-week.com/calendar/sf/events/machines-with-money-ebe3348b-2ee6-4cfa-b6b7-ee53d8dd07ad,2026-09-24T03:24:10.256338Z
817e6a24-edcb-40a4-9bf1-927749bf4980,2026-10-06,18:00,America/Los_Angeles,NIGHT SHIFT - SF Tech Week After Party,SOMA,Unspecified,https://www.tech-week.com/calendar/sf/events/night-shift-sf-tech-week-after-party-817e6a24-edcb-40a4-9bf1-927749bf4980,2026-09-24T03:24:10.256338Z
1e9cbabf-2d1a-4e9f-ac24-6fa652f35ab4,2026-10-06,18:00,America/Los_Angeles,NYX Gathering,Chinatown,Unspecified,https://www.tech-week.com/calendar/sf/events/nyx-gathering-1e9cbabf-2d1a-4e9f-ac24-6fa652f35ab4,2026-09-24T03:24:10.256338Z
369e208d-4e87-4e24-9198-6e79bd54aba8,2026-10-06,18:00,America/Los_Angeles,Open Social Meetup,Mission,Unspecified,https://www.tech-week.com/calendar/sf/events/open-social-meetup-369e208d-4e87-4e24-9198-6e79bd54aba8,2026-09-24T03:24:10.256338Z
c1abc5e0-901c-4eb1-870f-4399513865c4,2026-10-06,18:00,America/Los_Angeles,Panel: Beyond the Demo — The Hard Problems in Voice AI,Potrero Hill,Unspecified,https://www.tech-week.com/calendar/sf/events/panel-beyond-the-demo-the-hard-problems-in-voice-ai-c1abc5e0-901c-4eb1-870f-4399513865c4,2026-09-24T03:24:10.256338Z
54869508-5cde-473a-98b9-3892d0a8f804,2026-10-06,18:00,America/Los_Angeles,Powering the Golden Dome by Imagining Forward,Lower Nob Hill,Unspecified,https://www.tech-week.com/calendar/sf/events/powering-the-golden-dome-by-imagining-forward-54869508-5cde-473a-98b9-3892d0a8f804,2026-09-24T03:24:10.256338Z
ec912e73-63b2-4f5c-9c37-d5d82cb20d82,2026-10-06,18:00,America/Los_Angeles,Quantum Tech Happy Hour,Downtown,Unspecified,https://www.tech-week.com/calendar/sf/events/quantum-tech-happy-hour-ec912e73-63b2-4f5c-9c37-d5d82cb20d82,2026-09-24T03:24:10.256338Z
2bb716da-776c-472c-91ce-3ea4cb7dbc6e,2026-10-06,18:00,America/Los_Angeles,Self-improving Agentic Harness,SOMA,Unspecified,https://www.tech-week.com/calendar/sf/events/self-improving-agentic-harness-2bb716da-776c-472c-91ce-3ea4cb7dbc6e,2026-09-24T03:24:10.256338Z
c4014dd7-0666-4a29-9e87-15cd3d5e0af6,2026-10-06,18:00,America/Los_Angeles,Show and Tell: AI Design,FiDi,Unspecified,https://www.tech-week.com/calendar/sf/events/show-and-tell-ai-design-c4014dd7-0666-4a29-9e87-15cd3d5e0af6,2026-09-24T03:24:10.256338Z
9afa6c44-f025-4546-88c6-eee99321faa7,2026-10-06,18:00,America/Los_Angeles,Sushi-Making with Fearn and Kindred Ventures,Mission,Unspecified,https://www.tech-week.com/calendar/sf/events/sushi-making-with-fearn-and-kindred-ventures-9afa6c44-f025-4546-88c6-eee99321faa7,2026-09-24T03:24:10.256338Z
3c3c230e-6e53-486d-9e24-4ddf1375d45a,2026-10-06,18:00,America/Los_Angeles,SYNC,Downtown,Unspecified,https://www.tech-week.com/calendar/sf/events/sync-3c3c230e-6e53-486d-9e24-4ddf1375d45a,2026-09-24T03:24:10.256338Z
4b506bfb-a8c9-43d4-9af8-98036aa01860,2026-10-06,18:00,America/Los_Angeles,Taste of Deel and local wine,North Beach,Unspecified,https://www.tech-week.com/calendar/sf/events/taste-of-deel-and-local-wine-4b506bfb-a8c9-43d4-9af8-98036aa01860,2026-09-24T03:24:10.256338Z
5deadf61-8691-4d9f-8906-4846f83f620c,2026-10-06,18:00,America/Los_Angeles,The Agent Ops Problem · Engineering Leaders Dinner,FiDi,Unspecified,https://www.tech-week.com/calendar/sf/events/the-agent-ops-problem-engineering-leaders-dinner-5deadf61-8691-4d9f-8906-4846f83f620c,2026-09-24T03:24:10.256338Z
c391e6ce-3e69-4141-ab67-5c9af85527ba,2026-10-06,18:00,America/Los_Angeles,The AI Founders Table ✦ Boardy × Women in AI,Downtown,Unspecified,https://www.tech-week.com/calendar/sf/events/the-ai-founders-table-boardy-women-in-ai-c391e6ce-3e69-4141-ab67-5c9af85527ba,2026-09-24T03:24:10.256338Z
fb6a5d8b-b197-4e17-b53f-c485a8ebc48d,2026-10-06,18:00,America/Los_Angeles,The Extraordinary International Founders BBQ,SOMA,Unspecified,https://www.tech-week.com/calendar/sf/events/the-extraordinary-international-founders-bbq-fb6a5d8b-b197-4e17-b53f-c485a8ebc48d,2026-09-24T03:24:10.256338Z
ed6a6497-dbc3-4057-8f07-76630629930a,2026-10-06,18:00,America/Los_Angeles,"The Future of AI: Reasoning, Reliability & What Comes Next- #SF TechWeek",Embarcadero,Unspecified,https://www.tech-week.com/calendar/sf/events/the-future-of-ai-reasoning-reliability-and-what-comes-next-sf-techweek-ed6a6497-dbc3-4057-8f07-76630629930a,2026-09-24T03:24:10.256338Z
08fc9203-738b-47be-b755-d824499867e2,2026-10-06,18:00,America/Los_Angeles,The Healthtech Vernissage: Art Gallary Takeover,SOMA,Unspecified,https://www.tech-week.com/calendar/sf/events/the-healthtech-vernissage-art-gallary-takeover-08fc9203-738b-47be-b755-d824499867e2,2026-09-24T03:24:10.256338Z
991ccfbe-3086-4654-bfde-04778cb51121,2026-10-06,18:00,America/Los_Angeles,The Vault: GP x LP Gathering,FiDi,Unspecified,https://www.tech-week.com/calendar/sf/events/the-vault-gp-x-lp-gathering-991ccfbe-3086-4654-bfde-04778cb51121,2026-09-24T03:24:10.256338Z
1c6c2d42-6e5e-4baa-97da-4637ae580f00,2026-10-06,18:00,America/Los_Angeles,Tool Social Club,SOMA,Unspecified,https://www.tech-week.com/calendar/sf/events/tool-social-club-1c6c2d42-6e5e-4baa-97da-4637ae580f00,2026-09-24T03:24:10.256338Z
542e818e-0f2a-46e2-bd8c-b0652402604b,2026-10-06,18:00,America/Los_Angeles,Ugly Talk: Agentic Economy,Union Square,Unspecified,https://www.tech-week.com/calendar/sf/events/ugly-talk-agentic-economy-542e818e-0f2a-46e2-bd8c-b0652402604b,2026-09-24T03:24:10.256338Z
ea5820a7-dec6-4fee-b91e-e1e59ca29079,2026-10-06,18:00,America/Los_Angeles,Warriors vs. Lakers Suite,FiDi,Unspecified,https://www.tech-week.com/calendar/sf/events/warriors-vs-lakers-suite-ea5820a7-dec6-4fee-b91e-e1e59ca29079,2026-09-24T03:24:10.256338Z
a05f0edb-9c14-4ded-999e-91872ee0d447,2026-10-06,18:00,America/Los_Angeles,WEARABLES: The Future of Health/HAPPY HOUR (Free Food + Drinks),SOMA,Unspecified,https://www.tech-week.com/calendar/sf/events/wearables-the-future-of-health-happy-hour-free-food-drinks-a05f0edb-9c14-4ded-999e-91872ee0d447,2026-09-24T03:24:10.256338Z
bf1aafc0-cdff-4020-aa55-01ffb91c8842,2026-10-06,18:00,America/Los_Angeles,Who's Going Rogue?,FiDi,Unspecified,https://www.tech-week.com/calendar/sf/events/who-s-going-rogue-bf1aafc0-cdff-4020-aa55-01ffb91c8842,2026-09-24T03:24:10.256338Z
6cda1df2-0bc2-47de-ba6a-f346f0c0514f,2026-10-06,18:00,America/Los_Angeles,"Women in Tech, Health & Longevity Dinner",Marina,Waitlist,https://www.tech-week.com/calendar/sf/events/women-in-tech-health-and-longevity-dinner-6cda1df2-0bc2-47de-ba6a-f346f0c0514f,2026-09-24T03:24:10.256338Z
c97d895f-237c-4ad5-ae58-e14642ec8b9e,2026-10-06,18:00,America/Los_Angeles,“Find Your Match-a” by 500 Global x Zendesk,SOMA,Unspecified,https://www.tech-week.com/calendar/sf/events/find-your-match-a-by-500-global-x-zendesk-c97d895f-237c-4ad5-ae58-e14642ec8b9e,2026-09-24T03:24:10.256338Z
709035c9-e76f-42bc-8960-b6ad78a230f6,2026-10-06,18:30,America/Los_Angeles,"""Off the Record"" Demo Slam Application - Hosted by Google for Startups & Google DeepMind",SOMA,Closed,https://www.tech-week.com/calendar/sf/events/off-the-record-demo-slam-application-hosted-by-google-for-startups-and-google-de-709035c9-e76f-42bc-8960-b6ad78a230f6,2026-09-24T03:24:10.256338Z
44e0e200-d014-44c1-92f7-d5012bc9b318,2026-10-06,18:30,America/Los_Angeles,Adaption Happy Hour,Mission,Unspecified,https://www.tech-week.com/calendar/sf/events/adaption-happy-hour-44e0e200-d014-44c1-92f7-d5012bc9b318,2026-09-24T03:24:10.256338Z
bcb828b2-47e4-4dcf-ae62-3e9512828726,2026-10-06,18:30,America/Los_Angeles,Agentic Business Card Experiment,Mission,Unspecified,https://www.tech-week.com/calendar/sf/events/agentic-business-card-experiment-bcb828b2-47e4-4dcf-ae62-3e9512828726,2026-09-24T03:24:10.256338Z
4f9ffe8b-d0e4-445a-a03d-e18c56b5736e,2026-10-06,18:30,America/Los_Angeles,AGI Game Night: SCB 10X,Hillsborough,Waitlist,https://www.tech-week.com/calendar/sf/events/agi-game-night-scb-10x-4f9ffe8b-d0e4-445a-a03d-e18c56b5736e,2026-09-24T03:24:10.256338Z
104b50cb-f03c-4118-a98d-405ef18a47de,2026-10-06,18:30,America/Los_Angeles,AI Heist Challenge with Cogent x Modal x LangChain,Downtown,Unspecified,https://www.tech-week.com/calendar/sf/events/ai-heist-challenge-with-cogent-x-modal-x-langchain-104b50cb-f03c-4118-a98d-405ef18a47de,2026-09-24T03:24:10.256338Z
15f08877-91f7-4284-959e-58004295ff9a,2026-10-06,18:30,America/Los_Angeles,Analog After Hours,NOPA,Unspecified,https://www.tech-week.com/calendar/sf/events/analog-after-hours-15f08877-91f7-4284-959e-58004295ff9a,2026-09-24T03:24:10.256338Z
c958b6b6-4414-4248-becf-4821d24f744b,2026-10-06,18:30,America/Los_Angeles,AWS × NVIDIA AI Pitch Competition,Downtown,Unspecified,https://www.tech-week.com/calendar/sf/events/aws-nvidia-ai-pitch-competition-c958b6b6-4414-4248-becf-4821d24f744b,2026-09-24T03:24:10.256338Z
1ae3d5a2-d6a5-4290-b573-dbc2a4f8f006,2026-10-06,18:30,America/Los_Angeles,Building in Health Tech: Founder Talks + Technical Networking,East Bay,Unspecified,https://www.tech-week.com/calendar/sf/events/building-in-health-tech-founder-talks-technical-networking-1ae3d5a2-d6a5-4290-b573-dbc2a4f8f006,2026-09-24T03:24:10.256338Z
eedf0c80-605f-4c91-9eb7-bc36d3a44a3b,2026-10-06,18:30,America/Los_Angeles,Compute & Cocktails,Mission,Unspecified,https://www.tech-week.com/calendar/sf/events/compute-and-cocktails-eedf0c80-605f-4c91-9eb7-bc36d3a44a3b,2026-09-24T03:24:10.256338Z
29410668-2ddb-4413-8860-27ef1833054c,2026-10-06,18:30,America/Los_Angeles,Creator Economy Office Hours,Civic Center,Unspecified,https://www.tech-week.com/calendar/sf/events/creator-economy-office-hours-29410668-2ddb-4413-8860-27ef1833054c,2026-09-24T03:24:10.256338Z
042603cb-a34d-4864-a6fd-116263d077d6,2026-10-06,18:30,America/Los_Angeles,Founders Brew Mixer,SOMA,Unspecified,https://www.tech-week.com/calendar/sf/events/founders-brew-mixer-042603cb-a34d-4864-a6fd-116263d077d6,2026-09-24T03:24:10.256338Z
f1ff2506-c86d-439d-987f-3924ac0291f9,2026-10-06,18:30,America/Los_Angeles,Founding AE meetup,SOMA,Unspecified,https://www.tech-week.com/calendar/sf/events/founding-ae-meetup-f1ff2506-c86d-439d-987f-3924ac0291f9,2026-09-24T03:24:10.256338Z
cbb92bb5-5db8-489c-9851-2d93f830442b,2026-10-06,18:30,America/Los_Angeles,"Frontier Models, High-Speed Inference, and Agents at Scale",SOMA,Unspecified,https://www.tech-week.com/calendar/sf/events/frontier-models-high-speed-inference-and-agents-at-scale-cbb92bb5-5db8-489c-9851-2d93f830442b,2026-09-24T03:24:10.256338Z
c2b84e11-81ee-40e3-b310-5361c04cc7c5,2026-10-06,18:30,America/Los_Angeles,IN CONTEXT: AI Leaders Dinner,FiDi,Unspecified,https://www.tech-week.com/calendar/sf/events/in-context-ai-leaders-dinner-c2b84e11-81ee-40e3-b310-5361c04cc7c5,2026-09-24T03:24:10.256338Z
fba747a7-46dd-43a3-a41c-ca34ee2b8caf,2026-10-06,18:30,America/Los_Angeles,Industrial Tech After Dark,Downtown,Unspecified,https://www.tech-week.com/calendar/sf/events/industrial-tech-after-dark-fba747a7-46dd-43a3-a41c-ca34ee2b8caf,2026-09-24T03:24:10.256338Z
d82a2ce9-2b0e-4d39-98b8-34adc9f7673f,2026-10-06,18:30,America/Los_Angeles,Kylon Party,SOMA,Unspecified,https://www.tech-week.com/calendar/sf/events/kylon-party-d82a2ce9-2b0e-4d39-98b8-34adc9f7673f,2026-09-24T03:24:10.256338Z
07b3d4e3-00c4-4488-9498-5de1c5b076c4,2026-10-06,18:30,America/Los_Angeles,Mothers in Tech: Juggling Career and Motherhood in the Age of AI,Pacific Heights,Unspecified,https://www.tech-week.com/calendar/sf/events/mothers-in-tech-juggling-career-and-motherhood-in-the-age-of-ai-07b3d4e3-00c4-4488-9498-5de1c5b076c4,2026-09-24T03:24:10.256338Z
d6507920-50ac-4c65-81ce-70dab52d53bb,2026-10-06,18:30,America/Los_Angeles,"Physical AI Happy Hour, hosted by CoreWeave",Cow Hollow,Unspecified,https://www.tech-week.com/calendar/sf/events/physical-ai-happy-hour-hosted-by-coreweave-d6507920-50ac-4c65-81ce-70dab52d53bb,2026-09-24T03:24:10.256338Z
93b086e1-4e32-432e-a8c3-1c55c5f169c1,2026-10-06,18:30,America/Los_Angeles,Running GTM with agents: An evening at the Exploratorium,Other,Unspecified,https://www.tech-week.com/calendar/sf/events/running-gtm-with-agents-an-evening-at-the-exploratorium-93b086e1-4e32-432e-a8c3-1c55c5f169c1,2026-09-24T03:24:10.256338Z
a13cb8b3-291a-4854-b647-ca778bf3ab37,2026-10-06,18:30,America/Los_Angeles,Solving Chronic Illness with AI,SOMA,Unspecified,https://www.tech-week.com/calendar/sf/events/solving-chronic-illness-with-ai-a13cb8b3-291a-4854-b647-ca778bf3ab37,2026-09-24T03:24:10.256338Z
7a9f7d78-7623-4d5f-ab85-2433edf6e260,2026-10-06,18:30,America/Los_Angeles,THE PITCH ROOM Live. Interactive. Built for Founders.,Russian Hill,Unspecified,https://www.tech-week.com/calendar/sf/events/the-pitch-room-live-interactive-built-for-founders-7a9f7d78-7623-4d5f-ab85-2433edf6e260,2026-09-24T03:24:10.256338Z
5c00d9ff-222f-49fd-a60b-ce589c95c2fc,2026-10-06,18:30,America/Los_Angeles,"The Revenue Table - An intimate dinner for B2B founders, GTM leaders, and investors I",Embarcadero,Unspecified,https://www.tech-week.com/calendar/sf/events/the-revenue-table-an-intimate-dinner-for-b2b-founders-gtm-leaders-and-investors-5c00d9ff-222f-49fd-a60b-ce589c95c2fc,2026-09-24T03:24:10.256338Z
63de20ce-9cd5-48ef-81c0-ca42e0375e84,2026-10-06,18:30,America/Los_Angeles,The Sapphire Club Launch Dinner,Downtown,Unspecified,https://www.tech-week.com/calendar/sf/events/the-sapphire-club-launch-dinner-63de20ce-9cd5-48ef-81c0-ca42e0375e84,2026-09-24T03:24:10.256338Z
e275cfe1-8146-49fd-9435-5730ffdbff55,2026-10-06,18:30,America/Los_Angeles,Visual AI Inference: Talks & Happy Hour,Mission,Unspecified,https://www.tech-week.com/calendar/sf/events/visual-ai-inference-talks-and-happy-hour-e275cfe1-8146-49fd-9435-5730ffdbff55,2026-09-24T03:24:10.256338Z
173d3b04-910b-403d-ace6-8d8a0b29febd,2026-10-06,18:30,America/Los_Angeles,Zero to Agent: Hands-on Agentic Workshop,Embarcadero,Unspecified,https://www.tech-week.com/calendar/sf/events/zero-to-agent-hands-on-agentic-workshop-173d3b04-910b-403d-ace6-8d8a0b29febd,2026-09-24T03:24:10.256338Z
a867f2bf-a767-43cb-b3cf-6851c01990da,2026-10-06,18:30,America/Los_Angeles,⭕️Build to Last: Identity and Purpose in an Age of Acceleration,SOMA,Unspecified,https://www.tech-week.com/calendar/sf/events/build-to-last-identity-and-purpose-in-an-age-of-acceleration-a867f2bf-a767-43cb-b3cf-6851c01990da,2026-09-24T03:24:10.256338Z
6f480915-3c98-401d-9312-4ebf8ac89458,2026-10-06,19:00,America/Los_Angeles,"AI, Tech, Sports & Sound: Where Culture Gets Built",Other,Unspecified,https://www.tech-week.com/calendar/sf/events/ai-tech-sports-and-sound-where-culture-gets-built-6f480915-3c98-401d-9312-4ebf8ac89458,2026-09-24T03:24:10.256338Z
0004b188-1234-46c6-9c38-825624189ede,2026-10-06,19:00,America/Los_Angeles,Building the Interactive Worlds,Downtown,Closed,https://www.tech-week.com/calendar/sf/events/building-the-interactive-worlds-0004b188-1234-46c6-9c38-825624189ede,2026-09-24T03:24:10.256338Z
2ca005c7-2d8a-457d-bbc5-9eef2b7095a9,2026-10-06,19:00,America/Los_Angeles,Cafe Compute: CTO Salon,FiDi,Unspecified,https://www.tech-week.com/calendar/sf/events/cafe-compute-cto-salon-2ca005c7-2d8a-457d-bbc5-9eef2b7095a9,2026-09-24T03:24:10.256338Z
4ae1e5af-43c0-4640-81f9-26d001c60d33,2026-10-06,19:00,America/Los_Angeles,CONSUMER FOUNDER DINNER,Union Square,Unspecified,https://www.tech-week.com/calendar/sf/events/consumer-founder-dinner-4ae1e5af-43c0-4640-81f9-26d001c60d33,2026-09-24T03:24:10.256338Z
98346a98-182f-4883-b1d9-bfa7f25f2c3d,2026-10-06,19:00,America/Los_Angeles,Contextful Launch Party,East Bay,Unspecified,https://www.tech-week.com/calendar/sf/events/contextful-launch-party-98346a98-182f-4883-b1d9-bfa7f25f2c3d,2026-09-24T03:24:10.256338Z
e09ebe7c-d31b-4398-8b30-afeb0751ee3c,2026-10-06,19:00,America/Los_Angeles,DraperDragon/Sequoia Founders and Friends Happy Hour,Union Square,Unspecified,https://www.tech-week.com/calendar/sf/events/draperdragon-sequoia-founders-and-friends-happy-hour-e09ebe7c-d31b-4398-8b30-afeb0751ee3c,2026-09-24T03:24:10.256338Z
be315c8a-e169-4055-9d1b-9e5b7f5aedf7,2026-10-06,19:00,America/Los_Angeles,"Growth-Stage (or soon to be) Founder Dinner, hosted by Giano Capital",Jackson Square,Unspecified,https://www.tech-week.com/calendar/sf/events/growth-stage-or-soon-to-be-founder-dinner-hosted-by-giano-capital-be315c8a-e169-4055-9d1b-9e5b7f5aedf7,2026-09-24T03:24:10.256338Z
aebf6b88-1f3f-4f23-a739-ec5e26280b85,2026-10-06,19:00,America/Los_Angeles,"Identity, Entity, AI and the New Graph",Other,Unspecified,https://www.tech-week.com/calendar/sf/events/identity-entity-ai-and-the-new-graph-aebf6b88-1f3f-4f23-a739-ec5e26280b85,2026-09-24T03:24:10.256338Z
257e316c-4742-4936-aa18-2a77121ceb6d,2026-10-06,19:00,America/Los_Angeles,In-Space Manufacturing Demo Day,SOMA,Unspecified,https://www.tech-week.com/calendar/sf/events/in-space-manufacturing-demo-day-257e316c-4742-4936-aa18-2a77121ceb6d,2026-09-24T03:24:10.256338Z
b2a4615f-92f3-47bd-b1ed-a835abaf97e7,2026-10-06,19:00,America/Los_Angeles,Kinect Commerce Social,Mission Bay,Unspecified,https://www.tech-week.com/calendar/sf/events/kinect-commerce-social-b2a4615f-92f3-47bd-b1ed-a835abaf97e7,2026-09-24T03:24:10.256338Z
bd6ba758-852a-4b78-8f89-52e1b9bfaa4c,2026-10-06,19:00,America/Los_Angeles,On Reserve,SOMA,Unspecified,https://www.tech-week.com/calendar/sf/events/on-reserve-bd6ba758-852a-4b78-8f89-52e1b9bfaa4c,2026-09-24T03:24:10.256338Z
4a4367a7-9d03-48bf-8f68-ad2a2fe199bf,2026-10-06,19:00,America/Los_Angeles,Pasta Making with a16z + Healthier Intelligence,North Beach,Unspecified,https://www.tech-week.com/calendar/sf/events/pasta-making-with-a16z-healthier-intelligence-4a4367a7-9d03-48bf-8f68-ad2a2fe199bf,2026-09-24T03:24:10.256338Z
5081244b-2b9f-40c1-9fdf-bb411705358a,2026-10-06,19:00,America/Los_Angeles,Prompts vs. Presence: Reclaiming Cognitive Bandwidth in the Age of AI,Mission,Unspecified,https://www.tech-week.com/calendar/sf/events/prompts-vs-presence-reclaiming-cognitive-bandwidth-in-the-age-of-ai-5081244b-2b9f-40c1-9fdf-bb411705358a,2026-09-24T03:24:10.256338Z
57523592-f5c5-4ddc-bca7-9bb38ca89d9d,2026-10-06,19:00,America/Los_Angeles,Secret Guest: How Consumer Brands Actually Grow,Design District,Unspecified,https://www.tech-week.com/calendar/sf/events/secret-guest-how-consumer-brands-actually-grow-57523592-f5c5-4ddc-bca7-9bb38ca89d9d,2026-09-24T03:24:10.256338Z
6e33b868-3f9b-458f-966d-29d6e7c4497b,2026-10-06,19:00,America/Los_Angeles,Table of Contents,Mission,Unspecified,https://www.tech-week.com/calendar/sf/events/table-of-contents-6e33b868-3f9b-458f-966d-29d6e7c4497b,2026-09-24T03:24:10.256338Z
0f2683ed-655e-4276-ba0a-6c0d4cd0924c,2026-10-06,19:00,America/Los_Angeles,"Tech-Tile Tuesday at The Exploratorium, Hosted by Lightning AI",Embarcadero,Unspecified,https://www.tech-week.com/calendar/sf/events/tech-tile-tuesday-at-the-exploratorium-hosted-by-lightning-ai-0f2683ed-655e-4276-ba0a-6c0d4cd0924c,2026-09-24T03:24:10.256338Z
1c361a11-93c4-4d59-bd8f-a3a5ba116c25,2026-10-06,19:00,America/Los_Angeles,The Agent Founders Dinner,Civic Center,Unspecified,https://www.tech-week.com/calendar/sf/events/the-agent-founders-dinner-1c361a11-93c4-4d59-bd8f-a3a5ba116c25,2026-09-24T03:24:10.256338Z
1efe9879-e15c-4d8b-8016-7aa77afd05d9,2026-10-06,19:00,America/Los_Angeles,The Deployment Club,North Beach,Unspecified,https://www.tech-week.com/calendar/sf/events/the-deployment-club-1efe9879-e15c-4d8b-8016-7aa77afd05d9,2026-09-24T03:24:10.256338Z
cbb751cb-3ded-43f2-b7e9-e738e2db3a9c,2026-10-06,19:00,America/Los_Angeles,The Scale-Up Founders Dinner - #SF TechWeek,Downtown,Unspecified,https://www.tech-week.com/calendar/sf/events/the-scale-up-founders-dinner-sf-techweek-cbb751cb-3ded-43f2-b7e9-e738e2db3a9c,2026-09-24T03:24:10.256338Z
8ec76355-98cc-46ac-986c-074a3f2426e5,2026-10-06,19:00,America/Los_Angeles,Trajectory AI and VESSL AI,FiDi,Unspecified,https://www.tech-week.com/calendar/sf/events/trajectory-ai-and-vessl-ai-8ec76355-98cc-46ac-986c-074a3f2426e5,2026-09-24T03:24:10.256338Z
334eb08b-31bb-4f6f-b969-105c68c16d16,2026-10-06,19:00,America/Los_Angeles,Turning Customer Feedback into Growth with AI- #SF TechWeek,South Beach,Unspecified,https://www.tech-week.com/calendar/sf/events/turning-customer-feedback-into-growth-with-ai-sf-techweek-334eb08b-31bb-4f6f-b969-105c68c16d16,2026-09-24T03:24:10.256338Z
188597a1-3bec-4d6a-b207-f1c2b79fe477,2026-10-06,19:00,America/Los_Angeles,Ugly Talk: Women Founder Open Mic and Mixer,Downtown,Unspecified,https://www.tech-week.com/calendar/sf/events/ugly-talk-women-founder-open-mic-and-mixer-188597a1-3bec-4d6a-b207-f1c2b79fe477,2026-09-24T03:24:10.256338Z
a8c7106d-4bf2-470d-9f3e-17e8b4f315ea,2026-10-06,19:30,America/Los_Angeles,Prediction Markets for Clinical Trials,Union Square,Unspecified,https://www.tech-week.com/calendar/sf/events/prediction-markets-for-clinical-trials-a8c7106d-4bf2-470d-9f3e-17e8b4f315ea,2026-09-24T03:24:10.256338Z
bbdcc0c9-2efe-4be1-a5c5-136495346452,2026-10-06,19:30,America/Los_Angeles,Vintage & Venture A Founder and Investor Wine Tasting,Mission,Unspecified,https://www.tech-week.com/calendar/sf/events/vintage-and-venture-a-founder-and-investor-wine-tasting-bbdcc0c9-2efe-4be1-a5c5-136495346452,2026-09-24T03:24:10.256338Z
4b142037-d771-4f9d-b6ba-362fa8f33266,2026-10-06,20:00,America/Los_Angeles,[The Founder's Marketing Playbook: Master 'Build in Public' & Organic Distribution,Embarcadero,Unspecified,https://www.tech-week.com/calendar/sf/events/the-founder-s-marketing-playbook-master-build-in-public-and-organic-distribution-4b142037-d771-4f9d-b6ba-362fa8f33266,2026-09-24T03:24:10.256338Z
52361438-3157-416b-998f-c0aab3335d5a,2026-10-06,20:00,America/Los_Angeles,Consciousness After Dark,SOMA,Unspecified,https://www.tech-week.com/calendar/sf/events/consciousness-after-dark-52361438-3157-416b-998f-c0aab3335d5a,2026-09-24T03:24:10.256338Z
104d111f-4a09-44d3-bb00-c0c9de01b289,2026-10-06,20:00,America/Los_Angeles,Human v. AI Cold Call,SOMA,Unspecified,https://www.tech-week.com/calendar/sf/events/human-v-ai-cold-call-104d111f-4a09-44d3-bb00-c0c9de01b289,2026-09-24T03:24:10.256338Z
ae137ef2-77f5-43af-82b7-3dc8a9cd2ccd,2026-10-06,20:00,America/Los_Angeles,Physical AI Paper Club & Science Dinner,Embarcadero,Unspecified,https://www.tech-week.com/calendar/sf/events/physical-ai-paper-club-and-science-dinner-ae137ef2-77f5-43af-82b7-3dc8a9cd2ccd,2026-09-24T03:24:10.256338Z
6fbee01c-dda1-4850-a678-80997234da54,2026-10-06,20:00,America/Los_Angeles,Synesthesia,SOMA,Unspecified,https://www.tech-week.com/calendar/sf/events/synesthesia-6fbee01c-dda1-4850-a678-80997234da54,2026-09-24T03:24:10.256338Z
782f66b0-627f-4b30-bfff-2a3b418606b7,2026-10-06,21:00,America/Los_Angeles,See you behind the mask,SOMA,Unspecified,https://www.tech-week.com/calendar/sf/events/see-you-behind-the-mask-782f66b0-627f-4b30-bfff-2a3b418606b7,2026-09-24T03:24:10.256338Z
6e3aedaa-7178-44ba-a37d-bedffda30f5a,2026-10-06,22:00,America/Los_Angeles,Courtside Capital Fintech Founders NBA Game w/ Deel & AWS,SOMA,Unspecified,https://www.tech-week.com/calendar/sf/events/courtside-capital-fintech-founders-nba-game-w-deel-and-aws-6e3aedaa-7178-44ba-a37d-bedffda30f5a,2026-09-24T03:24:10.256338Z
4726b2a6-f161-4d5b-8259-3908a49d19f7,2026-10-07,02:00,America/Los_Angeles,The Human Edge: Founder & Investor Empowered Wellness,Marina,Unspecified,https://www.tech-week.com/calendar/sf/events/the-human-edge-founder-and-investor-empowered-wellness-4726b2a6-f161-4d5b-8259-3908a49d19f7,2026-09-24T03:24:10.256338Z
7aa1fee1-e4b1-4abe-99fb-3546bc44e13d,2026-10-07,07:00,America/Los_Angeles,Above The Noise (Founders & Funders Hike),Other,Unspecified,https://www.tech-week.com/calendar/sf/events/above-the-noise-founders-and-funders-hike-7aa1fee1-e4b1-4abe-99fb-3546bc44e13d,2026-09-24T03:24:10.256338Z
f7b48e2a-5519-41f5-9bcc-0ef1946d27be,2026-10-07,07:00,America/Los_Angeles,GTM engineering for Founders & Execs,SOMA,Unspecified,https://www.tech-week.com/calendar/sf/events/gtm-engineering-for-founders-and-execs-f7b48e2a-5519-41f5-9bcc-0ef1946d27be,2026-09-24T03:24:10.256338Z
cc480922-61cf-4b6a-aec2-fa4d5c0e7662,2026-10-07,07:30,America/Los_Angeles,Finance Run Club with Sphere x Sequence,Alamo Square,Unspecified,https://www.tech-week.com/calendar/sf/events/finance-run-club-with-sphere-x-sequence-cc480922-61cf-4b6a-aec2-fa4d5c0e7662,2026-09-24T03:24:10.256338Z
f3d7c105-a779-4f42-9ce1-03725948d51d,2026-10-07,08:00,America/Los_Angeles,AI Agents for Legal Teams: A Hands-On Workshop,Downtown,Unspecified,https://www.tech-week.com/calendar/sf/events/ai-agents-for-legal-teams-a-hands-on-workshop-f3d7c105-a779-4f42-9ce1-03725948d51d,2026-09-24T03:24:10.256338Z
6b6f2cb8-ebc8-46ba-b70e-bea4e2bc0e3b,2026-10-07,08:00,America/Los_Angeles,AWS re:Spark: Founders x Enterprise,Downtown,Closed,https://www.tech-week.com/calendar/sf/events/aws-re-spark-founders-x-enterprise-6b6f2cb8-ebc8-46ba-b70e-bea4e2bc0e3b,2026-09-24T03:24:10.256338Z
666889fd-e176-4947-9d09-03692060e676,2026-10-07,08:00,America/Los_Angeles,Bio-Health Athletic Club Run (w/ NFX),Embarcadero,Unspecified,https://www.tech-week.com/calendar/sf/events/bio-health-athletic-club-run-w-nfx-666889fd-e176-4947-9d09-03692060e676,2026-09-24T03:24:10.256338Z
0c1f6f75-268c-45a5-a335-5bc91b13e711,2026-10-07,08:00,America/Los_Angeles,Breakfast: Expanding to the US: What Nobody Tells You,Mission,Unspecified,https://www.tech-week.com/calendar/sf/events/breakfast-expanding-to-the-us-what-nobody-tells-you-0c1f6f75-268c-45a5-a335-5bc91b13e711,2026-09-24T03:24:10.256338Z
232ed354-7c00-4efa-bb9e-a8e70cdaa4b2,2026-10-07,08:00,America/Los_Angeles,DTC Founders & Operators Breakfast,Downtown,Unspecified,https://www.tech-week.com/calendar/sf/events/dtc-founders-and-operators-breakfast-232ed354-7c00-4efa-bb9e-a8e70cdaa4b2,2026-09-24T03:24:10.256338Z
79beda58-f8dd-49ef-888b-1940fb127927,2026-10-07,08:00,America/Los_Angeles,First Pour 🍵,SOMA,Unspecified,https://www.tech-week.com/calendar/sf/events/first-pour-79beda58-f8dd-49ef-888b-1940fb127927,2026-09-24T03:24:10.256338Z
ace0ead7-ae78-4814-b3dc-08d5ac622327,2026-10-07,08:00,America/Los_Angeles,Ideacoil Breakfast & Coffee Networking,Jackson Square,Unspecified,https://www.tech-week.com/calendar/sf/events/ideacoil-breakfast-and-coffee-networking-ace0ead7-ae78-4814-b3dc-08d5ac622327,2026-09-24T03:24:10.256338Z
0e197dea-1093-4d9a-a715-df5ccdeb8cc2,2026-10-07,08:00,America/Los_Angeles,Life Without Lawsuits: Coffee with Levelheaded,SOMA,Unspecified,https://www.tech-week.com/calendar/sf/events/life-without-lawsuits-coffee-with-levelheaded-0e197dea-1093-4d9a-a715-df5ccdeb8cc2,2026-09-24T03:24:10.256338Z
2290ac73-f846-4aee-ad3e-c0e86a6e74f5,2026-10-07,08:00,America/Los_Angeles,"Morning Breath - A gathering for HealthTech founders, operators, and investors",Embarcadero,Unspecified,https://www.tech-week.com/calendar/sf/events/morning-breath-a-gathering-for-healthtech-founders-operators-and-investors-2290ac73-f846-4aee-ad3e-c0e86a6e74f5,2026-09-24T03:24:10.256338Z
db6bb540-bea3-495f-9eb7-fb1e7503d997,2026-10-07,08:00,America/Los_Angeles,Post AI Hype: Show me the ROI!,Virtual,Unspecified,https://www.tech-week.com/calendar/sf/events/post-ai-hype-show-me-the-roi-db6bb540-bea3-495f-9eb7-fb1e7503d997,2026-09-24T03:24:10.256338Z
6719988b-c875-472f-9ff7-f903de34eeb7,2026-10-07,08:00,America/Los_Angeles,Ride a bike and talk AI (Hawk Hill),Marina,Unspecified,https://www.tech-week.com/calendar/sf/events/ride-a-bike-and-talk-ai-hawk-hill-6719988b-c875-472f-9ff7-f903de34eeb7,2026-09-24T03:24:10.256338Z
f32cce14-c9b7-49d2-849d-d14ac13ec8a2,2026-10-07,08:00,America/Los_Angeles,Run & Raise 5k,Embarcadero,Unspecified,https://www.tech-week.com/calendar/sf/events/run-and-raise-5k-f32cce14-c9b7-49d2-849d-d14ac13ec8a2,2026-09-24T03:24:10.256338Z
744dd080-5c5a-40a6-a23f-f342499d17f7,2026-10-07,08:00,America/Los_Angeles,SOULCYCLE CLASS: Uplane x IM8 🟦,Marina,Unspecified,https://www.tech-week.com/calendar/sf/events/soulcycle-class-uplane-x-im8-744dd080-5c5a-40a6-a23f-f342499d17f7,2026-09-24T03:24:10.256338Z
56f6a4b3-71af-48ba-a24e-08b58750cc58,2026-10-07,08:00,America/Los_Angeles,Spark House: Meet AI’s Top Founders & Investors,Rincon Hill,Unspecified,https://www.tech-week.com/calendar/sf/events/spark-house-meet-ai-s-top-founders-and-investors-56f6a4b3-71af-48ba-a24e-08b58750cc58,2026-09-24T03:24:10.256338Z
716d3323-472b-4108-80e8-e32d49d4a6f2,2026-10-07,08:00,America/Los_Angeles,Volunteer with M13: Engineers Give Back,Potrero Hill,Unspecified,https://www.tech-week.com/calendar/sf/events/volunteer-with-m13-engineers-give-back-716d3323-472b-4108-80e8-e32d49d4a6f2,2026-09-24T03:24:10.256338Z
ac4b828e-899a-4469-9394-0ae5d9dda9c4,2026-10-07,08:00,America/Los_Angeles,Warm Up: GTM Run Club,Embarcadero,Unspecified,https://www.tech-week.com/calendar/sf/events/warm-up-gtm-run-club-ac4b828e-899a-4469-9394-0ae5d9dda9c4,2026-09-24T03:24:10.256338Z
7c23afd5-b868-46bb-a6f0-88f1843927b6,2026-10-07,08:00,America/Los_Angeles,🇦🇺 Aussie and 🇳🇿 Kiwi Brekkie: SF Tech Week Breakfast,FiDi,Unspecified,https://www.tech-week.com/calendar/sf/events/aussie-and-kiwi-brekkie-sf-tech-week-breakfast-7c23afd5-b868-46bb-a6f0-88f1843927b6,2026-09-24T03:24:10.256338Z
d1b1e178-7556-468f-b1c9-26d8adeaddac,2026-10-07,08:30,America/Los_Angeles,A Founders Breakfast w/ Vonage & Alumni Ventures,Union Square,Unspecified,https://www.tech-week.com/calendar/sf/events/a-founders-breakfast-w-vonage-and-alumni-ventures-d1b1e178-7556-468f-b1c9-26d8adeaddac,2026-09-24T03:24:10.256338Z
476f4b4d-9b68-4e53-81dc-6f53a9855553,2026-10-07,08:30,America/Los_Angeles,Built Different,Other,Unspecified,https://www.tech-week.com/calendar/sf/events/built-different-476f4b4d-9b68-4e53-81dc-6f53a9855553,2026-09-24T03:24:10.256338Z
87630d26-46cb-40d7-a53d-7801e90ce952,2026-10-07,08:30,America/Los_Angeles,How winning B2B brands are turning creators into a growth channel,Mission,Unspecified,https://www.tech-week.com/calendar/sf/events/how-winning-b2b-brands-are-turning-creators-into-a-growth-channel-87630d26-46cb-40d7-a53d-7801e90ce952,2026-09-24T03:24:10.256338Z
fda6b0d6-73fd-4ac0-aa07-e74c13bfad04,2026-10-07,08:30,America/Los_Angeles,Retail + CPG Tech Walk edition ☕🚶,Embarcadero,Unspecified,https://www.tech-week.com/calendar/sf/events/retail-cpg-tech-walk-edition-fda6b0d6-73fd-4ac0-aa07-e74c13bfad04,2026-09-24T03:24:10.256338Z
7d7939cd-9731-4a45-86a7-9fa9b07936da,2026-10-07,08:30,America/Los_Angeles,Structuring Investor Agreements: What Founders Need to Know,FiDi,Unspecified,https://www.tech-week.com/calendar/sf/events/structuring-investor-agreements-what-founders-need-to-know-7d7939cd-9731-4a45-86a7-9fa9b07936da,2026-09-24T03:24:10.256338Z
8dbde207-dcaf-495c-ab10-53944b372e5e,2026-10-07,08:30,America/Los_Angeles,The Future of Health Summit,FiDi,Unspecified,https://www.tech-week.com/calendar/sf/events/the-future-of-health-summit-8dbde207-dcaf-495c-ab10-53944b372e5e,2026-09-24T03:24:10.256338Z
32958dd2-8274-4885-b27b-63c9991b3db6,2026-10-07,08:30,America/Los_Angeles,WOMEN IN AI/ML — HOSTED BY LILA,SOMA,Unspecified,https://www.tech-week.com/calendar/sf/events/women-in-ai-ml-hosted-by-lila-32958dd2-8274-4885-b27b-63c9991b3db6,2026-09-24T03:24:10.256338Z
d51db88f-34a6-42f3-b99c-c07b62345cd3,2026-10-07,08:45,America/Los_Angeles,AI & OJ: Founder's Breakfast,SOMA,Unspecified,https://www.tech-week.com/calendar/sf/events/ai-and-oj-founder-s-breakfast-d51db88f-34a6-42f3-b99c-c07b62345cd3,2026-09-24T03:24:10.256338Z
ea1e38cc-1c0c-4011-bf66-0dfff3959a37,2026-10-07,09:00,America/Los_Angeles,Agentic Zero: The Agentic Finance Summit,Lower Nob Hill,Unspecified,https://www.tech-week.com/calendar/sf/events/agentic-zero-the-agentic-finance-summit-ea1e38cc-1c0c-4011-bf66-0dfff3959a37,2026-09-24T03:24:10.256338Z
db2b22ae-41af-4711-a376-c05b68211167,2026-10-07,09:00,America/Los_Angeles,Argentina at Silicon Valley,FiDi,Unspecified,https://www.tech-week.com/calendar/sf/events/argentina-at-silicon-valley-db2b22ae-41af-4711-a376-c05b68211167,2026-09-24T03:24:10.256338Z
17d3e9ad-2dca-4bb8-9331-771364184132,2026-10-07,09:00,America/Los_Angeles,Breakfast with PropTech Builders,SOMA,Unspecified,https://www.tech-week.com/calendar/sf/events/breakfast-with-proptech-builders-17d3e9ad-2dca-4bb8-9331-771364184132,2026-09-24T03:24:10.256338Z
9bef5ce2-5798-4b9d-952b-c3ff17eaf0fb,2026-10-07,09:00,America/Los_Angeles,Build Better 2026,East Bay,Unspecified,https://www.tech-week.com/calendar/sf/events/build-better-2026-9bef5ce2-5798-4b9d-952b-c3ff17eaf0fb,2026-09-24T03:24:10.256338Z
0b8b41b2-2634-4b38-a21a-ed9a23f84506,2026-10-07,09:00,America/Los_Angeles,Coffee CARTesia,Salesforce Park,Unspecified,https://www.tech-week.com/calendar/sf/events/coffee-cartesia-0b8b41b2-2634-4b38-a21a-ed9a23f84506,2026-09-24T03:24:10.256338Z
450fd0b7-12d3-420c-92dc-0634b984ac92,2026-10-07,09:00,America/Los_Angeles,Deep Tech Investor Breakfast,Jackson Square,Unspecified,https://www.tech-week.com/calendar/sf/events/deep-tech-investor-breakfast-450fd0b7-12d3-420c-92dc-0634b984ac92,2026-09-24T03:24:10.256338Z
6109843b-341a-4dbb-93bb-99cb9cf35251,2026-10-07,09:00,America/Los_Angeles,Faith Driven Investors & Founders,Embarcadero,Unspecified,https://www.tech-week.com/calendar/sf/events/faith-driven-investors-and-founders-6109843b-341a-4dbb-93bb-99cb9cf35251,2026-09-24T03:24:10.256338Z
d67d7e88-6cf0-4031-9827-dca64735a312,2026-10-07,09:00,America/Los_Angeles,Fake Files Breakfast — claims leaders only,SOMA,Unspecified,https://www.tech-week.com/calendar/sf/events/fake-files-breakfast-claims-leaders-only-d67d7e88-6cf0-4031-9827-dca64735a312,2026-09-24T03:24:10.256338Z
a4e3a106-cce4-4f11-a179-e1fbf916d0a3,2026-10-07,09:00,America/Los_Angeles,"Fireside Chat with Charly Kevers, CFO of Carta",SOMA,Unspecified,https://www.tech-week.com/calendar/sf/events/fireside-chat-with-charly-kevers-cfo-of-carta-a4e3a106-cce4-4f11-a179-e1fbf916d0a3,2026-09-24T03:24:10.256338Z
5187b5b1-ada8-42e3-8826-2f1f7ffae66a,2026-10-07,09:00,America/Los_Angeles,Founders & Funders Breakfast with Qapita,Hayes Valley,Unspecified,https://www.tech-week.com/calendar/sf/events/founders-and-funders-breakfast-with-qapita-5187b5b1-ada8-42e3-8826-2f1f7ffae66a,2026-09-24T03:24:10.256338Z
c38ce546-27b5-47c6-8b06-66972c0e9129,2026-10-07,09:00,America/Los_Angeles,Fuel & Focus Hub: WeWork & DoorDash for Business,SOMA,Unspecified,https://www.tech-week.com/calendar/sf/events/fuel-and-focus-hub-wework-and-doordash-for-business-c38ce546-27b5-47c6-8b06-66972c0e9129,2026-09-24T03:24:10.256338Z
8df0b590-0426-4cf0-9169-07149ac8a856,2026-10-07,09:00,America/Los_Angeles,HSBC Family Office Salon,Embarcadero,Unspecified,https://www.tech-week.com/calendar/sf/events/hsbc-family-office-salon-8df0b590-0426-4cf0-9169-07149ac8a856,2026-09-24T03:24:10.256338Z
a7f801b3-353c-4d04-bf95-1ad076d0fae5,2026-10-07,09:00,America/Los_Angeles,Investing in the Physical Future,Downtown,Unspecified,https://www.tech-week.com/calendar/sf/events/investing-in-the-physical-future-a7f801b3-353c-4d04-bf95-1ad076d0fae5,2026-09-24T03:24:10.256338Z
5db16a82-bd38-4846-8844-1c092b7ac7ec,2026-10-07,09:00,America/Los_Angeles,"Leverage IL w/ Anthropic, Greylock, Ribbit Capital, Palantir and more",FiDi,Unspecified,https://www.tech-week.com/calendar/sf/events/leverage-il-w-anthropic-greylock-ribbit-capital-palantir-and-more-5db16a82-bd38-4846-8844-1c092b7ac7ec,2026-09-24T03:24:10.256338Z
50b61cf9-2a0c-4408-98e9-fdd75f96b968,2026-10-07,09:00,America/Los_Angeles,Never Finished: The Next Chapter | Conversations on Reinvention,Embarcadero,Unspecified,https://www.tech-week.com/calendar/sf/events/never-finished-the-next-chapter-conversations-on-reinvention-50b61cf9-2a0c-4408-98e9-fdd75f96b968,2026-09-24T03:24:10.256338Z
0678c135-392d-45d0-ad0c-909af94f1791,2026-10-07,09:00,America/Los_Angeles,Omnigent Breakfast Session by Databricks,FiDi,Unspecified,https://www.tech-week.com/calendar/sf/events/omnigent-breakfast-session-by-databricks-0678c135-392d-45d0-ad0c-909af94f1791,2026-09-24T03:24:10.256338Z
9d5e892d-ff22-410f-98fc-979bee3c1de5,2026-10-07,09:00,America/Los_Angeles,Pioneer: A summit for CX Leaders,Lower Nob Hill,Unspecified,https://www.tech-week.com/calendar/sf/events/pioneer-a-summit-for-cx-leaders-9d5e892d-ff22-410f-98fc-979bee3c1de5,2026-09-24T03:24:10.256338Z
bd9896ce-b969-4ff4-ad9d-af31ae846a05,2026-10-07,09:00,America/Los_Angeles,ProductCon,Mission,Unspecified,https://www.tech-week.com/calendar/sf/events/productcon-bd9896ce-b969-4ff4-ad9d-af31ae846a05,2026-09-24T03:24:10.256338Z
df0be355-4893-432f-9a22-b242ff6f930a,2026-10-07,09:00,America/Los_Angeles,Recharge with OpenRouter,FiDi,Unspecified,https://www.tech-week.com/calendar/sf/events/recharge-with-openrouter-df0be355-4893-432f-9a22-b242ff6f930a,2026-09-24T03:24:10.256338Z
4bd8e729-97fa-4153-821d-8d8eb7fd3f45,2026-10-07,09:00,America/Los_Angeles,Supporting Tech Teams Through Rapid Growth,Virtual,Unspecified,https://www.tech-week.com/calendar/sf/events/supporting-tech-teams-through-rapid-growth-4bd8e729-97fa-4153-821d-8d8eb7fd3f45,2026-09-24T03:24:10.256338Z
60cc9915-b520-4e90-934f-6f1c4312b28b,2026-10-07,09:00,America/Los_Angeles,"Tech Time to Tee Time - A day on the green for B2B tech founders/CEOs, GTM leaders, & investors",Other,Unspecified,https://www.tech-week.com/calendar/sf/events/tech-time-to-tee-time-a-day-on-the-green-for-b2b-tech-founders-ceos-gtm-leaders-60cc9915-b520-4e90-934f-6f1c4312b28b,2026-09-24T03:24:10.256338Z
12126bc5-12f5-4977-9e71-f3d1cd80563d,2026-10-07,09:00,America/Los_Angeles,The Founder's Story Stack,Other,Unspecified,https://www.tech-week.com/calendar/sf/events/the-founder-s-story-stack-12126bc5-12f5-4977-9e71-f3d1cd80563d,2026-09-24T03:24:10.256338Z
0f08c9da-7a71-4074-989d-2b7e364e7bf7,2026-10-07,09:00,America/Los_Angeles,The Minimum Viable Avatar: Scientific Method for Customer Understanding,Union Square,Unspecified,https://www.tech-week.com/calendar/sf/events/the-minimum-viable-avatar-scientific-method-for-customer-understanding-0f08c9da-7a71-4074-989d-2b7e364e7bf7,2026-09-24T03:24:10.256338Z
fd539f22-97c2-4884-b92e-f7d6ac0b9777,2026-10-07,09:00,America/Los_Angeles,Trustbridge x Vulcury: An Investor Breakfast,FiDi,Unspecified,https://www.tech-week.com/calendar/sf/events/trustbridge-x-vulcury-an-investor-breakfast-fd539f22-97c2-4884-b92e-f7d6ac0b9777,2026-09-24T03:24:10.256338Z
a51e9e77-0c90-419f-8f7a-b7d875f59782,2026-10-07,09:00,America/Los_Angeles,Unprompted: Founders building the next thing people do for fun,FiDi,Unspecified,https://www.tech-week.com/calendar/sf/events/unprompted-founders-building-the-next-thing-people-do-for-fun-a51e9e77-0c90-419f-8f7a-b7d875f59782,2026-09-24T03:24:10.256338Z
ade3c915-b311-41ef-a10f-f4b02913703d,2026-10-07,09:00,America/Los_Angeles,What AI-Designed Proteins Actually Look Like. A Lab Tour,Dogpatch,Unspecified,https://www.tech-week.com/calendar/sf/events/what-ai-designed-proteins-actually-look-like-a-lab-tour-ade3c915-b311-41ef-a10f-f4b02913703d,2026-09-24T03:24:10.256338Z
8117f4b4-438d-42c3-8aa2-c4c8464bc72d,2026-10-07,09:30,America/Los_Angeles,5 AI Risks Are Killing Your Deals. The fifth is why the first 4 keep coming back.,Virtual,Unspecified,https://www.tech-week.com/calendar/sf/events/5-ai-risks-are-killing-your-deals-the-fifth-is-why-the-first-4-keep-coming-back-8117f4b4-438d-42c3-8aa2-c4c8464bc72d,2026-09-24T03:24:10.256338Z
ab94a1f2-6fb7-4c10-b3d6-f002cffa9165,2026-10-07,09:30,America/Los_Angeles,Google for Startups & NVIDIA: From Compute to Competitive Moats: Building Defensibly.,SOMA,Unspecified,https://www.tech-week.com/calendar/sf/events/google-for-startups-and-nvidia-from-compute-to-competitive-moats-building-defens-ab94a1f2-6fb7-4c10-b3d6-f002cffa9165,2026-09-24T03:24:10.256338Z
faf52487-c6c0-4d08-a360-e5ac48b0d7ee,2026-10-07,09:30,America/Los_Angeles,Leading Through Transformational Change,FiDi,Unspecified,https://www.tech-week.com/calendar/sf/events/leading-through-transformational-change-faf52487-c6c0-4d08-a360-e5ac48b0d7ee,2026-09-24T03:24:10.256338Z
02212e17-ef70-412f-b782-60c916adcd56,2026-10-07,09:30,America/Los_Angeles,"MCP, APIs & THE AGENT INTEGRATION LAYER",SOMA,Unspecified,https://www.tech-week.com/calendar/sf/events/mcp-apis-and-the-agent-integration-layer-02212e17-ef70-412f-b782-60c916adcd56,2026-09-24T03:24:10.256338Z
bceff440-b7b4-4e46-9419-a4f39866c65d,2026-10-07,09:30,America/Los_Angeles,Pancakes* with Pensa: A Forum for Leaders of Hardware Startups,Other,Unspecified,https://www.tech-week.com/calendar/sf/events/pancakes-with-pensa-a-forum-for-leaders-of-hardware-startups-bceff440-b7b4-4e46-9419-a4f39866c65d,2026-09-24T03:24:10.256338Z
faae8518-e38e-4648-addf-e7bd0961ec20,2026-10-07,09:30,America/Los_Angeles,Scaling Beneficial General Intelligence - A Morning with BGI Labs @,SOMA,Unspecified,https://www.tech-week.com/calendar/sf/events/scaling-beneficial-general-intelligence-a-morning-with-bgi-labs-faae8518-e38e-4648-addf-e7bd0961ec20,2026-09-24T03:24:10.256338Z
b35b9acd-5ae2-4885-9ce5-5525d0dd1cf1,2026-10-07,09:30,America/Los_Angeles,SF Mornings: Investor Breakfast,SOMA,Unspecified,https://www.tech-week.com/calendar/sf/events/sf-mornings-investor-breakfast-b35b9acd-5ae2-4885-9ce5-5525d0dd1cf1,2026-09-24T03:24:10.256338Z
53130a27-3a75-474e-a32e-9ea0684865a5,2026-10-07,09:30,America/Los_Angeles,Women backing Women,Downtown,Unspecified,https://www.tech-week.com/calendar/sf/events/women-backing-women-53130a27-3a75-474e-a32e-9ea0684865a5,2026-09-24T03:24:10.256338Z
380172a3-d196-472e-83f4-1605cfb63e45,2026-10-07,10:00,America/Los_Angeles,AWS Expert Booth - #Startups@AWS,Downtown,Unspecified,https://www.tech-week.com/calendar/sf/events/aws-expert-booth-startups-aws-380172a3-d196-472e-83f4-1605cfb63e45,2026-09-24T03:24:10.256338Z
0d2e6948-6470-4f44-9e47-0a24a9f6623a,2026-10-07,10:00,America/Los_Angeles,Build Agentic AI with AWS - #Startups @AWS,Downtown,Unspecified,https://www.tech-week.com/calendar/sf/events/build-agentic-ai-with-aws-startups-aws-0d2e6948-6470-4f44-9e47-0a24a9f6623a,2026-09-24T03:24:10.256338Z
c9a19ff6-a0d5-4bff-817e-91ecd549597a,2026-10-07,10:00,America/Los_Angeles,Building Forward After Accelerator Turndowns,FiDi,Unspecified,https://www.tech-week.com/calendar/sf/events/building-forward-after-accelerator-turndowns-c9a19ff6-a0d5-4bff-817e-91ecd549597a,2026-09-24T03:24:10.256338Z
c69de4cc-2972-4f2c-b3d6-48bf7776931b,2026-10-07,10:00,America/Los_Angeles,EdTech Morning Matcha Talk,Mission,Unspecified,https://www.tech-week.com/calendar/sf/events/edtech-morning-matcha-talk-c69de4cc-2972-4f2c-b3d6-48bf7776931b,2026-09-24T03:24:10.256338Z
c3133736-2bde-4195-be56-0f9722fb35f4,2026-10-07,10:00,America/Los_Angeles,Investor Brunch @ MATCH HOUSE,Downtown,Unspecified,https://www.tech-week.com/calendar/sf/events/investor-brunch-match-house-c3133736-2bde-4195-be56-0f9722fb35f4,2026-09-24T03:24:10.256338Z
858ff6d1-9484-462d-9be1-977e473583a3,2026-10-07,10:00,America/Los_Angeles,LATAM AI Summit,Downtown,Unspecified,https://www.tech-week.com/calendar/sf/events/latam-ai-summit-858ff6d1-9484-462d-9be1-977e473583a3,2026-09-24T03:24:10.256338Z
005b0c7c-4dc6-4bd9-bd16-3231b8fe8bec,2026-10-07,10:00,America/Los_Angeles,Making hard decisions in a world of AI and constant change,SOMA,Unspecified,https://www.tech-week.com/calendar/sf/events/making-hard-decisions-in-a-world-of-ai-and-constant-change-005b0c7c-4dc6-4bd9-bd16-3231b8fe8bec,2026-09-24T03:24:10.256338Z
aa490d1b-8d19-45d0-a564-dc8e0d216de5,2026-10-07,10:00,America/Los_Angeles,Surge Demo Day,FiDi,Unspecified,https://www.tech-week.com/calendar/sf/events/surge-demo-day-aa490d1b-8d19-45d0-a564-dc8e0d216de5,2026-09-24T03:24:10.256338Z
2743fb01-e001-4ee1-89ec-07038cdeb083,2026-10-07,10:00,America/Los_Angeles,The Coast-to-Coast Startup Lab™ - SF DEMO DAY,Union Square,Unspecified,https://www.tech-week.com/calendar/sf/events/the-coast-to-coast-startup-labtm-sf-demo-day-2743fb01-e001-4ee1-89ec-07038cdeb083,2026-09-24T03:24:10.256338Z
3f6cac05-1213-452d-a184-704f38b3d96f,2026-10-07,10:00,America/Los_Angeles,UK Unicorns & Rising Stars,Union Square,Unspecified,https://www.tech-week.com/calendar/sf/events/uk-unicorns-and-rising-stars-3f6cac05-1213-452d-a184-704f38b3d96f,2026-09-24T03:24:10.256338Z
7325f3b7-b1f6-42b3-ac6a-5d06aeeb18bd,2026-10-07,10:00,America/Los_Angeles,Under the Hood: AI meets Behavioral Science,Virtual,Unspecified,https://www.tech-week.com/calendar/sf/events/under-the-hood-ai-meets-behavioral-science-7325f3b7-b1f6-42b3-ac6a-5d06aeeb18bd,2026-09-24T03:24:10.256338Z
4b323a8e-6a5e-4771-873a-c82f6a519371,2026-10-07,10:00,America/Los_Angeles,what's next in finance,Downtown,Unspecified,https://www.tech-week.com/calendar/sf/events/what-s-next-in-finance-4b323a8e-6a5e-4771-873a-c82f6a519371,2026-09-24T03:24:10.256338Z
5f448a00-1ff4-4abc-9cf5-9a7ccc1e4ffc,2026-10-07,10:00,America/Los_Angeles,🔥 The 90-Minute Startup: BUILD SOMETHING STUPID. PITCH IT.,FiDi,Unspecified,https://www.tech-week.com/calendar/sf/events/the-90-minute-startup-build-something-stupid-pitch-it-5f448a00-1ff4-4abc-9cf5-9a7ccc1e4ffc,2026-09-24T03:24:10.256338Z
fc4ed51f-c30b-4518-af02-82f04f96d332,2026-10-07,10:30,America/Los_Angeles,$0 to $2.6B in 12 Months. Here’s How.,Rincon Hill,Unspecified,https://www.tech-week.com/calendar/sf/events/0-to-2-6b-in-12-months-here-s-how-fc4ed51f-c30b-4518-af02-82f04f96d332,2026-09-24T03:24:10.256338Z
f8682b5f-cca4-4033-8261-8f09cfefa6f2,2026-10-07,10:30,America/Los_Angeles,From Leader to Agent Builder: Live on Monq,Downtown,Unspecified,https://www.tech-week.com/calendar/sf/events/from-leader-to-agent-builder-live-on-monq-f8682b5f-cca4-4033-8261-8f09cfefa6f2,2026-09-24T03:24:10.256338Z
df396b06-679d-4f61-9588-72b3868f7458,2026-10-07,10:30,America/Los_Angeles,Here to Stay? Immigrant Founders Brunch,Golden Gate Park,Unspecified,https://www.tech-week.com/calendar/sf/events/here-to-stay-immigrant-founders-brunch-df396b06-679d-4f61-9588-72b3868f7458,2026-09-24T03:24:10.256338Z
e196d7c8-7132-4da5-9c32-4f3504bf4bbf,2026-10-07,10:30,America/Los_Angeles,The Future of Global Money Movement,Downtown,Unspecified,https://www.tech-week.com/calendar/sf/events/the-future-of-global-money-movement-e196d7c8-7132-4da5-9c32-4f3504bf4bbf,2026-09-24T03:24:10.256338Z
ddc52424-dfe9-49eb-a164-fd09bb073338,2026-10-07,10:30,America/Los_Angeles,The Leadership Curve: When the company you’re leading starts to outgrow you.,SOMA,Unspecified,https://www.tech-week.com/calendar/sf/events/the-leadership-curve-when-the-company-you-re-leading-starts-to-outgrow-you-ddc52424-dfe9-49eb-a164-fd09bb073338,2026-09-24T03:24:10.256338Z
c1236b3e-8cc5-4f08-bd14-05faadf0f6db,2026-10-07,11:00,America/Los_Angeles,Agentic AI on AWS: From Concepts to Hands-On Lab - #Startups@AWS,Downtown,Unspecified,https://www.tech-week.com/calendar/sf/events/agentic-ai-on-aws-from-concepts-to-hands-on-lab-startups-aws-c1236b3e-8cc5-4f08-bd14-05faadf0f6db,2026-09-24T03:24:10.256338Z
87ae5c55-e021-4e3c-a6b2-efd3f3cb856e,2026-10-07,11:00,America/Los_Angeles,Apollo: Find Your Next 100 Customers,FiDi,Unspecified,https://www.tech-week.com/calendar/sf/events/apollo-find-your-next-100-customers-87ae5c55-e021-4e3c-a6b2-efd3f3cb856e,2026-09-24T03:24:10.256338Z
70d0ef29-54cf-42dd-9716-5372c691c2b7,2026-10-07,11:00,America/Los_Angeles,Beyond the AI Hype: What Investors Are Backing,Palo Alto,Unspecified,https://www.tech-week.com/calendar/sf/events/beyond-the-ai-hype-what-investors-are-backing-70d0ef29-54cf-42dd-9716-5372c691c2b7,2026-09-24T03:24:10.256338Z
489a2f6c-4aef-4014-9db0-5cf4a9ca4049,2026-10-07,11:00,America/Los_Angeles,Demos & Dim Sum,Chinatown,Unspecified,https://www.tech-week.com/calendar/sf/events/demos-and-dim-sum-489a2f6c-4aef-4014-9db0-5cf4a9ca4049,2026-09-24T03:24:10.256338Z
b109d9ab-80c8-4a89-bc17-9132e97eddb4,2026-10-07,11:00,America/Los_Angeles,Embodied Intelligence Challenge,Embarcadero,Unspecified,https://www.tech-week.com/calendar/sf/events/embodied-intelligence-challenge-b109d9ab-80c8-4a89-bc17-9132e97eddb4,2026-09-24T03:24:10.256338Z
6ded5b14-4c1c-4f53-90b8-604da14fb789,2026-10-07,11:00,America/Los_Angeles,F & F Ventures: Ecommerce Brunch,Downtown,Unspecified,https://www.tech-week.com/calendar/sf/events/f-and-f-ventures-ecommerce-brunch-6ded5b14-4c1c-4f53-90b8-604da14fb789,2026-09-24T03:24:10.256338Z
3f59057f-ce82-40fc-9643-8e85bd21e647,2026-10-07,11:00,America/Los_Angeles,Founder and Investor Lounge,SOMA,Unspecified,https://www.tech-week.com/calendar/sf/events/founder-and-investor-lounge-3f59057f-ce82-40fc-9643-8e85bd21e647,2026-09-24T03:24:10.256338Z
527d68e3-7bd1-4be2-9748-91c36fc770dc,2026-10-07,11:00,America/Los_Angeles,Founder meets Marketing,Mountain View,Unspecified,https://www.tech-week.com/calendar/sf/events/founder-meets-marketing-527d68e3-7bd1-4be2-9748-91c36fc770dc,2026-09-24T03:24:10.256338Z
1a5385cb-2612-45ec-9a1c-892c292f4229,2026-10-07,11:00,America/Los_Angeles,GTM: Content for Growth,SOMA,Unspecified,https://www.tech-week.com/calendar/sf/events/gtm-content-for-growth-1a5385cb-2612-45ec-9a1c-892c292f4229,2026-09-24T03:24:10.256338Z
ead16828-30dc-4661-aa61-58c9c434e9af,2026-10-07,11:00,America/Los_Angeles,How Women Invest Presents: Craft Matcha and Connections,Russian Hill,Unspecified,https://www.tech-week.com/calendar/sf/events/how-women-invest-presents-craft-matcha-and-connections-ead16828-30dc-4661-aa61-58c9c434e9af,2026-09-24T03:24:10.256338Z
b928f2a2-292a-476e-b96c-3297591c17ed,2026-10-07,11:00,America/Los_Angeles,Kill the Script,SOMA,Unspecified,https://www.tech-week.com/calendar/sf/events/kill-the-script-b928f2a2-292a-476e-b96c-3297591c17ed,2026-09-24T03:24:10.256338Z
d2e01b18-b360-4349-809e-59646b4b2f13,2026-10-07,11:00,America/Los_Angeles,"Mid-Week Refuel: Founders Lunch, Hosted by Entrepreneur Ventures",Mission Bay,Unspecified,https://www.tech-week.com/calendar/sf/events/mid-week-refuel-founders-lunch-hosted-by-entrepreneur-ventures-d2e01b18-b360-4349-809e-59646b4b2f13,2026-09-24T03:24:10.256338Z
77dfbe71-e177-459b-a133-6843e1d0b142,2026-10-07,11:00,America/Los_Angeles,Personal Brand to Community: Building Influence That Compounds,FiDi,Unspecified,https://www.tech-week.com/calendar/sf/events/personal-brand-to-community-building-influence-that-compounds-77dfbe71-e177-459b-a133-6843e1d0b142,2026-09-24T03:24:10.256338Z
0d627aef-77d9-4131-bfb7-0abb7aaa0773,2026-10-07,11:00,America/Los_Angeles,Physical AI's Last Mile: Hardware and Data Together,Dogpatch,Unspecified,https://www.tech-week.com/calendar/sf/events/physical-ai-s-last-mile-hardware-and-data-together-0d627aef-77d9-4131-bfb7-0abb7aaa0773,2026-09-24T03:24:10.256338Z
3c8c49a7-dbb1-4209-ac9d-a76f0f203b2f,2026-10-07,11:00,America/Los_Angeles,REGULATE TO ACCELERATE: Wellness Experience + Luncheon for Women,Palo Alto,Unspecified,https://www.tech-week.com/calendar/sf/events/regulate-to-accelerate-wellness-experience-luncheon-for-women-3c8c49a7-dbb1-4209-ac9d-a76f0f203b2f,2026-09-24T03:24:10.256338Z
406b649e-24c9-484c-838a-5f3e97d656b3,2026-10-07,11:00,America/Los_Angeles,"Ship Like a Baddie: Build & Launch an AI Product in One Day (Date Changed to Wed, Oct 7, 11am-4pm)",Other,Unspecified,https://www.tech-week.com/calendar/sf/events/ship-like-a-baddie-build-and-launch-an-ai-product-in-one-day-date-changed-to-wed-406b649e-24c9-484c-838a-5f3e97d656b3,2026-09-24T03:24:10.256338Z
eb2b8427-85d3-4598-859b-87076ce34300,2026-10-07,11:00,America/Los_Angeles,"Stanford × Massachusetts: Research, Innovation & Capital",Palo Alto,Unspecified,https://www.tech-week.com/calendar/sf/events/stanford-massachusetts-research-innovation-and-capital-eb2b8427-85d3-4598-859b-87076ce34300,2026-09-24T03:24:10.256338Z
23524c63-8b6a-4aed-9905-4ab2146dc3cd,2026-10-07,11:30,America/Los_Angeles,CEO Lunch: Survive the Hype. Build What Matters.,FiDi,Unspecified,https://www.tech-week.com/calendar/sf/events/ceo-lunch-survive-the-hype-build-what-matters-23524c63-8b6a-4aed-9905-4ab2146dc3cd,2026-09-24T03:24:10.256338Z
3ac63387-2b47-4554-ae3f-582b58bc5234,2026-10-07,11:30,America/Los_Angeles,The Future of Member Networks - Lunch & Learn,Downtown,Unspecified,https://www.tech-week.com/calendar/sf/events/the-future-of-member-networks-lunch-and-learn-3ac63387-2b47-4554-ae3f-582b58bc5234,2026-09-24T03:24:10.256338Z
298e4880-7a9c-414f-bb18-3d2c018f97c0,2026-10-07,11:30,America/Los_Angeles,Women Who Build San Francisco,FiDi,Unspecified,https://www.tech-week.com/calendar/sf/events/women-who-build-san-francisco-298e4880-7a9c-414f-bb18-3d2c018f97c0,2026-09-24T03:24:10.256338Z
59cee9f1-9b78-424f-aad8-5145d9b35400,2026-10-07,11:30,America/Los_Angeles,Your First $1M: Growth & Distribution Office Hours,Virtual,Unspecified,https://www.tech-week.com/calendar/sf/events/your-first-1m-growth-and-distribution-office-hours-59cee9f1-9b78-424f-aad8-5145d9b35400,2026-09-24T03:24:10.256338Z
49997d86-aecc-4fa7-9a02-7c4c299761fd,2026-10-07,12:00,America/Los_Angeles,a16z Perennial - Founders Financial Future Collective,Downtown,Unspecified,https://www.tech-week.com/calendar/sf/events/a16z-perennial-founders-financial-future-collective-49997d86-aecc-4fa7-9a02-7c4c299761fd,2026-09-24T03:24:10.256338Z
b847975b-27ed-43cd-849f-2de5c8b821df,2026-10-07,12:00,America/Los_Angeles,Agent Hackathon: Voice Mode On,SOMA,Unspecified,https://www.tech-week.com/calendar/sf/events/agent-hackathon-voice-mode-on-b847975b-27ed-43cd-849f-2de5c8b821df,2026-09-24T03:24:10.256338Z
9c304a15-056e-492d-b9e2-76c09d85e289,2026-10-07,12:00,America/Los_Angeles,AI Founders' Lunch by Cherry Hill Advisory,Downtown,Unspecified,https://www.tech-week.com/calendar/sf/events/ai-founders-lunch-by-cherry-hill-advisory-9c304a15-056e-492d-b9e2-76c09d85e289,2026-09-24T03:24:10.256338Z
05f3cf92-3c76-4002-be69-de17ee1186fa,2026-10-07,12:00,America/Los_Angeles,"Build Anywhere, Scale Everywhere: Global Founders Picnic",Mission,Unspecified,https://www.tech-week.com/calendar/sf/events/build-anywhere-scale-everywhere-global-founders-picnic-05f3cf92-3c76-4002-be69-de17ee1186fa,2026-09-24T03:24:10.256338Z
355e20c1-645b-4e5b-837d-fc470fbe1e4a,2026-10-07,12:00,America/Los_Angeles,CTRL Escape Room Hackathon,Alamo Square,Unspecified,https://www.tech-week.com/calendar/sf/events/ctrl-escape-room-hackathon-355e20c1-645b-4e5b-837d-fc470fbe1e4a,2026-09-24T03:24:10.256338Z
6f7a7c87-3eb7-47fd-928c-13fbea0ea158,2026-10-07,12:00,America/Los_Angeles,Debug Your Body: A Longevity Salon for Healthtech Builders,Hayes Valley,Unspecified,https://www.tech-week.com/calendar/sf/events/debug-your-body-a-longevity-salon-for-healthtech-builders-6f7a7c87-3eb7-47fd-928c-13fbea0ea158,2026-09-24T03:24:10.256338Z
324757e7-ed59-4377-8c67-02fb90ddf3e2,2026-10-07,12:00,America/Los_Angeles,"Early-Stage GP Lunch, hosted by Giano Capital",Jackson Square,Unspecified,https://www.tech-week.com/calendar/sf/events/early-stage-gp-lunch-hosted-by-giano-capital-324757e7-ed59-4377-8c67-02fb90ddf3e2,2026-09-24T03:24:10.256338Z
1da3d300-7ab1-408f-9e81-12cd7ad61acf,2026-10-07,12:00,America/Los_Angeles,Flying Car eVTOL challenges and potential talk,Salesforce Park,Unspecified,https://www.tech-week.com/calendar/sf/events/flying-car-evtol-challenges-and-potential-talk-1da3d300-7ab1-408f-9e81-12cd7ad61acf,2026-09-24T03:24:10.256338Z
cad9c43b-0c02-4a4f-889c-c83ffe72adc0,2026-10-07,12:00,America/Los_Angeles,Founder & VC Networking Lunch by Luminar Ventures & Business Sweden,SOMA,Unspecified,https://www.tech-week.com/calendar/sf/events/founder-and-vc-networking-lunch-by-luminar-ventures-and-business-sweden-cad9c43b-0c02-4a4f-889c-c83ffe72adc0,2026-09-24T03:24:10.256338Z
7263bbf8-e96e-4854-b7cc-31b8617042bc,2026-10-07,12:00,America/Los_Angeles,"Founder Lunch: Founders who inherited marketing, GTM advisors, and Investors - #San Francisco TechWeek",Jackson Square,Unspecified,https://www.tech-week.com/calendar/sf/events/founder-lunch-founders-who-inherited-marketing-gtm-advisors-and-investors-san-fr-7263bbf8-e96e-4854-b7cc-31b8617042bc,2026-09-24T03:24:10.256338Z
7a3cbc55-127b-4a38-8fc5-5bc7a5bbb92e,2026-10-07,12:00,America/Los_Angeles,"From Campus to Company: Staying, Building, and Hiring in the US",SOMA,Unspecified,https://www.tech-week.com/calendar/sf/events/from-campus-to-company-staying-building-and-hiring-in-the-us-7a3cbc55-127b-4a38-8fc5-5bc7a5bbb92e,2026-09-24T03:24:10.256338Z
4679acd9-09a6-4139-a528-0418c6f9117b,2026-10-07,12:00,America/Los_Angeles,MEET LILA,SOMA,Unspecified,https://www.tech-week.com/calendar/sf/events/meet-lila-4679acd9-09a6-4139-a528-0418c6f9117b,2026-09-24T03:24:10.256338Z
6226690d-1f17-47e6-8669-2b2a5ad336b1,2026-10-07,12:00,America/Los_Angeles,"Multiplayer AI at Work: Shared Context, Team Workflows, and the Future of Collaboration",SOMA,Unspecified,https://www.tech-week.com/calendar/sf/events/multiplayer-ai-at-work-shared-context-team-workflows-and-the-future-of-collabora-6226690d-1f17-47e6-8669-2b2a5ad336b1,2026-09-24T03:24:10.256338Z
5d8063ab-dca1-4370-a6ea-9fd69c093d48,2026-10-07,12:00,America/Los_Angeles,Private Plane Tour of SF with Airwallex,FiDi,Unspecified,https://www.tech-week.com/calendar/sf/events/private-plane-tour-of-sf-with-airwallex-5d8063ab-dca1-4370-a6ea-9fd69c093d48,2026-09-24T03:24:10.256338Z
aecbb396-569c-4974-928d-f8607492d68a,2026-10-07,12:00,America/Los_Angeles,Start-up and Investor Meetup,FiDi,Unspecified,https://www.tech-week.com/calendar/sf/events/start-up-and-investor-meetup-aecbb396-569c-4974-928d-f8607492d68a,2026-09-24T03:24:10.256338Z
52d3d907-4c2f-4335-b2c1-51c908eaa32b,2026-10-07,12:00,America/Los_Angeles,The Musa Labs Hackathon,Downtown,Unspecified,https://www.tech-week.com/calendar/sf/events/the-musa-labs-hackathon-52d3d907-4c2f-4335-b2c1-51c908eaa32b,2026-09-24T03:24:10.256338Z
3b9cb867-dfaa-4642-9af3-ea75412d40a0,2026-10-07,12:00,America/Los_Angeles,🤝 MATCH HOUSE San Francisco,Downtown,Unspecified,https://www.tech-week.com/calendar/sf/events/match-house-san-francisco-3b9cb867-dfaa-4642-9af3-ea75412d40a0,2026-09-24T03:24:10.256338Z
28332937-f8ba-4b2b-b3ef-5ffa3a2bfb06,2026-10-07,12:30,America/Los_Angeles,(International) YC Founders Picnic,Alamo Square,Unspecified,https://www.tech-week.com/calendar/sf/events/international-yc-founders-picnic-28332937-f8ba-4b2b-b3ef-5ffa3a2bfb06,2026-09-24T03:24:10.256338Z
30cdae84-8dc4-46e9-903f-0fbf877d6871,2026-10-07,12:30,America/Los_Angeles,"Google for Startups & NVIDIA: Scaling Velocity, Open Infrastructure, and Frontier AI",SOMA,Unspecified,https://www.tech-week.com/calendar/sf/events/google-for-startups-and-nvidia-scaling-velocity-open-infrastructure-and-frontier-30cdae84-8dc4-46e9-903f-0fbf877d6871,2026-09-24T03:24:10.256338Z
4f43d8a3-fd82-4eb0-ac96-cf4265ae6822,2026-10-07,12:30,America/Los_Angeles,"Immigrant Founder Pitch - Unshackled, One Way, Geek Ventures & Dnipro.vc",FiDi,Unspecified,https://www.tech-week.com/calendar/sf/events/immigrant-founder-pitch-unshackled-one-way-geek-ventures-and-dnipro-vc-4f43d8a3-fd82-4eb0-ac96-cf4265ae6822,2026-09-24T03:24:10.256338Z
f337c937-312f-4ff4-9ef9-e89cb1adfafe,2026-10-07,12:30,America/Los_Angeles,"The Missing Layer in AI Finance: Trust, Judgment & Accountability",Virtual,Unspecified,https://www.tech-week.com/calendar/sf/events/the-missing-layer-in-ai-finance-trust-judgment-and-accountability-f337c937-312f-4ff4-9ef9-e89cb1adfafe,2026-09-24T03:24:10.256338Z
dbddcdda-8139-4ce5-bb71-85f512df77d7,2026-10-07,13:00,America/Los_Angeles,Accept All Cookies Pop-up,Dogpatch,Unspecified,https://www.tech-week.com/calendar/sf/events/accept-all-cookies-pop-up-dbddcdda-8139-4ce5-bb71-85f512df77d7,2026-09-24T03:24:10.256338Z
8be8a457-9a12-4c41-aca7-5888616a6d92,2026-10-07,13:00,America/Los_Angeles,"Build a Bold, Attention-Grabbing Brand Using LinkedIn",FiDi,Unspecified,https://www.tech-week.com/calendar/sf/events/build-a-bold-attention-grabbing-brand-using-linkedin-8be8a457-9a12-4c41-aca7-5888616a6d92,2026-09-24T03:24:10.256338Z
be5abafd-cf97-4729-adaa-1fda1246d186,2026-10-07,13:00,America/Los_Angeles,Day One Security,Dogpatch,Unspecified,https://www.tech-week.com/calendar/sf/events/day-one-security-be5abafd-cf97-4729-adaa-1fda1246d186,2026-09-24T03:24:10.256338Z
95d26efb-8086-4cfb-b829-0ca9d6fc76aa,2026-10-07,13:00,America/Los_Angeles,Decentralized Neurosymbolic AI Braindump,Mission,Unspecified,https://www.tech-week.com/calendar/sf/events/decentralized-neurosymbolic-ai-braindump-95d26efb-8086-4cfb-b829-0ca9d6fc76aa,2026-09-24T03:24:10.256338Z
7e04a94b-6363-4634-864a-fff596ff099c,2026-10-07,13:00,America/Los_Angeles,GTM 101: Bootstrapping a Tech Startup,Virtual,Unspecified,https://www.tech-week.com/calendar/sf/events/gtm-101-bootstrapping-a-tech-startup-7e04a94b-6363-4634-864a-fff596ff099c,2026-09-24T03:24:10.256338Z
cb59a444-e215-489a-a226-046ab76eb26a,2026-10-07,13:00,America/Los_Angeles,Mercury & Supabase Happy Hour,South Beach,Unspecified,https://www.tech-week.com/calendar/sf/events/mercury-and-supabase-happy-hour-cb59a444-e215-489a-a226-046ab76eb26a,2026-09-24T03:24:10.256338Z
fbe07f44-8d2b-430a-b3a8-b6b7663da39b,2026-10-07,13:00,America/Los_Angeles,Product & Design Day,SOMA,Closed,https://www.tech-week.com/calendar/sf/events/product-and-design-day-fbe07f44-8d2b-430a-b3a8-b6b7663da39b,2026-09-24T03:24:10.256338Z
f1cf5347-d710-4ff5-bd96-9fc4a873262c,2026-10-07,13:00,America/Los_Angeles,Scaling AI and Deep Tech Companies across International Markets.,Union Square,Unspecified,https://www.tech-week.com/calendar/sf/events/scaling-ai-and-deep-tech-companies-across-international-markets-f1cf5347-d710-4ff5-bd96-9fc4a873262c,2026-09-24T03:24:10.256338Z
27b9865e-dd1f-4f9f-a82b-31bd72666cca,2026-10-07,13:00,America/Los_Angeles,Taiwan's Next Global Startups,Palo Alto,Unspecified,https://www.tech-week.com/calendar/sf/events/taiwan-s-next-global-startups-27b9865e-dd1f-4f9f-a82b-31bd72666cca,2026-09-24T03:24:10.256338Z
4ac6d13c-c16f-4c55-bb43-c0c4a19a4e38,2026-10-07,13:00,America/Los_Angeles,The New Building Blocks of Hardware,Dogpatch,Unspecified,https://www.tech-week.com/calendar/sf/events/the-new-building-blocks-of-hardware-4ac6d13c-c16f-4c55-bb43-c0c4a19a4e38,2026-09-24T03:24:10.256338Z
2dce78ae-9cd0-49e8-8da1-9443aac46fb0,2026-10-07,13:00,America/Los_Angeles,The Oasis @ SF Tech Week - Finding Ikigai,FiDi,Unspecified,https://www.tech-week.com/calendar/sf/events/the-oasis-sf-tech-week-finding-ikigai-2dce78ae-9cd0-49e8-8da1-9443aac46fb0,2026-09-24T03:24:10.256338Z
1d7d4ac6-38a3-4bc5-96c6-0d2add523293,2026-10-07,13:00,America/Los_Angeles,The Universal Connector for AI,SOMA,Unspecified,https://www.tech-week.com/calendar/sf/events/the-universal-connector-for-ai-1d7d4ac6-38a3-4bc5-96c6-0d2add523293,2026-09-24T03:24:10.256338Z
f76a857a-f8ba-4ea1-97d5-b3028c2b8e04,2026-10-07,13:00,America/Los_Angeles,VectyAI Mixer: Deductible Coffee,SOMA,Unspecified,https://www.tech-week.com/calendar/sf/events/vectyai-mixer-deductible-coffee-f76a857a-f8ba-4ea1-97d5-b3028c2b8e04,2026-09-24T03:24:10.256338Z
64cfaf77-0fbe-4cd5-9327-55bae5535b76,2026-10-07,13:00,America/Los_Angeles,Venture Fight Club #6,Hayes Valley,Unspecified,https://www.tech-week.com/calendar/sf/events/venture-fight-club-6-64cfaf77-0fbe-4cd5-9327-55bae5535b76,2026-09-24T03:24:10.256338Z
dd63625e-9a9d-4236-8436-2c0fd5a3dced,2026-10-07,13:15,America/Los_Angeles,Make One Thing Happen,SOMA,Unspecified,https://www.tech-week.com/calendar/sf/events/make-one-thing-happen-dd63625e-9a9d-4236-8436-2c0fd5a3dced,2026-09-24T03:24:10.256338Z
937282f7-f01b-4e54-af4c-4fbd369765bf,2026-10-07,13:30,America/Los_Angeles,GTM for Enterprise Growth w/ Equity Angels + Wells Fargo,Palo Alto,Unspecified,https://www.tech-week.com/calendar/sf/events/gtm-for-enterprise-growth-w-equity-angels-wells-fargo-937282f7-f01b-4e54-af4c-4fbd369765bf,2026-09-24T03:24:10.256338Z
562bf1be-fead-4415-94ba-f82bbf39489d,2026-10-07,14:00,America/Los_Angeles,A Patent-Pending Party,Downtown,Unspecified,https://www.tech-week.com/calendar/sf/events/a-patent-pending-party-562bf1be-fead-4415-94ba-f82bbf39489d,2026-09-24T03:24:10.256338Z
7be293b1-dbb0-458b-90be-6ec7e32794f6,2026-10-07,14:00,America/Los_Angeles,"Build a Company Brain: AI Agents with Memory, Context and Secure Access",Downtown,Unspecified,https://www.tech-week.com/calendar/sf/events/build-a-company-brain-ai-agents-with-memory-context-and-secure-access-7be293b1-dbb0-458b-90be-6ec7e32794f6,2026-09-24T03:24:10.256338Z
d8279858-6c80-4069-a283-e46f1ea5dfcb,2026-10-07,14:00,America/Los_Angeles,Design Roasting Session (vol. 2),Civic Center,Waitlist,https://www.tech-week.com/calendar/sf/events/design-roasting-session-vol-2-d8279858-6c80-4069-a283-e46f1ea5dfcb,2026-09-24T03:24:10.256338Z
d0c5ef11-ac14-43a5-baaf-f481f812a9f7,2026-10-07,14:00,America/Los_Angeles,Every Token Has a Price,Mission,Unspecified,https://www.tech-week.com/calendar/sf/events/every-token-has-a-price-d0c5ef11-ac14-43a5-baaf-f481f812a9f7,2026-09-24T03:24:10.256338Z
5ff98b0e-4d5d-4596-a92f-50dc38839501,2026-10-07,14:00,America/Los_Angeles,Founder Debugging Room: Your First Customers,SOMA,Unspecified,https://www.tech-week.com/calendar/sf/events/founder-debugging-room-your-first-customers-5ff98b0e-4d5d-4596-a92f-50dc38839501,2026-09-24T03:24:10.256338Z
6f5ed47f-7b55-4390-bcdc-e7a60060e6ff,2026-10-07,14:00,America/Los_Angeles,Got News? Storytelling workshop,Other,Unspecified,https://www.tech-week.com/calendar/sf/events/got-news-storytelling-workshop-6f5ed47f-7b55-4390-bcdc-e7a60060e6ff,2026-09-24T03:24:10.256338Z
ca15d44a-656d-46ed-8505-9b49c967a57e,2026-10-07,14:00,America/Los_Angeles,Inception Studio - The Founder Game ARG,SOMA,Unspecified,https://www.tech-week.com/calendar/sf/events/inception-studio-the-founder-game-arg-ca15d44a-656d-46ed-8505-9b49c967a57e,2026-09-24T03:24:10.256338Z
48871de7-976f-4e2d-acc7-d989c2eee2af,2026-10-07,14:00,America/Los_Angeles,Income & Spending Clinic: Afford San Francisco,FiDi,Unspecified,https://www.tech-week.com/calendar/sf/events/income-and-spending-clinic-afford-san-francisco-48871de7-976f-4e2d-acc7-d989c2eee2af,2026-09-24T03:24:10.256338Z
2e659926-adb7-45d9-b3e4-04e09ce29922,2026-10-07,14:00,America/Los_Angeles,Launch & Scale Your Fractional Business,Jackson Square,Unspecified,https://www.tech-week.com/calendar/sf/events/launch-and-scale-your-fractional-business-2e659926-adb7-45d9-b3e4-04e09ce29922,2026-09-24T03:24:10.256338Z
0d83e244-e98c-4b78-9cde-d48a9a56d489,2026-10-07,14:00,America/Los_Angeles,Pax Silica Hackathon: The Nordic x Silicon Valley Innovation​,FiDi,Unspecified,https://www.tech-week.com/calendar/sf/events/pax-silica-hackathon-the-nordic-x-silicon-valley-innovation-0d83e244-e98c-4b78-9cde-d48a9a56d489,2026-09-24T03:24:10.256338Z
4d35b3f2-0df3-4da5-98bb-0cc5014c18c7,2026-10-07,14:00,America/Los_Angeles,PRE-INCORPORATION TRAINING DAY: CREATE THE NEXT OPENAI FOUNDATION,Virtual,Unspecified,https://www.tech-week.com/calendar/sf/events/pre-incorporation-training-day-create-the-next-openai-foundation-4d35b3f2-0df3-4da5-98bb-0cc5014c18c7,2026-09-24T03:24:10.256338Z
b6fe5d0b-2574-491b-bf08-cfa3fd409d8d,2026-10-07,14:00,America/Los_Angeles,"Signals for What’s Next: AI, Prediction Markets & Emerging Technology",SOMA,Unspecified,https://www.tech-week.com/calendar/sf/events/signals-for-what-s-next-ai-prediction-markets-and-emerging-technology-b6fe5d0b-2574-491b-bf08-cfa3fd409d8d,2026-09-24T03:24:10.256338Z
ebb98046-cf35-441e-b459-448a6d280b9c,2026-10-07,14:00,America/Los_Angeles,The Missing Layer: What Enterprise AI Still Gets Wrong About Context,Dogpatch,Unspecified,https://www.tech-week.com/calendar/sf/events/the-missing-layer-what-enterprise-ai-still-gets-wrong-about-context-ebb98046-cf35-441e-b459-448a6d280b9c,2026-09-24T03:24:10.256338Z
b2fda7d9-67df-457f-a0a6-10b6b995e54f,2026-10-07,14:00,America/Los_Angeles,Why AI Design slop is hurting your growth - w/88,Mission,Unspecified,https://www.tech-week.com/calendar/sf/events/why-ai-design-slop-is-hurting-your-growth-w-88-b2fda7d9-67df-457f-a0a6-10b6b995e54f,2026-09-24T03:24:10.256338Z
64e7a451-d7a4-41c6-89d7-cf31802d3a88,2026-10-07,14:00,America/Los_Angeles,"Women Building, Women Backing",SOMA,Unspecified,https://www.tech-week.com/calendar/sf/events/women-building-women-backing-64e7a451-d7a4-41c6-89d7-cf31802d3a88,2026-09-24T03:24:10.256338Z
67db0de1-cfd1-4975-ab39-f0cb019f872b,2026-10-07,14:00,America/Los_Angeles,"Women Leaders in FP&A: The Art of Transformation with Figma, Chime, & Once Upon a Farm",Hayes Valley,Unspecified,https://www.tech-week.com/calendar/sf/events/women-leaders-in-fp-and-a-the-art-of-transformation-with-figma-chime-and-once-up-67db0de1-cfd1-4975-ab39-f0cb019f872b,2026-09-24T03:24:10.256338Z
94e17ac5-cd5a-49d5-af3b-8190f272888d,2026-10-07,14:30,America/Los_Angeles,"20,000 Emails. Two Replies. The 25-Minute Masterclass on Aiming Before You Automate",Virtual,Unspecified,https://www.tech-week.com/calendar/sf/events/20-000-emails-two-replies-the-25-minute-masterclass-on-aiming-before-you-automat-94e17ac5-cd5a-49d5-af3b-8190f272888d,2026-09-24T03:24:10.256338Z
2443f09e-154b-45e8-be74-b70d8b6a9ce2,2026-10-07,14:30,America/Los_Angeles,"Consumer AI - Personal Agent, hospitality, and Travel Tech",SOMA,Unspecified,https://www.tech-week.com/calendar/sf/events/consumer-ai-personal-agent-hospitality-and-travel-tech-2443f09e-154b-45e8-be74-b70d8b6a9ce2,2026-09-24T03:24:10.256338Z
a30971a2-8b6c-4757-9c79-ae275cd6e7d6,2026-10-07,14:30,America/Los_Angeles,Female Founders and Funders Walk,Salesforce Park,Unspecified,https://www.tech-week.com/calendar/sf/events/female-founders-and-funders-walk-a30971a2-8b6c-4757-9c79-ae275cd6e7d6,2026-09-24T03:24:10.256338Z
244ccfe6-9157-4426-9e43-1ee35c3fbd52,2026-10-07,14:30,America/Los_Angeles,Physical AI: Build a Product You Can Hold,Downtown,Unspecified,https://www.tech-week.com/calendar/sf/events/physical-ai-build-a-product-you-can-hold-244ccfe6-9157-4426-9e43-1ee35c3fbd52,2026-09-24T03:24:10.256338Z
3b776396-faec-4759-9b4e-32e3bed2d6d5,2026-10-07,14:30,America/Los_Angeles,SELL TO AMERICA: The Brutally Practical US GTM Playbook,Other,Unspecified,https://www.tech-week.com/calendar/sf/events/sell-to-america-the-brutally-practical-us-gtm-playbook-3b776396-faec-4759-9b4e-32e3bed2d6d5,2026-09-24T03:24:10.256338Z
8a80c489-ab8f-4b73-bb0c-dfa5e0ae16e1,2026-10-07,15:00,America/Los_Angeles,AI Tech Day East meets West,SOMA,Unspecified,https://www.tech-week.com/calendar/sf/events/ai-tech-day-east-meets-west-8a80c489-ab8f-4b73-bb0c-dfa5e0ae16e1,2026-09-24T03:24:10.256338Z
9579a5a1-0f8f-4077-adf7-753d1adce3d1,2026-10-07,15:00,America/Los_Angeles,"Applied AI, Live Asks & Offers: Chiefs of Staff and Microsoft Data Scientists",FiDi,Unspecified,https://www.tech-week.com/calendar/sf/events/applied-ai-live-asks-and-offers-chiefs-of-staff-and-microsoft-data-scientists-9579a5a1-0f8f-4077-adf7-753d1adce3d1,2026-09-24T03:24:10.256338Z
6853479d-2f6f-441b-9b3b-f87a26982349,2026-10-07,15:00,America/Los_Angeles,Base10 Partners <> Stripe Startups,Rincon Hill,Unspecified,https://www.tech-week.com/calendar/sf/events/base10-partners-stripe-startups-6853479d-2f6f-441b-9b3b-f87a26982349,2026-09-24T03:24:10.256338Z
0e07c33a-5ffd-424b-9908-95159fd556e5,2026-10-07,15:00,America/Los_Angeles,Build Mode: HubSpot's Hands-On AI Agent Lab for Real Work,SOMA,Unspecified,https://www.tech-week.com/calendar/sf/events/build-mode-hubspot-s-hands-on-ai-agent-lab-for-real-work-0e07c33a-5ffd-424b-9908-95159fd556e5,2026-09-24T03:24:10.256338Z
dcef983e-6b2b-4aaa-89a6-10fef91d1db8,2026-10-07,15:00,America/Los_Angeles,Building Consumer Startups in Public,Mission,Unspecified,https://www.tech-week.com/calendar/sf/events/building-consumer-startups-in-public-dcef983e-6b2b-4aaa-89a6-10fef91d1db8,2026-09-24T03:24:10.256338Z
7b65c98f-08da-46d3-8e37-32ef6286cdc0,2026-10-07,15:00,America/Los_Angeles,Deeptech Bridges @ SF Tech Week,SOMA,Unspecified,https://www.tech-week.com/calendar/sf/events/deeptech-bridges-sf-tech-week-7b65c98f-08da-46d3-8e37-32ef6286cdc0,2026-09-24T03:24:10.256338Z
ad243b8e-d773-4add-9dff-a4b22346a9ea,2026-10-07,15:00,America/Los_Angeles,Embodied AI ≠ Robotics,SOMA,Unspecified,https://www.tech-week.com/calendar/sf/events/embodied-ai-robotics-ad243b8e-d773-4add-9dff-a4b22346a9ea,2026-09-24T03:24:10.256338Z
3d2b4e5a-323c-408c-9082-abc7c16c8254,2026-10-07,15:00,America/Los_Angeles,Entrepreneurs First October '26 Demo Day,FiDi,Closed,https://www.tech-week.com/calendar/sf/events/entrepreneurs-first-october-26-demo-day-3d2b4e5a-323c-408c-9082-abc7c16c8254,2026-09-24T03:24:10.256338Z
3e1eb588-29d7-401f-8037-78f0fbbc954e,2026-10-07,15:00,America/Los_Angeles,FOIL & TECH,Marina,Unspecified,https://www.tech-week.com/calendar/sf/events/foil-and-tech-3e1eb588-29d7-401f-8037-78f0fbbc954e,2026-09-24T03:24:10.256338Z
351924c8-bb3b-4f4e-80fd-a887307cea65,2026-10-07,15:00,America/Los_Angeles,From Exit to LP: Founders & Family Offices Deploying Into AI,FiDi,Unspecified,https://www.tech-week.com/calendar/sf/events/from-exit-to-lp-founders-and-family-offices-deploying-into-ai-351924c8-bb3b-4f4e-80fd-a887307cea65,2026-09-24T03:24:10.256338Z
95fdefbf-4d4d-4989-b8a9-8cdcf4f1969d,2026-10-07,15:00,America/Los_Angeles,GTM Engineering Leaders & Startups: Founder Demos + Leadership Talks,Union Square,Unspecified,https://www.tech-week.com/calendar/sf/events/gtm-engineering-leaders-and-startups-founder-demos-leadership-talks-95fdefbf-4d4d-4989-b8a9-8cdcf4f1969d,2026-09-24T03:24:10.256338Z
237fcdd2-ee56-45fd-94b8-21d59699fcc8,2026-10-07,15:00,America/Los_Angeles,How Legal Teams Can Maximize their ROI -Unplugged!,Embarcadero,Unspecified,https://www.tech-week.com/calendar/sf/events/how-legal-teams-can-maximize-their-roi-unplugged-237fcdd2-ee56-45fd-94b8-21d59699fcc8,2026-09-24T03:24:10.256338Z
9dcd3aa0-94da-45a3-b0c5-43f9a04fb8cb,2026-10-07,15:00,America/Los_Angeles,Psychological Burnout in the Age of AI,Embarcadero,Unspecified,https://www.tech-week.com/calendar/sf/events/psychological-burnout-in-the-age-of-ai-9dcd3aa0-94da-45a3-b0c5-43f9a04fb8cb,2026-09-24T03:24:10.256338Z
8b60ea40-15ed-4776-bf84-30793de6859e,2026-10-07,15:00,America/Los_Angeles,Reverse Career Fair,Stanford,Unspecified,https://www.tech-week.com/calendar/sf/events/reverse-career-fair-8b60ea40-15ed-4776-bf84-30793de6859e,2026-09-24T03:24:10.256338Z
d86b8a13-d49c-4e07-9993-70f734fb29f0,2026-10-07,15:00,America/Los_Angeles,The Marketplace Economy in the Age of AI,Mission,Unspecified,https://www.tech-week.com/calendar/sf/events/the-marketplace-economy-in-the-age-of-ai-d86b8a13-d49c-4e07-9993-70f734fb29f0,2026-09-24T03:24:10.256338Z
107b708b-9b7e-4b05-b281-6ed6401f97eb,2026-10-07,15:00,America/Los_Angeles,The New Finance: AI. Data. Talent. Governance. Scale.,SOMA,Unspecified,https://www.tech-week.com/calendar/sf/events/the-new-finance-ai-data-talent-governance-scale-107b708b-9b7e-4b05-b281-6ed6401f97eb,2026-09-24T03:24:10.256338Z
3b61694c-3ed6-4bf8-b54b-c364b66d5934,2026-10-07,15:00,America/Los_Angeles,"The Next Consumer AI Frontier: Companionship, Identity & Wellbeing - #SF TechWeek",SOMA,Unspecified,https://www.tech-week.com/calendar/sf/events/the-next-consumer-ai-frontier-companionship-identity-and-wellbeing-sf-techweek-3b61694c-3ed6-4bf8-b54b-c364b66d5934,2026-09-24T03:24:10.256338Z
8d7c396f-121b-4217-81ca-4a63aaa90d61,2026-10-07,15:00,America/Los_Angeles,"The Pitch Is a Story: Presence, Narrative, and Connection for AI Founders",FiDi,Unspecified,https://www.tech-week.com/calendar/sf/events/the-pitch-is-a-story-presence-narrative-and-connection-for-ai-founders-8d7c396f-121b-4217-81ca-4a63aaa90d61,2026-09-24T03:24:10.256338Z
955a6b83-8fc9-4a48-98a7-e73cad637899,2026-10-07,15:00,America/Los_Angeles,The Talent Hunt: 20 AI Startups Pitch to 200 Top Builders,SOMA,Unspecified,https://www.tech-week.com/calendar/sf/events/the-talent-hunt-20-ai-startups-pitch-to-200-top-builders-955a6b83-8fc9-4a48-98a7-e73cad637899,2026-09-24T03:24:10.256338Z
ec6fdba3-b087-45c4-b12f-1bb736bd7ce8,2026-10-07,15:00,America/Los_Angeles,UK Founder Pitch,Union Square,Unspecified,https://www.tech-week.com/calendar/sf/events/uk-founder-pitch-ec6fdba3-b087-45c4-b12f-1bb736bd7ce8,2026-09-24T03:24:10.256338Z
6f6e72da-4649-47e2-870f-9655d9821e13,2026-10-07,15:00,America/Los_Angeles,ZEN VR EVENT,FiDi,Unspecified,https://www.tech-week.com/calendar/sf/events/zen-vr-event-6f6e72da-4649-47e2-870f-9655d9821e13,2026-09-24T03:24:10.256338Z
6d7e15d5-5eaa-40ce-8590-d6a89a8fe23e,2026-10-07,15:30,America/Los_Angeles,Chief LegalX Executive Panel + Fun Fall Mixer! - #SF TechWeek,FiDi,Unspecified,https://www.tech-week.com/calendar/sf/events/chief-legalx-executive-panel-fun-fall-mixer-sf-techweek-6d7e15d5-5eaa-40ce-8590-d6a89a8fe23e,2026-09-24T03:24:10.256338Z
c4fb4e05-5daf-453b-91d5-880b1efbbde8,2026-10-07,15:30,America/Los_Angeles,Do Chinese AI models signal a new world order?,FiDi,Unspecified,https://www.tech-week.com/calendar/sf/events/do-chinese-ai-models-signal-a-new-world-order-c4fb4e05-5daf-453b-91d5-880b1efbbde8,2026-09-24T03:24:10.256338Z
ea86b1e8-09e7-4933-b123-01141cda47a2,2026-10-07,15:30,America/Los_Angeles,Where the Trillions Go: Meet the Investors Funding AI,Rincon Hill,Unspecified,https://www.tech-week.com/calendar/sf/events/where-the-trillions-go-meet-the-investors-funding-ai-ea86b1e8-09e7-4933-b123-01141cda47a2,2026-09-24T03:24:10.256338Z
4bb20a7b-2b9b-4b1c-b78e-6fc4de516272,2026-10-07,16:00,America/Los_Angeles,&cruise — SF ↔ Tokyo,South Beach,Unspecified,https://www.tech-week.com/calendar/sf/events/and-cruise-sf-tokyo-4bb20a7b-2b9b-4b1c-b78e-6fc4de516272,2026-09-24T03:24:10.256338Z
59477b42-52da-4aa4-ac2c-f29cebf0a909,2026-10-07,16:00,America/Los_Angeles,Adobe Presents: The GTM Inflection Point,Design District,Unspecified,https://www.tech-week.com/calendar/sf/events/adobe-presents-the-gtm-inflection-point-59477b42-52da-4aa4-ac2c-f29cebf0a909,2026-09-24T03:24:10.256338Z
5eca8bd7-dea0-48d0-94e2-cc25a9c435f6,2026-10-07,16:00,America/Los_Angeles,AI Filmmaking Mixer,Mission,Unspecified,https://www.tech-week.com/calendar/sf/events/ai-filmmaking-mixer-5eca8bd7-dea0-48d0-94e2-cc25a9c435f6,2026-09-24T03:24:10.256338Z
f2887df8-e5ec-45f1-aba1-b948d540cc12,2026-10-07,16:00,America/Los_Angeles,Beyond Burnout: Designing for the Senses,FiDi,Unspecified,https://www.tech-week.com/calendar/sf/events/beyond-burnout-designing-for-the-senses-f2887df8-e5ec-45f1-aba1-b948d540cc12,2026-09-24T03:24:10.256338Z
0a37a0b3-b629-4f1e-9c37-0a612a5e1790,2026-10-07,16:00,America/Los_Angeles,Beyond the Demo: How Physical AI Companies Make Real Money - #SF TechWeek,FiDi,Unspecified,https://www.tech-week.com/calendar/sf/events/beyond-the-demo-how-physical-ai-companies-make-real-money-sf-techweek-0a37a0b3-b629-4f1e-9c37-0a612a5e1790,2026-09-24T03:24:10.256338Z
45290de3-60b7-4322-a9c2-4b2d6bbe1991,2026-10-07,16:00,America/Los_Angeles,Body Intelligence Summit 3.0,Mountain View,Unspecified,https://www.tech-week.com/calendar/sf/events/body-intelligence-summit-3-0-45290de3-60b7-4322-a9c2-4b2d6bbe1991,2026-09-24T03:24:10.256338Z
5d7c8abc-18de-432f-9874-2ed8d1d2e5e3,2026-10-07,16:00,America/Los_Angeles,Building AI Data Centers: Owners × Contractors,FiDi,Unspecified,https://www.tech-week.com/calendar/sf/events/building-ai-data-centers-owners-contractors-5d7c8abc-18de-432f-9874-2ed8d1d2e5e3,2026-09-24T03:24:10.256338Z
5ba58d5d-3ed9-4a40-b530-63e036964499,2026-10-07,16:00,America/Los_Angeles,Closing the AI Adoption Gap,Union Square,Unspecified,https://www.tech-week.com/calendar/sf/events/closing-the-ai-adoption-gap-5ba58d5d-3ed9-4a40-b530-63e036964499,2026-09-24T03:24:10.256338Z
f115e482-0500-4f60-9ef4-560e4d642bb5,2026-10-07,16:00,America/Los_Angeles,"Compute, Cocktails & Connections with Oracle Cloud",Downtown,Unspecified,https://www.tech-week.com/calendar/sf/events/compute-cocktails-and-connections-with-oracle-cloud-f115e482-0500-4f60-9ef4-560e4d642bb5,2026-09-24T03:24:10.256338Z
9272f9a1-4b2e-4f2a-8f89-c5cb3abca55b,2026-10-07,16:00,America/Los_Angeles,CTOs: Beyond Generalist AI: From Engineering Productivity to Enterprise Value,South Beach,Unspecified,https://www.tech-week.com/calendar/sf/events/ctos-beyond-generalist-ai-from-engineering-productivity-to-enterprise-value-9272f9a1-4b2e-4f2a-8f89-c5cb3abca55b,2026-09-24T03:24:10.256338Z
f02a03b4-0f6e-43e3-a5bd-aa62f85398bd,2026-10-07,16:00,America/Los_Angeles,Don't Let Your LLM Go Rogue: AI Security & Guardrails,Union Square,Unspecified,https://www.tech-week.com/calendar/sf/events/don-t-let-your-llm-go-rogue-ai-security-and-guardrails-f02a03b4-0f6e-43e3-a5bd-aa62f85398bd,2026-09-24T03:24:10.256338Z
0364d7d8-3e08-4ac1-8ee1-b91f162ffd0e,2026-10-07,16:00,America/Los_Angeles,Elve Investor Briefing & Live Demo: Unlocking mmWave Power at Scale,South Beach,Closed,https://www.tech-week.com/calendar/sf/events/elve-investor-briefing-and-live-demo-unlocking-mmwave-power-at-scale-0364d7d8-3e08-4ac1-8ee1-b91f162ffd0e,2026-09-24T03:24:10.256338Z
29c59aba-8047-4ef8-aec8-d68657849dbc,2026-10-07,16:00,America/Los_Angeles,Embodied AI Happy Hour,SOMA,Unspecified,https://www.tech-week.com/calendar/sf/events/embodied-ai-happy-hour-29c59aba-8047-4ef8-aec8-d68657849dbc,2026-09-24T03:24:10.256338Z
dcf5676d-7860-4c11-8b66-afbc03bfc5f4,2026-10-07,16:00,America/Los_Angeles,"Found, Not Searched",Hillsborough,Unspecified,https://www.tech-week.com/calendar/sf/events/found-not-searched-dcf5676d-7860-4c11-8b66-afbc03bfc5f4,2026-09-24T03:24:10.256338Z
6cca93a2-14df-44b8-847a-d9ec4c06b350,2026-10-07,16:00,America/Los_Angeles,Fresh Air: Mid-Week Reset Walk for Founders & Builders,SOMA,Unspecified,https://www.tech-week.com/calendar/sf/events/fresh-air-mid-week-reset-walk-for-founders-and-builders-6cca93a2-14df-44b8-847a-d9ec4c06b350,2026-09-24T03:24:10.256338Z
59aaf67a-611f-44f6-bc5f-c39d24fc18f2,2026-10-07,16:00,America/Los_Angeles,"GTM AI Paradox You Got Speed, But Lost the System",Downtown,Unspecified,https://www.tech-week.com/calendar/sf/events/gtm-ai-paradox-you-got-speed-but-lost-the-system-59aaf67a-611f-44f6-bc5f-c39d24fc18f2,2026-09-24T03:24:10.256338Z
5346fd13-8b1c-40bd-a837-b29f6a29054e,2026-10-07,16:00,America/Los_Angeles,"Heidi Pop-Up: Calling All Builders 🚀 - Gelato, Swag & Chats",SOMA,Unspecified,https://www.tech-week.com/calendar/sf/events/heidi-pop-up-calling-all-builders-gelato-swag-and-chats-5346fd13-8b1c-40bd-a837-b29f6a29054e,2026-09-24T03:24:10.256338Z
1d9a3249-500f-41af-afc9-38eb52eeffc2,2026-10-07,16:00,America/Los_Angeles,J.P. Morgan presents What's Next? The Future of Life Sciences & Healthcare,FiDi,Unspecified,https://www.tech-week.com/calendar/sf/events/j-p-morgan-presents-what-s-next-the-future-of-life-sciences-and-healthcare-1d9a3249-500f-41af-afc9-38eb52eeffc2,2026-09-24T03:24:10.256338Z
660f1d12-67f7-4bf0-abb6-38c9cea23a85,2026-10-07,16:00,America/Los_Angeles,Natural Reset Lounge - Session 1,FiDi,Unspecified,https://www.tech-week.com/calendar/sf/events/natural-reset-lounge-session-1-660f1d12-67f7-4bf0-abb6-38c9cea23a85,2026-09-24T03:24:10.256338Z
4825cdcc-88bc-4272-bc0e-7af904d0eaff,2026-10-07,16:00,America/Los_Angeles,New Media Summit Presented by Yahoo + NEW ECONOMIES,SOMA,Unspecified,https://www.tech-week.com/calendar/sf/events/new-media-summit-presented-by-yahoo-new-economies-4825cdcc-88bc-4272-bc0e-7af904d0eaff,2026-09-24T03:24:10.256338Z
1d7cdf13-f131-43c5-b5c3-bd6987f9c713,2026-10-07,16:00,America/Los_Angeles,Physical AI Demo Day: Intelligence for the Real World,Mission Bay,Unspecified,https://www.tech-week.com/calendar/sf/events/physical-ai-demo-day-intelligence-for-the-real-world-1d7cdf13-f131-43c5-b5c3-bd6987f9c713,2026-09-24T03:24:10.256338Z
37c95029-065d-44e3-91a1-05d7bc53266e,2026-10-07,16:00,America/Los_Angeles,Prompted: Wharton Tech Toks x LSPT,Embarcadero,Unspecified,https://www.tech-week.com/calendar/sf/events/prompted-wharton-tech-toks-x-lspt-37c95029-065d-44e3-91a1-05d7bc53266e,2026-09-24T03:24:10.256338Z
79351c6c-b159-43bb-9952-e265041342df,2026-10-07,16:00,America/Los_Angeles,SE ASIA SF SALON #2,Russian Hill,Unspecified,https://www.tech-week.com/calendar/sf/events/se-asia-sf-salon-2-79351c6c-b159-43bb-9952-e265041342df,2026-09-24T03:24:10.256338Z
16bc1d41-f246-48de-a8c2-794c7cd48588,2026-10-07,16:00,America/Los_Angeles,Smartlead x Pump: Scaling Without Scaling Headcount,SOMA,Unspecified,https://www.tech-week.com/calendar/sf/events/smartlead-x-pump-scaling-without-scaling-headcount-16bc1d41-f246-48de-a8c2-794c7cd48588,2026-09-24T03:24:10.256338Z
195abcdf-9acb-4da4-8034-496e60fe42dd,2026-10-07,16:00,America/Los_Angeles,"The AI Convergence: Voice, Video, Agents & Infrastructure",SOMA,Unspecified,https://www.tech-week.com/calendar/sf/events/the-ai-convergence-voice-video-agents-and-infrastructure-195abcdf-9acb-4da4-8034-496e60fe42dd,2026-09-24T03:24:10.256338Z
52e1fb14-c4ef-4c02-87e1-2d49b8103ffd,2026-10-07,16:00,America/Los_Angeles,The New GTM Stack for Telehealth (0→1 & 1→10 ),FiDi,Unspecified,https://www.tech-week.com/calendar/sf/events/the-new-gtm-stack-for-telehealth-0-1-and-1-10-52e1fb14-c4ef-4c02-87e1-2d49b8103ffd,2026-09-24T03:24:10.256338Z
68b228b2-3fb1-40df-9eff-c5784aa91d95,2026-10-07,16:00,America/Los_Angeles,Top 5 Things to Know When Preparing to Raise a Series A,Downtown,Unspecified,https://www.tech-week.com/calendar/sf/events/top-5-things-to-know-when-preparing-to-raise-a-series-a-68b228b2-3fb1-40df-9eff-c5784aa91d95,2026-09-24T03:24:10.256338Z
3a168f42-340a-402a-a5fd-3732c6e61585,2026-10-07,16:00,America/Los_Angeles,UK AI Hardware Plan,Union Square,Unspecified,https://www.tech-week.com/calendar/sf/events/uk-ai-hardware-plan-3a168f42-340a-402a-a5fd-3732c6e61585,2026-09-24T03:24:10.256338Z
7e7d3a69-87e4-4307-8050-7ed8bd3f5dd2,2026-10-07,16:00,America/Los_Angeles,Win Q4 on Meta with AI,Other,Unspecified,https://www.tech-week.com/calendar/sf/events/win-q4-on-meta-with-ai-7e7d3a69-87e4-4307-8050-7ed8bd3f5dd2,2026-09-24T03:24:10.256338Z
6836c3a2-4a51-44df-9a64-15e45544281f,2026-10-07,16:30,America/Los_Angeles,AI 101,Virtual,Unspecified,https://www.tech-week.com/calendar/sf/events/ai-101-6836c3a2-4a51-44df-9a64-15e45544281f,2026-09-24T03:24:10.256338Z
f4033bae-56fa-426f-b864-e3e1a1b67835,2026-10-07,16:30,America/Los_Angeles,"Creator Clubhouse with Replit, Gamma and ElevenLabs",Mission,Unspecified,https://www.tech-week.com/calendar/sf/events/creator-clubhouse-with-replit-gamma-and-elevenlabs-f4033bae-56fa-426f-b864-e3e1a1b67835,2026-09-24T03:24:10.256338Z
d610ada9-6ed0-41a7-8d4b-4fcbc6eeb265,2026-10-07,16:30,America/Los_Angeles,"From Pilot to Production: AI in Legal, Finance & Insurance",Downtown,Unspecified,https://www.tech-week.com/calendar/sf/events/from-pilot-to-production-ai-in-legal-finance-and-insurance-d610ada9-6ed0-41a7-8d4b-4fcbc6eeb265,2026-09-24T03:24:10.256338Z
d9e7cb96-f52e-48b3-9465-61e1338a2e22,2026-10-07,16:30,America/Los_Angeles,How Agentic AI is disrupting commerce and retail,SOMA,Unspecified,https://www.tech-week.com/calendar/sf/events/how-agentic-ai-is-disrupting-commerce-and-retail-d9e7cb96-f52e-48b3-9465-61e1338a2e22,2026-09-24T03:24:10.256338Z
94d55f32-ab2b-431b-841c-882e7300e268,2026-10-07,16:30,America/Los_Angeles,Lowenstein Sandler’s Sip and Social with Women in VC,FiDi,Unspecified,https://www.tech-week.com/calendar/sf/events/lowenstein-sandler-s-sip-and-social-with-women-in-vc-94d55f32-ab2b-431b-841c-882e7300e268,2026-09-24T03:24:10.256338Z
4dcf5f68-2a5a-49f3-8e81-f3717e60ddd1,2026-10-07,16:30,America/Los_Angeles,Roast My Product by Macroscope,SOMA,Closed,https://www.tech-week.com/calendar/sf/events/roast-my-product-by-macroscope-4dcf5f68-2a5a-49f3-8e81-f3717e60ddd1,2026-09-24T03:24:10.256338Z
949bd0de-80f7-46f1-9a6d-b4e351c47690,2026-10-07,16:30,America/Los_Angeles,Scale Without the Chaos: Building the finance foundation for AI-native growth,FiDi,Unspecified,https://www.tech-week.com/calendar/sf/events/scale-without-the-chaos-building-the-finance-foundation-for-ai-native-growth-949bd0de-80f7-46f1-9a6d-b4e351c47690,2026-09-24T03:24:10.256338Z
00462047-5c59-4851-8f6c-18580d3205fd,2026-10-07,16:30,America/Los_Angeles,Waybox Car Wash,Stanford,Unspecified,https://www.tech-week.com/calendar/sf/events/waybox-car-wash-00462047-5c59-4851-8f6c-18580d3205fd,2026-09-24T03:24:10.256338Z
a7fe18d9-6bad-4c62-b83b-4e8fb35c631b,2026-10-07,17:00,America/Los_Angeles,"Agents at Altitude w/ Salesforce, Fin",FiDi,Unspecified,https://www.tech-week.com/calendar/sf/events/agents-at-altitude-w-salesforce-fin-a7fe18d9-6bad-4c62-b83b-4e8fb35c631b,2026-09-24T03:24:10.256338Z
71bce0fe-f239-4803-9092-55ace31e71df,2026-10-07,17:00,America/Los_Angeles,AI Beyond the Cloud: Developer Happy Hour with femtoAI,Mission,Unspecified,https://www.tech-week.com/calendar/sf/events/ai-beyond-the-cloud-developer-happy-hour-with-femtoai-71bce0fe-f239-4803-9092-55ace31e71df,2026-09-24T03:24:10.256338Z
56f4f9cc-e635-4642-986e-d9fff71138ea,2026-10-07,17:00,America/Los_Angeles,"AI Demo: Alumni Ventures, Startup Grind & AI Collective",FiDi,Unspecified,https://www.tech-week.com/calendar/sf/events/ai-demo-alumni-ventures-startup-grind-and-ai-collective-56f4f9cc-e635-4642-986e-d9fff71138ea,2026-09-24T03:24:10.256338Z
ca671818-72a3-4838-847b-2b73a63a2ab9,2026-10-07,17:00,America/Los_Angeles,AI for Solo Founders: Virtual Coffee Chat & Networking,Virtual,Unspecified,https://www.tech-week.com/calendar/sf/events/ai-for-solo-founders-virtual-coffee-chat-and-networking-ca671818-72a3-4838-847b-2b73a63a2ab9,2026-09-24T03:24:10.256338Z
0fc2fa4d-aba7-4b1e-bd3f-e17d115924df,2026-10-07,17:00,America/Los_Angeles,AI LEGAL TECH SHIFTS IN AFRICAN MARKETS,Downtown,Unspecified,https://www.tech-week.com/calendar/sf/events/ai-legal-tech-shifts-in-african-markets-0fc2fa4d-aba7-4b1e-bd3f-e17d115924df,2026-09-24T03:24:10.256338Z
de8b6e1e-56f4-45f3-9188-99edfa4906ea,2026-10-07,17:00,America/Los_Angeles,AI Training at Scale: What We've Learned in Production,Other,Unspecified,https://www.tech-week.com/calendar/sf/events/ai-training-at-scale-what-we-ve-learned-in-production-de8b6e1e-56f4-45f3-9188-99edfa4906ea,2026-09-24T03:24:10.256338Z
8419cddf-0027-418b-a8bd-b17dec99c67c,2026-10-07,17:00,America/Los_Angeles,Automotive x AI: The Future of Mobility,FiDi,Closed,https://www.tech-week.com/calendar/sf/events/automotive-x-ai-the-future-of-mobility-8419cddf-0027-418b-a8bd-b17dec99c67c,2026-09-24T03:24:10.256338Z
fbdb9624-5b6c-43a2-908f-31c3b9dab7a6,2026-10-07,17:00,America/Los_Angeles,Beyond AGI: AI Societies and the Future of Decision-Making,Downtown,Unspecified,https://www.tech-week.com/calendar/sf/events/beyond-agi-ai-societies-and-the-future-of-decision-making-fbdb9624-5b6c-43a2-908f-31c3b9dab7a6,2026-09-24T03:24:10.256338Z
c22cc5b0-7fce-4a2b-a441-46339013c4cb,2026-10-07,17:00,America/Los_Angeles,Beyond Earth: The Aerospace Robotics and SpaceTech Fireside Discussion,Alamo Square,Unspecified,https://www.tech-week.com/calendar/sf/events/beyond-earth-the-aerospace-robotics-and-spacetech-fireside-discussion-c22cc5b0-7fce-4a2b-a441-46339013c4cb,2026-09-24T03:24:10.256338Z
c24d0840-401f-4759-b9f3-1c1bc77cfa96,2026-10-07,17:00,America/Los_Angeles,"Blitzscaling with AI featuring Open AI, YC, A16z Speedrun",FiDi,Unspecified,https://www.tech-week.com/calendar/sf/events/blitzscaling-with-ai-featuring-open-ai-yc-a16z-speedrun-c24d0840-401f-4759-b9f3-1c1bc77cfa96,2026-09-24T03:24:10.256338Z
35d9ac74-082d-466e-bb46-88ab77fdc2ee,2026-10-07,17:00,America/Los_Angeles,British Tech Street Festival,Union Square,Unspecified,https://www.tech-week.com/calendar/sf/events/british-tech-street-festival-35d9ac74-082d-466e-bb46-88ab77fdc2ee,2026-09-24T03:24:10.256338Z
f9fc57f2-ec0f-4428-a4fe-45af26895642,2026-10-07,17:00,America/Los_Angeles,"Build, Buy, or Partner?",Downtown,Unspecified,https://www.tech-week.com/calendar/sf/events/build-buy-or-partner-f9fc57f2-ec0f-4428-a4fe-45af26895642,2026-09-24T03:24:10.256338Z
d07678f1-3e70-40fb-b680-9cc7e3615584,2026-10-07,17:00,America/Los_Angeles,Builders & Backers: AI x Health x Wearables,Downtown,Unspecified,https://www.tech-week.com/calendar/sf/events/builders-and-backers-ai-x-health-x-wearables-d07678f1-3e70-40fb-b680-9cc7e3615584,2026-09-24T03:24:10.256338Z
32483462-0be5-420f-9a4c-f3a14c6dee29,2026-10-07,17:00,America/Los_Angeles,"CEO Confessions: Town, Augment and their Coaches",Telegraph Hill,Unspecified,https://www.tech-week.com/calendar/sf/events/ceo-confessions-town-augment-and-their-coaches-32483462-0be5-420f-9a4c-f3a14c6dee29,2026-09-24T03:24:10.256338Z
eaad878b-2bdd-46ae-98f4-14b1fc3e1a50,2026-10-07,17:00,America/Los_Angeles,Desert‑to‑Bay AI Pipeline Mixer — Hosted by ACA & KPMG,SOMA,Unspecified,https://www.tech-week.com/calendar/sf/events/desert-to-bay-ai-pipeline-mixer-hosted-by-aca-and-kpmg-eaad878b-2bdd-46ae-98f4-14b1fc3e1a50,2026-09-24T03:24:10.256338Z
bd12e02b-6bba-41ac-af3d-0ee56fae776e,2026-10-07,17:00,America/Los_Angeles,Executive Roundtable: Future of People Tech,Downtown,Unspecified,https://www.tech-week.com/calendar/sf/events/executive-roundtable-future-of-people-tech-bd12e02b-6bba-41ac-af3d-0ee56fae776e,2026-09-24T03:24:10.256338Z
29e4c92e-397e-4905-b452-5a4a335ef136,2026-10-07,17:00,America/Los_Angeles,Far From the Frontier,Downtown,Unspecified,https://www.tech-week.com/calendar/sf/events/far-from-the-frontier-29e4c92e-397e-4905-b452-5a4a335ef136,2026-09-24T03:24:10.256338Z
bf7726fd-50ab-406c-9bbb-1e40e84c7ee4,2026-10-07,17:00,America/Los_Angeles,Forward-Deployed AI Forum,FiDi,Unspecified,https://www.tech-week.com/calendar/sf/events/forward-deployed-ai-forum-bf7726fd-50ab-406c-9bbb-1e40e84c7ee4,2026-09-24T03:24:10.256338Z
a9307021-d3c3-4b86-bf3e-40ab9a210d06,2026-10-07,17:00,America/Los_Angeles,"Founder & Funding, Presented by Citizens For Startups + Newmark",Downtown,Unspecified,https://www.tech-week.com/calendar/sf/events/founder-and-funding-presented-by-citizens-for-startups-newmark-a9307021-d3c3-4b86-bf3e-40ab9a210d06,2026-09-24T03:24:10.256338Z
89ac6f68-7e0a-46df-b3a0-252ee1e11c4f,2026-10-07,17:00,America/Los_Angeles,From ore to orbit,Downtown,Unspecified,https://www.tech-week.com/calendar/sf/events/from-ore-to-orbit-89ac6f68-7e0a-46df-b3a0-252ee1e11c4f,2026-09-24T03:24:10.256338Z
162857b6-c026-4513-b276-4917befa3ac8,2026-10-07,17:00,America/Los_Angeles,"Hi, Cofounder: an IRL cofounder search",FiDi,Unspecified,https://www.tech-week.com/calendar/sf/events/hi-cofounder-an-irl-cofounder-search-162857b6-c026-4513-b276-4917befa3ac8,2026-09-24T03:24:10.256338Z
6f2751b0-f950-48e7-a124-4dfaf9dc269f,2026-10-07,17:00,America/Los_Angeles,Hitting your Demoday Revenue Goal,SOMA,Unspecified,https://www.tech-week.com/calendar/sf/events/hitting-your-demoday-revenue-goal-6f2751b0-f950-48e7-a124-4dfaf9dc269f,2026-09-24T03:24:10.256338Z
e2ad51e6-05a3-4396-b893-4bb4e48cefa4,2026-10-07,17:00,America/Los_Angeles,"Human Connections via AI — The Good, The Bad & The Robotic",Pacific Heights,Unspecified,https://www.tech-week.com/calendar/sf/events/human-connections-via-ai-the-good-the-bad-and-the-robotic-e2ad51e6-05a3-4396-b893-4bb4e48cefa4,2026-09-24T03:24:10.256338Z
6211dd65-48d1-48f9-bde5-6b51174fe3cc,2026-10-07,17:00,America/Los_Angeles,Keeping Up With Tech: What Makes a Story?,FiDi,Unspecified,https://www.tech-week.com/calendar/sf/events/keeping-up-with-tech-what-makes-a-story-6211dd65-48d1-48f9-bde5-6b51174fe3cc,2026-09-24T03:24:10.256338Z
92a1c185-e8f4-4dff-a279-9916089ba45c,2026-10-07,17:00,America/Los_Angeles,LatAm & Latinos In Fintech,SOMA,Unspecified,https://www.tech-week.com/calendar/sf/events/latam-and-latinos-in-fintech-92a1c185-e8f4-4dff-a279-9916089ba45c,2026-09-24T03:24:10.256338Z
90ad4b40-ffe4-4bae-a6eb-f3fa1fb31ce5,2026-10-07,17:00,America/Los_Angeles,"Morph-a-thon : Describe Your App, Close Your Laptop",Mountain View,Unspecified,https://www.tech-week.com/calendar/sf/events/morph-a-thon-describe-your-app-close-your-laptop-90ad4b40-ffe4-4bae-a6eb-f3fa1fb31ce5,2026-09-24T03:24:10.256338Z
27a2f074-41ac-4e6a-8c3e-05e233afc135,2026-10-07,17:00,America/Los_Angeles,"Nash Presents: Autonomic, After Hours",SOMA,Unspecified,https://www.tech-week.com/calendar/sf/events/nash-presents-autonomic-after-hours-27a2f074-41ac-4e6a-8c3e-05e233afc135,2026-09-24T03:24:10.256338Z
9c04f81c-210d-4e7a-bba1-1637f862e8e3,2026-10-07,17:00,America/Los_Angeles,NexxaWorld - presented by Nexxa.ai & a16z,SOMA,Unspecified,https://www.tech-week.com/calendar/sf/events/nexxaworld-presented-by-nexxa-ai-and-a16z-9c04f81c-210d-4e7a-bba1-1637f862e8e3,2026-09-24T03:24:10.256338Z
9502d3e7-fb7e-4e63-8e7a-bbb3d68171e6,2026-10-07,17:00,America/Los_Angeles,Nordic Rooftop Happy Hour,FiDi,Unspecified,https://www.tech-week.com/calendar/sf/events/nordic-rooftop-happy-hour-9502d3e7-fb7e-4e63-8e7a-bbb3d68171e6,2026-09-24T03:24:10.256338Z
6113b9b7-b65f-41e8-bf7f-29faf151bfcd,2026-10-07,17:00,America/Los_Angeles,Open Capital Frontiers,Palo Alto,Unspecified,https://www.tech-week.com/calendar/sf/events/open-capital-frontiers-6113b9b7-b65f-41e8-bf7f-29faf151bfcd,2026-09-24T03:24:10.256338Z
4be437fb-119b-4531-9ef0-cf70d5258d5a,2026-10-07,17:00,America/Los_Angeles,"Robotics model, hardware and data quick hang w/ Pixelstwo",Mission,Unspecified,https://www.tech-week.com/calendar/sf/events/robotics-model-hardware-and-data-quick-hang-w-pixelstwo-4be437fb-119b-4531-9ef0-cf70d5258d5a,2026-09-24T03:24:10.256338Z
7dd891db-9d55-4950-b810-2801295e7245,2026-10-07,17:00,America/Los_Angeles,Scaling the Team: What Changes From Hire #1 to Hire #100,Other,Unspecified,https://www.tech-week.com/calendar/sf/events/scaling-the-team-what-changes-from-hire-1-to-hire-100-7dd891db-9d55-4950-b810-2801295e7245,2026-09-24T03:24:10.256338Z
84f98375-cccc-4bcc-8a62-458f87a23581,2026-10-07,17:00,America/Los_Angeles,Speed-dating #Let Fo do the first move,Design District,Unspecified,https://www.tech-week.com/calendar/sf/events/speed-dating-let-fo-do-the-first-move-84f98375-cccc-4bcc-8a62-458f87a23581,2026-09-24T03:24:10.256338Z
10bf5803-a5b3-41cd-86f7-6176d1573fc0,2026-10-07,17:00,America/Los_Angeles,StartupShip,South Beach,Unspecified,https://www.tech-week.com/calendar/sf/events/startupship-10bf5803-a5b3-41cd-86f7-6176d1573fc0,2026-09-24T03:24:10.256338Z
ae1e6519-4c4c-4196-a45b-8e0625026795,2026-10-07,17:00,America/Los_Angeles,Tech Insider: Growth Mode,Fisherman's Wharf,Unspecified,https://www.tech-week.com/calendar/sf/events/tech-insider-growth-mode-ae1e6519-4c4c-4196-a45b-8e0625026795,2026-09-24T03:24:10.256338Z
a2e1592b-5649-441c-81ed-8c5522c53cc1,2026-10-07,17:00,America/Los_Angeles,Tech Roast Show [Presented by Rippling],Nob Hill,Unspecified,https://www.tech-week.com/calendar/sf/events/tech-roast-show-presented-by-rippling-a2e1592b-5649-441c-81ed-8c5522c53cc1,2026-09-24T03:24:10.256338Z
854e2bad-bacc-4098-885c-19bb771dd62b,2026-10-07,17:00,America/Los_Angeles,TechToberFest German Happy Hour,Union Square,Unspecified,https://www.tech-week.com/calendar/sf/events/techtoberfest-german-happy-hour-854e2bad-bacc-4098-885c-19bb771dd62b,2026-09-24T03:24:10.256338Z
affacad9-28fe-4dff-a3a4-596b8951a9a9,2026-10-07,17:00,America/Los_Angeles,"The Hardware Layer of AI: Builders, Bits, and Physical Tech",Embarcadero,Unspecified,https://www.tech-week.com/calendar/sf/events/the-hardware-layer-of-ai-builders-bits-and-physical-tech-affacad9-28fe-4dff-a3a4-596b8951a9a9,2026-09-24T03:24:10.256338Z
25e5e905-2587-4a00-8261-288ea1069d6b,2026-10-07,17:00,America/Los_Angeles,The Next Era of Leadership,Jackson Square,Unspecified,https://www.tech-week.com/calendar/sf/events/the-next-era-of-leadership-25e5e905-2587-4a00-8261-288ea1069d6b,2026-09-24T03:24:10.256338Z
e7abe85c-fbe3-4c48-a6c6-ea77bd16553a,2026-10-07,17:00,America/Los_Angeles,The Product Loop: A Hexa & Amplitude Workshop,SOMA,Unspecified,https://www.tech-week.com/calendar/sf/events/the-product-loop-a-hexa-and-amplitude-workshop-e7abe85c-fbe3-4c48-a6c6-ea77bd16553a,2026-09-24T03:24:10.256338Z
968cb186-a196-4632-9de2-a8c93fa612f5,2026-10-07,17:00,America/Los_Angeles,The Voice AI Rooftop: Modulate x VoiceRun,SOMA,Unspecified,https://www.tech-week.com/calendar/sf/events/the-voice-ai-rooftop-modulate-x-voicerun-968cb186-a196-4632-9de2-a8c93fa612f5,2026-09-24T03:24:10.256338Z
13b337b1-fa5a-4aa1-955f-3968288ca8e9,2026-10-07,17:00,America/Los_Angeles,"Transformation, Unstuck: A Hands-On Leadership Hackathon",Rincon Hill,Unspecified,https://www.tech-week.com/calendar/sf/events/transformation-unstuck-a-hands-on-leadership-hackathon-13b337b1-fa5a-4aa1-955f-3968288ca8e9,2026-09-24T03:24:10.256338Z
dbbb14b6-e17a-40de-8626-b2c33fa8d60d,2026-10-07,17:00,America/Los_Angeles,Trust Issues: When Agents Act for You,SOMA,Unspecified,https://www.tech-week.com/calendar/sf/events/trust-issues-when-agents-act-for-you-dbbb14b6-e17a-40de-8626-b2c33fa8d60d,2026-09-24T03:24:10.256338Z
fa01a038-8349-41ee-959f-dd001386805f,2026-10-07,17:00,America/Los_Angeles,TurbineOne x SF Tech Week,SOMA,Unspecified,https://www.tech-week.com/calendar/sf/events/turbineone-x-sf-tech-week-fa01a038-8349-41ee-959f-dd001386805f,2026-09-24T03:24:10.256338Z
e5b15848-1a23-464d-b38c-3d79dcdd9b6b,2026-10-07,17:00,America/Los_Angeles,Untangling the Healthcare Experience,Mission,Unspecified,https://www.tech-week.com/calendar/sf/events/untangling-the-healthcare-experience-e5b15848-1a23-464d-b38c-3d79dcdd9b6b,2026-09-24T03:24:10.256338Z
49c1a418-409c-4b25-b26c-4c95f7bc746e,2026-10-07,17:00,America/Los_Angeles,VC/LP Meetup,FiDi,Unspecified,https://www.tech-week.com/calendar/sf/events/vc-lp-meetup-49c1a418-409c-4b25-b26c-4c95f7bc746e,2026-09-24T03:24:10.256338Z
67d242e7-e874-40e9-9e08-7fbaedbc7175,2026-10-07,17:00,America/Los_Angeles,Vibe Coding Demo Night with Lovable & Atlassian,FiDi,Unspecified,https://www.tech-week.com/calendar/sf/events/vibe-coding-demo-night-with-lovable-and-atlassian-67d242e7-e874-40e9-9e08-7fbaedbc7175,2026-09-24T03:24:10.256338Z
a12be37f-c5fa-4c72-ae5f-e32716eaec20,2026-10-07,17:00,America/Los_Angeles,Women Shaping the Future of Finance,SOMA,Unspecified,https://www.tech-week.com/calendar/sf/events/women-shaping-the-future-of-finance-a12be37f-c5fa-4c72-ae5f-e32716eaec20,2026-09-24T03:24:10.256338Z
bd8b0828-1c43-417f-968e-98d07a0cf3b1,2026-10-07,17:00,America/Los_Angeles,Zen & The Art of Self Mastery,Golden Gate Park,Unspecified,https://www.tech-week.com/calendar/sf/events/zen-and-the-art-of-self-mastery-bd8b0828-1c43-417f-968e-98d07a0cf3b1,2026-09-24T03:24:10.256338Z
0dd1ac58-5822-44c8-8e70-127c0ac9114b,2026-10-07,17:00,America/Los_Angeles,🌉 Founder & Investor Rooftop Mixer,Telegraph Hill,Unspecified,https://www.tech-week.com/calendar/sf/events/founder-and-investor-rooftop-mixer-0dd1ac58-5822-44c8-8e70-127c0ac9114b,2026-09-24T03:24:10.256338Z
d5871cbb-a264-4cb4-ba27-42609f4ceba4,2026-10-07,17:15,America/Los_Angeles,Health x AI Builders: An AI Founder's Guide to Healthcare,Presidio Heights,Unspecified,https://www.tech-week.com/calendar/sf/events/health-x-ai-builders-an-ai-founder-s-guide-to-healthcare-d5871cbb-a264-4cb4-ba27-42609f4ceba4,2026-09-24T03:24:10.256338Z
7cee02c1-718f-4d33-a3c6-30ff9c592e8a,2026-10-07,17:30,America/Los_Angeles,10x Your Impact: Leadership in the Age of AI: Panel discussion,Downtown,Unspecified,https://www.tech-week.com/calendar/sf/events/10x-your-impact-leadership-in-the-age-of-ai-panel-discussion-7cee02c1-718f-4d33-a3c6-30ff9c592e8a,2026-09-24T03:24:10.256338Z
16f9b290-b738-41fc-944d-b12552766236,2026-10-07,17:30,America/Los_Angeles,"AI Tool Evaluations with AICamp, ScaleKit, and Workato",Dogpatch,Unspecified,https://www.tech-week.com/calendar/sf/events/ai-tool-evaluations-with-aicamp-scalekit-and-workato-16f9b290-b738-41fc-944d-b12552766236,2026-09-24T03:24:10.256338Z
d7251c14-c443-41b2-a03d-d7a0a9c5d3b9,2026-10-07,17:30,America/Los_Angeles,Austrian Demo Night,SOMA,Unspecified,https://www.tech-week.com/calendar/sf/events/austrian-demo-night-d7251c14-c443-41b2-a03d-d7a0a9c5d3b9,2026-09-24T03:24:10.256338Z
a5039d5c-8669-4dec-9646-d13dc8336955,2026-10-07,17:30,America/Los_Angeles,Bay Area Frontier Research Club #26 | Agents in Production: The Data Layer (dinner + paper discussion),Palo Alto,Unspecified,https://www.tech-week.com/calendar/sf/events/bay-area-frontier-research-club-26-agents-in-production-the-data-layer-dinner-pa-a5039d5c-8669-4dec-9646-d13dc8336955,2026-09-24T03:24:10.256338Z
341f73e3-6a13-4c14-acf3-718cf5de6998,2026-10-07,17:30,America/Los_Angeles,Building the Onchain Capital Stack,Jackson Square,Unspecified,https://www.tech-week.com/calendar/sf/events/building-the-onchain-capital-stack-341f73e3-6a13-4c14-acf3-718cf5de6998,2026-09-24T03:24:10.256338Z
d7434f49-ae57-476f-83af-6151c1767fa8,2026-10-07,17:30,America/Los_Angeles,COLM HappyHour,Downtown,Unspecified,https://www.tech-week.com/calendar/sf/events/colm-happyhour-d7434f49-ae57-476f-83af-6151c1767fa8,2026-09-24T03:24:10.256338Z
5383345d-8c2f-46a6-9845-2039dee88fca,2026-10-07,17:30,America/Los_Angeles,Connect Everything: MCP for AI Agents,FiDi,Unspecified,https://www.tech-week.com/calendar/sf/events/connect-everything-mcp-for-ai-agents-5383345d-8c2f-46a6-9845-2039dee88fca,2026-09-24T03:24:10.256338Z
9a995609-c8be-4773-a0b0-c5fbd14b9ad6,2026-10-07,17:30,America/Los_Angeles,Decant the Decision on Your AI-Native Finance Tech Stack: Build vs. Buy with Tabs & Campfire,North Beach,Unspecified,https://www.tech-week.com/calendar/sf/events/decant-the-decision-on-your-ai-native-finance-tech-stack-build-vs-buy-with-tabs-9a995609-c8be-4773-a0b0-c5fbd14b9ad6,2026-09-24T03:24:10.256338Z
6510c154-c876-466f-b395-2a333a3bf828,2026-10-07,17:30,America/Los_Angeles,Dimension ML x Bio Mixer,Jackson Square,Unspecified,https://www.tech-week.com/calendar/sf/events/dimension-ml-x-bio-mixer-6510c154-c876-466f-b395-2a333a3bf828,2026-09-24T03:24:10.256338Z
188bb791-caa0-412c-8ac5-adb1a233b675,2026-10-07,17:30,America/Los_Angeles,Do We Still Need Junior Engineers? Who Becomes Senior in the Age of AI?,SOMA,Unspecified,https://www.tech-week.com/calendar/sf/events/do-we-still-need-junior-engineers-who-becomes-senior-in-the-age-of-ai-188bb791-caa0-412c-8ac5-adb1a233b675,2026-09-24T03:24:10.256338Z
e6c90ff2-a76d-41af-b8d3-a5900f04ac21,2026-10-07,17:30,America/Los_Angeles,Double Date: Bring Your AI Plus-One,Dogpatch,Unspecified,https://www.tech-week.com/calendar/sf/events/double-date-bring-your-ai-plus-one-e6c90ff2-a76d-41af-b8d3-a5900f04ac21,2026-09-24T03:24:10.256338Z
7f4a89d0-16d9-432a-9642-71e7976128d8,2026-10-07,17:30,America/Los_Angeles,Enterprise Sales in the Age of AI : Founder Fireside Chat & Cocktails,SOMA,Unspecified,https://www.tech-week.com/calendar/sf/events/enterprise-sales-in-the-age-of-ai-founder-fireside-chat-and-cocktails-7f4a89d0-16d9-432a-9642-71e7976128d8,2026-09-24T03:24:10.256338Z
6cc96305-7884-4961-b261-499e896a93ce,2026-10-07,17:30,America/Los_Angeles,Founders x Developers Roundtable - #Startups@AWS,Downtown,Unspecified,https://www.tech-week.com/calendar/sf/events/founders-x-developers-roundtable-startups-aws-6cc96305-7884-4961-b261-499e896a93ce,2026-09-24T03:24:10.256338Z
8cde01df-2d93-4984-ab25-9b8c44bc3898,2026-10-07,17:30,America/Los_Angeles,Google for Startups & NVIDIA: Deep Tech x Deep House Happy Hour,SOMA,Unspecified,https://www.tech-week.com/calendar/sf/events/google-for-startups-and-nvidia-deep-tech-x-deep-house-happy-hour-8cde01df-2d93-4984-ab25-9b8c44bc3898,2026-09-24T03:24:10.256338Z
2344feff-2c17-4e7b-8eef-5fd136c65c62,2026-10-07,17:30,America/Los_Angeles,HealMint Free Smart Ring Giveaway & Longevity Happy Hour- #SF TechWeek,Downtown,Unspecified,https://www.tech-week.com/calendar/sf/events/healmint-free-smart-ring-giveaway-and-longevity-happy-hour-sf-techweek-2344feff-2c17-4e7b-8eef-5fd136c65c62,2026-09-24T03:24:10.256338Z
98bd65b7-4353-499f-8383-01e7d313da4c,2026-10-07,17:30,America/Los_Angeles,Health Tech Panel,Hayes Valley,Unspecified,https://www.tech-week.com/calendar/sf/events/health-tech-panel-98bd65b7-4353-499f-8383-01e7d313da4c,2026-09-24T03:24:10.256338Z
56d9e118-7e7c-46f3-a338-cc7189301a0b,2026-10-07,17:30,America/Los_Angeles,How GTM Teams are Deploying AI,FiDi,Unspecified,https://www.tech-week.com/calendar/sf/events/how-gtm-teams-are-deploying-ai-56d9e118-7e7c-46f3-a338-cc7189301a0b,2026-09-24T03:24:10.256338Z
0648cb8a-77c4-46b5-b6cb-f008a34d5de1,2026-10-07,17:30,America/Los_Angeles,How SF's Corner Stores Won the World Cup,FiDi,Unspecified,https://www.tech-week.com/calendar/sf/events/how-sf-s-corner-stores-won-the-world-cup-0648cb8a-77c4-46b5-b6cb-f008a34d5de1,2026-09-24T03:24:10.256338Z
c7c19a06-c9e1-4851-9c3d-572b26234e60,2026-10-07,17:30,America/Los_Angeles,Infra for Intelligence,SOMA,Unspecified,https://www.tech-week.com/calendar/sf/events/infra-for-intelligence-c7c19a06-c9e1-4851-9c3d-572b26234e60,2026-09-24T03:24:10.256338Z
182f7c4e-c15c-4d4e-872d-6bd8f4a6b181,2026-10-07,17:30,America/Los_Angeles,Kyberis Agentic Threat Happy Hour - #SF TechWeek,SOMA,Unspecified,https://www.tech-week.com/calendar/sf/events/kyberis-agentic-threat-happy-hour-sf-techweek-182f7c4e-c15c-4d4e-872d-6bd8f4a6b181,2026-09-24T03:24:10.256338Z
e9e054bd-eef1-482f-a47d-bb1766930118,2026-10-07,17:30,America/Los_Angeles,LawBeta's 3rd Annual Bonfire Happy Hour,Ocean Beach,Unspecified,https://www.tech-week.com/calendar/sf/events/lawbeta-s-3rd-annual-bonfire-happy-hour-e9e054bd-eef1-482f-a47d-bb1766930118,2026-09-24T03:24:10.256338Z
69930041-ba35-4b54-b27c-5e425ffdd938,2026-10-07,17:30,America/Los_Angeles,MR. ADVOCATE Film: The AI Conversation Schools Aren't Having,SOMA,Unspecified,https://www.tech-week.com/calendar/sf/events/mr-advocate-film-the-ai-conversation-schools-aren-t-having-69930041-ba35-4b54-b27c-5e425ffdd938,2026-09-24T03:24:10.256338Z
8f37816b-b4ec-480d-bab6-d6de06c18f90,2026-10-07,17:30,America/Los_Angeles,Neural Concept VIP Happy Hour,Salesforce Park,Unspecified,https://www.tech-week.com/calendar/sf/events/neural-concept-vip-happy-hour-8f37816b-b4ec-480d-bab6-d6de06c18f90,2026-09-24T03:24:10.256338Z
6fc3df8c-bb52-4477-9fe8-5508a7f968d4,2026-10-07,17:30,America/Los_Angeles,"Neuro, Neuro",San Mateo,Unspecified,https://www.tech-week.com/calendar/sf/events/neuro-neuro-6fc3df8c-bb52-4477-9fe8-5508a7f968d4,2026-09-24T03:24:10.256338Z
cfa7223d-6c14-4616-9f41-0356402f362b,2026-10-07,17:30,America/Los_Angeles,No Decks. Just Demos. — Emerging Founder Showcase,FiDi,Unspecified,https://www.tech-week.com/calendar/sf/events/no-decks-just-demos-emerging-founder-showcase-cfa7223d-6c14-4616-9f41-0356402f362b,2026-09-24T03:24:10.256338Z
99abb67a-868a-4068-8d55-2c9cc6e8566a,2026-10-07,17:30,America/Los_Angeles,"Open Source AI Stack: Models, Inference, and Agent Harness",FiDi,Unspecified,https://www.tech-week.com/calendar/sf/events/open-source-ai-stack-models-inference-and-agent-harness-99abb67a-868a-4068-8d55-2c9cc6e8566a,2026-09-24T03:24:10.256338Z
1e8a58d4-7c37-4579-b3c2-83e87b623aa6,2026-10-07,17:30,America/Los_Angeles,Own the Intelligence,Mission,Unspecified,https://www.tech-week.com/calendar/sf/events/own-the-intelligence-1e8a58d4-7c37-4579-b3c2-83e87b623aa6,2026-09-24T03:24:10.256338Z
cb8bdfa3-8cb3-4b1e-aedf-cac2b35c3def,2026-10-07,17:30,America/Los_Angeles,Playwright + AI Agents: Workshop - #SF TechWeek,SOMA,Unspecified,https://www.tech-week.com/calendar/sf/events/playwright-ai-agents-workshop-sf-techweek-cb8bdfa3-8cb3-4b1e-aedf-cac2b35c3def,2026-09-24T03:24:10.256338Z
1b9417cb-89fd-445e-928b-bd8df865ef7c,2026-10-07,17:30,America/Los_Angeles,Quantum in the next AI Supercomputer,Embarcadero,Unspecified,https://www.tech-week.com/calendar/sf/events/quantum-in-the-next-ai-supercomputer-1b9417cb-89fd-445e-928b-bd8df865ef7c,2026-09-24T03:24:10.256338Z
37eb6555-7006-4ba2-8345-71fb1d1c366a,2026-10-07,17:30,America/Los_Angeles,Rethinking Venture Allocation: Where Should LPs Put Their Venture Dollars Now?,Mission,Unspecified,https://www.tech-week.com/calendar/sf/events/rethinking-venture-allocation-where-should-lps-put-their-venture-dollars-now-37eb6555-7006-4ba2-8345-71fb1d1c366a,2026-09-24T03:24:10.256338Z
e531b87e-8236-4925-9ef4-8f7145825dcf,2026-10-07,17:30,America/Los_Angeles,"Robotics, Off the Record",Mission,Unspecified,https://www.tech-week.com/calendar/sf/events/robotics-off-the-record-e531b87e-8236-4925-9ef4-8f7145825dcf,2026-09-24T03:24:10.256338Z
b714c75f-47a3-46bc-88d9-ffe52d7e07e9,2026-10-07,17:30,America/Los_Angeles,Scaling Innovation Across Borders,FiDi,Unspecified,https://www.tech-week.com/calendar/sf/events/scaling-innovation-across-borders-b714c75f-47a3-46bc-88d9-ffe52d7e07e9,2026-09-24T03:24:10.256338Z
1fe9a88b-7186-4108-9065-330ee0a86a46,2026-10-07,17:30,America/Los_Angeles,Solving 'voice' as an interface,Hayes Valley,Unspecified,https://www.tech-week.com/calendar/sf/events/solving-voice-as-an-interface-1fe9a88b-7186-4108-9065-330ee0a86a46,2026-09-24T03:24:10.256338Z
2d5968d3-a675-4072-a6be-06c87488a6c6,2026-10-07,17:30,America/Los_Angeles,Startup Padel Tournament,FiDi,Unspecified,https://www.tech-week.com/calendar/sf/events/startup-padel-tournament-2d5968d3-a675-4072-a6be-06c87488a6c6,2026-09-24T03:24:10.256338Z
7359da75-f85a-477b-a9c1-32f067ea2031,2026-10-07,17:30,America/Los_Angeles,Tech Bio Frontiers Popup by Phase Capital at,Other,Unspecified,https://www.tech-week.com/calendar/sf/events/tech-bio-frontiers-popup-by-phase-capital-at-7359da75-f85a-477b-a9c1-32f067ea2031,2026-09-24T03:24:10.256338Z
b6a85cd7-ab4a-4f04-b9d1-264c32afe179,2026-10-07,17:30,America/Los_Angeles,The Closed Table: Salon of Second Offers,Downtown,Unspecified,https://www.tech-week.com/calendar/sf/events/the-closed-table-salon-of-second-offers-b6a85cd7-ab4a-4f04-b9d1-264c32afe179,2026-09-24T03:24:10.256338Z
8a603d30-7d69-4ac7-ba90-1641759fe445,2026-10-07,17:30,America/Los_Angeles,Voice AI Product Leadership Panel,Salesforce Park,Unspecified,https://www.tech-week.com/calendar/sf/events/voice-ai-product-leadership-panel-8a603d30-7d69-4ac7-ba90-1641759fe445,2026-09-24T03:24:10.256338Z
7f5c84ce-5c89-4eae-993d-6b987a53be5a,2026-10-07,17:30,America/Los_Angeles,What People Want from AI Entertainment,SOMA,Unspecified,https://www.tech-week.com/calendar/sf/events/what-people-want-from-ai-entertainment-7f5c84ce-5c89-4eae-993d-6b987a53be5a,2026-09-24T03:24:10.256338Z
150a3957-0be3-42d6-bac3-81bb8437f404,2026-10-07,17:30,America/Los_Angeles,"Women + AI: Making Waves, a Dinner Cruise on the Bay 🛥️",Embarcadero,Unspecified,https://www.tech-week.com/calendar/sf/events/women-ai-making-waves-a-dinner-cruise-on-the-bay-150a3957-0be3-42d6-bac3-81bb8437f404,2026-09-24T03:24:10.256338Z
415b62d0-98e7-4cb1-968a-1cce802abd9f,2026-10-07,17:45,America/Los_Angeles,🤖 Is Data the Bottleneck for Embodied Agents?,East Bay,Unspecified,https://www.tech-week.com/calendar/sf/events/is-data-the-bottleneck-for-embodied-agents-415b62d0-98e7-4cb1-968a-1cce802abd9f,2026-09-24T03:24:10.256338Z
d27c2bb9-16ab-4811-9d80-2a35394572fd,2026-10-07,18:00,America/Los_Angeles,100 Women in AI Report + Podcast Launch,SOMA,Unspecified,https://www.tech-week.com/calendar/sf/events/100-women-in-ai-report-podcast-launch-d27c2bb9-16ab-4811-9d80-2a35394572fd,2026-09-24T03:24:10.256338Z
f5ee0875-120a-4fc7-860f-7390a53b0b64,2026-10-07,18:00,America/Los_Angeles,2nd Annual Oktoberfest with Giga Energy at,Marina,Unspecified,https://www.tech-week.com/calendar/sf/events/2nd-annual-oktoberfest-with-giga-energy-at-f5ee0875-120a-4fc7-860f-7390a53b0b64,2026-09-24T03:24:10.256338Z
41e1a1a3-04bb-448b-8fd4-b1a534511c9a,2026-10-07,18:00,America/Los_Angeles,Advertising & Marketing Mixer,SOMA,Unspecified,https://www.tech-week.com/calendar/sf/events/advertising-and-marketing-mixer-41e1a1a3-04bb-448b-8fd4-b1a534511c9a,2026-09-24T03:24:10.256338Z
2b537215-8964-41f4-b50f-ac3466a78b0f,2026-10-07,18:00,America/Los_Angeles,Agentic Knowledge Happy Hour,SOMA,Unspecified,https://www.tech-week.com/calendar/sf/events/agentic-knowledge-happy-hour-2b537215-8964-41f4-b50f-ac3466a78b0f,2026-09-24T03:24:10.256338Z
526bf25e-e13f-4be8-95eb-8459ebe376d1,2026-10-07,18:00,America/Los_Angeles,AI Insiders: Healthtech Dinner,FiDi,Unspecified,https://www.tech-week.com/calendar/sf/events/ai-insiders-healthtech-dinner-526bf25e-e13f-4be8-95eb-8459ebe376d1,2026-09-24T03:24:10.256338Z
0a61997a-2ba7-4cdf-887c-acd5b245f59e,2026-10-07,18:00,America/Los_Angeles,"AI Law, Compliance, & GovTech",FiDi,Unspecified,https://www.tech-week.com/calendar/sf/events/ai-law-compliance-and-govtech-0a61997a-2ba7-4cdf-887c-acd5b245f59e,2026-09-24T03:24:10.256338Z
4e35408a-b9a6-481e-ac08-b437bb1e0fb9,2026-10-07,18:00,America/Los_Angeles,AI Supper Club,Other,Unspecified,https://www.tech-week.com/calendar/sf/events/ai-supper-club-4e35408a-b9a6-481e-ac08-b437bb1e0fb9,2026-09-24T03:24:10.256338Z
de93dbc4-7e9b-4e09-878f-aa12a3df7358,2026-10-07,18:00,America/Los_Angeles,Al x Longevity: From Biology to Biomarkers,Downtown,Unspecified,https://www.tech-week.com/calendar/sf/events/al-x-longevity-from-biology-to-biomarkers-de93dbc4-7e9b-4e09-878f-aa12a3df7358,2026-09-24T03:24:10.256338Z
fbdd9532-a98d-436d-967d-306923146c5c,2026-10-07,18:00,America/Los_Angeles,An Afternoon with Turkish Founders Paving the Way in AI,Dogpatch,Unspecified,https://www.tech-week.com/calendar/sf/events/an-afternoon-with-turkish-founders-paving-the-way-in-ai-fbdd9532-a98d-436d-967d-306923146c5c,2026-09-24T03:24:10.256338Z
f37935b8-3f85-4cf7-8392-8484324dbb33,2026-10-07,18:00,America/Los_Angeles,An exhibition on the measurement of human performance,SOMA,Unspecified,https://www.tech-week.com/calendar/sf/events/an-exhibition-on-the-measurement-of-human-performance-f37935b8-3f85-4cf7-8392-8484324dbb33,2026-09-24T03:24:10.256338Z
a095f32c-7381-4dd8-9755-a08fc388d219,2026-10-07,18:00,America/Los_Angeles,Building AGI for Humanity: Dr. Ben Goertzel’s 20-Years on the Path to Beneficial AGI,SOMA,Unspecified,https://www.tech-week.com/calendar/sf/events/building-agi-for-humanity-dr-ben-goertzel-s-20-years-on-the-path-to-beneficial-a-a095f32c-7381-4dd8-9755-a08fc388d219,2026-09-24T03:24:10.256338Z
4ec3b0de-a316-4e28-ba8f-eb110c72b0c0,2026-10-07,18:00,America/Los_Angeles,"Building an Inevitable Brand w/Block, Coinbase, Linear, Plaid, and Warp Leads",Mission,Unspecified,https://www.tech-week.com/calendar/sf/events/building-an-inevitable-brand-w-block-coinbase-linear-plaid-and-warp-leads-4ec3b0de-a316-4e28-ba8f-eb110c72b0c0,2026-09-24T03:24:10.256338Z
d9c6b0b3-1968-4488-8de9-2f84ebbab129,2026-10-07,18:00,America/Los_Angeles,Building India Teams: The Cross-Border Comp & Talent Playbook,Union Square,Unspecified,https://www.tech-week.com/calendar/sf/events/building-india-teams-the-cross-border-comp-and-talent-playbook-d9c6b0b3-1968-4488-8de9-2f84ebbab129,2026-09-24T03:24:10.256338Z
33355d2d-ddac-4da6-b087-2cd1744da578,2026-10-07,18:00,America/Los_Angeles,Building Production-Grade AI Agents for Regulated Industries,FiDi,Unspecified,https://www.tech-week.com/calendar/sf/events/building-production-grade-ai-agents-for-regulated-industries-33355d2d-ddac-4da6-b087-2cd1744da578,2026-09-24T03:24:10.256338Z
27dde0f8-0c89-4e10-b951-1f2fbb876174,2026-10-07,18:00,America/Los_Angeles,Building the Future of Creative AI,Mission Bay,Unspecified,https://www.tech-week.com/calendar/sf/events/building-the-future-of-creative-ai-27dde0f8-0c89-4e10-b951-1f2fbb876174,2026-09-24T03:24:10.256338Z
354d608a-f4ba-4aa0-8ec3-c21d23624203,2026-10-07,18:00,America/Los_Angeles,Built to Endure ✦ The VC Table by Boardy x Women in AI,Downtown,Unspecified,https://www.tech-week.com/calendar/sf/events/built-to-endure-the-vc-table-by-boardy-x-women-in-ai-354d608a-f4ba-4aa0-8ec3-c21d23624203,2026-09-24T03:24:10.256338Z
73ab6d17-7268-4906-82a5-a95deba0fa0f,2026-10-07,18:00,America/Los_Angeles,Canyon Innovation & Tech Summit,Cow Hollow,Unspecified,https://www.tech-week.com/calendar/sf/events/canyon-innovation-and-tech-summit-73ab6d17-7268-4906-82a5-a95deba0fa0f,2026-09-24T03:24:10.256338Z
5e2ae007-744e-4841-878a-7fa49fbffd35,2026-10-07,18:00,America/Los_Angeles,Career as a Brand System™ for Founders,SOMA,Unspecified,https://www.tech-week.com/calendar/sf/events/career-as-a-brand-systemtm-for-founders-5e2ae007-744e-4841-878a-7fa49fbffd35,2026-09-24T03:24:10.256338Z
52c2a3b6-027f-49a4-a054-8882652e6e5e,2026-10-07,18:00,America/Los_Angeles,Creativity in the age if AI,Mission Bay,Unspecified,https://www.tech-week.com/calendar/sf/events/creativity-in-the-age-if-ai-52c2a3b6-027f-49a4-a054-8882652e6e5e,2026-09-24T03:24:10.256338Z
4fb94feb-1b7a-45a5-bc9b-59220f4f736c,2026-10-07,18:00,America/Los_Angeles,CZ/SK @,Downtown,Unspecified,https://www.tech-week.com/calendar/sf/events/cz-sk-4fb94feb-1b7a-45a5-bc9b-59220f4f736c,2026-09-24T03:24:10.256338Z
27009109-1ef9-45a2-a2e1-4a94d579605f,2026-10-07,18:00,America/Los_Angeles,Databricks for Startups Networking Party,SOMA,Unspecified,https://www.tech-week.com/calendar/sf/events/databricks-for-startups-networking-party-27009109-1ef9-45a2-a2e1-4a94d579605f,2026-09-24T03:24:10.256338Z
6c88995a-03ca-47b9-8231-4c9ac9015e3b,2026-10-07,18:00,America/Los_Angeles,Demo Night Mixer with Artos AI,Mission Bay,Unspecified,https://www.tech-week.com/calendar/sf/events/demo-night-mixer-with-artos-ai-6c88995a-03ca-47b9-8231-4c9ac9015e3b,2026-09-24T03:24:10.256338Z
181c7fe3-ab4a-4a40-b178-7d3f1fad009f,2026-10-07,18:00,America/Los_Angeles,Fashion Tech: THE STYLE UPGRADE,SOMA,Unspecified,https://www.tech-week.com/calendar/sf/events/fashion-tech-the-style-upgrade-181c7fe3-ab4a-4a40-b178-7d3f1fad009f,2026-09-24T03:24:10.256338Z
b55f3673-a2e6-43a4-9713-390e02a0ce79,2026-10-07,18:00,America/Los_Angeles,"Fight On, SF: Where The Next Round Starts",Downtown,Unspecified,https://www.tech-week.com/calendar/sf/events/fight-on-sf-where-the-next-round-starts-b55f3673-a2e6-43a4-9713-390e02a0ce79,2026-09-24T03:24:10.256338Z
c0d45639-4f90-451c-ad5a-1cce4d3db80b,2026-10-07,18:00,America/Los_Angeles,Financial Model Makeover,Downtown,Unspecified,https://www.tech-week.com/calendar/sf/events/financial-model-makeover-c0d45639-4f90-451c-ad5a-1cce4d3db80b,2026-09-24T03:24:10.256338Z
ad79e8dc-5570-45e3-a394-bd08edab11c8,2026-10-07,18:00,America/Los_Angeles,Find a Cofounder Networking Happy Hour,Dogpatch,Unspecified,https://www.tech-week.com/calendar/sf/events/find-a-cofounder-networking-happy-hour-ad79e8dc-5570-45e3-a394-bd08edab11c8,2026-09-24T03:24:10.256338Z
33353f01-3fa5-4089-898a-be766587e7c3,2026-10-07,18:00,America/Los_Angeles,Fintech Reception with Scalepoint & Manatt,FiDi,Unspecified,https://www.tech-week.com/calendar/sf/events/fintech-reception-with-scalepoint-and-manatt-33353f01-3fa5-4089-898a-be766587e7c3,2026-09-24T03:24:10.256338Z
a17b9d05-48d6-4690-ba40-0bd285ea74c7,2026-10-07,18:00,America/Los_Angeles,Fonzi Tech Talk,SOMA,Unspecified,https://www.tech-week.com/calendar/sf/events/fonzi-tech-talk-a17b9d05-48d6-4690-ba40-0bd285ea74c7,2026-09-24T03:24:10.256338Z
33263492-658c-424b-9192-58f3d7c9a68d,2026-10-07,18:00,America/Los_Angeles,Founders Tech Night Pub Crawl,North Beach,Unspecified,https://www.tech-week.com/calendar/sf/events/founders-tech-night-pub-crawl-33263492-658c-424b-9192-58f3d7c9a68d,2026-09-24T03:24:10.256338Z
45139b8e-baff-4bd8-ba3a-47f76355378f,2026-10-07,18:00,America/Los_Angeles,Game Dev - Investor Vs Publisher Workshop #SFTech Week,Fisherman's Wharf,Unspecified,https://www.tech-week.com/calendar/sf/events/game-dev-investor-vs-publisher-workshop-sftech-week-45139b8e-baff-4bd8-ba3a-47f76355378f,2026-09-24T03:24:10.256338Z
277208b1-ef60-4f81-9ae8-0a13973dcdb3,2026-10-07,18:00,America/Los_Angeles,Gen Z Founder + Creator Mixer,SOMA,Unspecified,https://www.tech-week.com/calendar/sf/events/gen-z-founder-creator-mixer-277208b1-ef60-4f81-9ae8-0a13973dcdb3,2026-09-24T03:24:10.256338Z
3cbaa607-16ce-4a4c-8c8e-57d6f43749c7,2026-10-07,18:00,America/Los_Angeles,Global Builders Mixer,Downtown,Unspecified,https://www.tech-week.com/calendar/sf/events/global-builders-mixer-3cbaa607-16ce-4a4c-8c8e-57d6f43749c7,2026-09-24T03:24:10.256338Z
72ce75d7-b72c-4bba-9a23-86b50ed8aa3f,2026-10-07,18:00,America/Los_Angeles,"GTM Engineering After Hours: Founders, Creators & Operators",Downtown,Unspecified,https://www.tech-week.com/calendar/sf/events/gtm-engineering-after-hours-founders-creators-and-operators-72ce75d7-b72c-4bba-9a23-86b50ed8aa3f,2026-09-24T03:24:10.256338Z
d096cf4c-1a18-48e6-a53f-c495f772d10a,2026-10-07,18:00,America/Los_Angeles,GTM ON THE EDGE: A live session in SF,Embarcadero,Unspecified,https://www.tech-week.com/calendar/sf/events/gtm-on-the-edge-a-live-session-in-sf-d096cf4c-1a18-48e6-a53f-c495f772d10a,2026-09-24T03:24:10.256338Z
f22160cc-7bb8-4366-9765-62d9a33e2eba,2026-10-07,18:00,America/Los_Angeles,HACpy Hour @ HAC,Downtown,Unspecified,https://www.tech-week.com/calendar/sf/events/hacpy-hour-hac-f22160cc-7bb8-4366-9765-62d9a33e2eba,2026-09-24T03:24:10.256338Z
3cd6887d-56a3-42ab-869b-742b68330aa2,2026-10-07,18:00,America/Los_Angeles,"Happy Hour with Slash, Goodwater Capital & Collide Capital",SOMA,Unspecified,https://www.tech-week.com/calendar/sf/events/happy-hour-with-slash-goodwater-capital-and-collide-capital-3cd6887d-56a3-42ab-869b-742b68330aa2,2026-09-24T03:24:10.256338Z
221b8c9d-dfad-4bfc-8a49-bd62ce28c117,2026-10-07,18:00,America/Los_Angeles,Hardware Pitch Night @ S45 | 🩺Wearables for Health & Medicine,Mission,Unspecified,https://www.tech-week.com/calendar/sf/events/hardware-pitch-night-s45-wearables-for-health-and-medicine-221b8c9d-dfad-4bfc-8a49-bd62ce28c117,2026-09-24T03:24:10.256338Z
726609ca-1def-4868-89ec-d47b7f66fb04,2026-10-07,18:00,America/Los_Angeles,How Great Companies Win the Best Talent — The Hiring Factory Book Launch,Hayes Valley,Unspecified,https://www.tech-week.com/calendar/sf/events/how-great-companies-win-the-best-talent-the-hiring-factory-book-launch-726609ca-1def-4868-89ec-d47b7f66fb04,2026-09-24T03:24:10.256338Z
3269bc80-67c0-45fa-a7d2-a2d417e2dc27,2026-10-07,18:00,America/Los_Angeles,Human + Agents: Who Wins in the New Workforce?,Downtown,Unspecified,https://www.tech-week.com/calendar/sf/events/human-agents-who-wins-in-the-new-workforce-3269bc80-67c0-45fa-a7d2-a2d417e2dc27,2026-09-24T03:24:10.256338Z
1fcdedbc-efbf-4776-9de6-e36dd3d55184,2026-10-07,18:00,America/Los_Angeles,HyperFrames Launch CLUB,FiDi,Unspecified,https://www.tech-week.com/calendar/sf/events/hyperframes-launch-club-1fcdedbc-efbf-4776-9de6-e36dd3d55184,2026-09-24T03:24:10.256338Z
7347256a-ecde-4d1e-9b80-b2eaa5202c47,2026-10-07,18:00,America/Los_Angeles,Immigrant Founder Mixer,SOMA,Unspecified,https://www.tech-week.com/calendar/sf/events/immigrant-founder-mixer-7347256a-ecde-4d1e-9b80-b2eaa5202c47,2026-09-24T03:24:10.256338Z
f4612d15-fd32-44b3-aad6-b80c5194be03,2026-10-07,18:00,America/Los_Angeles,Inkle x Emergent: A.I. Founders Mixer,Downtown,Unspecified,https://www.tech-week.com/calendar/sf/events/inkle-x-emergent-a-i-founders-mixer-f4612d15-fd32-44b3-aad6-b80c5194be03,2026-09-24T03:24:10.256338Z
7cf2950c-e0bb-482c-89ef-6acb9dafea1e,2026-10-07,18:00,America/Los_Angeles,Killing Meetings with Zoom [IRL],Mission,Unspecified,https://www.tech-week.com/calendar/sf/events/killing-meetings-with-zoom-irl-7cf2950c-e0bb-482c-89ef-6acb9dafea1e,2026-09-24T03:24:10.256338Z
7e94a0ea-98d1-4415-84fa-2833ce7d5588,2026-10-07,18:00,America/Los_Angeles,Learning From Human Video & Scaling VLA Training,SOMA,Unspecified,https://www.tech-week.com/calendar/sf/events/learning-from-human-video-and-scaling-vla-training-7e94a0ea-98d1-4415-84fa-2833ce7d5588,2026-09-24T03:24:10.256338Z
4c1f943d-c340-406f-888f-046fb733ac2d,2026-10-07,18:00,America/Los_Angeles,Not My Startup: Pitch Night,Mission Bay,Unspecified,https://www.tech-week.com/calendar/sf/events/not-my-startup-pitch-night-4c1f943d-c340-406f-888f-046fb733ac2d,2026-09-24T03:24:10.256338Z
cc522c7c-12a3-40b7-bb68-ba69a34407db,2026-10-07,18:00,America/Los_Angeles,NXTVC National Launch,Downtown,Unspecified,https://www.tech-week.com/calendar/sf/events/nxtvc-national-launch-cc522c7c-12a3-40b7-bb68-ba69a34407db,2026-09-24T03:24:10.256338Z
2f55ad07-153a-4692-8841-8f2fedb982d1,2026-10-07,18:00,America/Los_Angeles,Personal Branding for Early-Stage Founders,SOMA,Unspecified,https://www.tech-week.com/calendar/sf/events/personal-branding-for-early-stage-founders-2f55ad07-153a-4692-8841-8f2fedb982d1,2026-09-24T03:24:10.256338Z
195254bb-5efc-496e-8623-0cd7932c0c1d,2026-10-07,18:00,America/Los_Angeles,Pitch and Startup Networking by Startup Valley,Mission,Unspecified,https://www.tech-week.com/calendar/sf/events/pitch-and-startup-networking-by-startup-valley-195254bb-5efc-496e-8623-0cd7932c0c1d,2026-09-24T03:24:10.256338Z
264f33dc-5187-4864-8600-15c910d2ae04,2026-10-07,18:00,America/Los_Angeles,Pre-Seed Mixer,Embarcadero,Unspecified,https://www.tech-week.com/calendar/sf/events/pre-seed-mixer-264f33dc-5187-4864-8600-15c910d2ae04,2026-09-24T03:24:10.256338Z
9d35a85c-2ace-435b-b9a5-f85a735fcfbc,2026-10-07,18:00,America/Los_Angeles,Prompt a full stack app and drink while you wait - #SF TechWeek,Downtown,Unspecified,https://www.tech-week.com/calendar/sf/events/prompt-a-full-stack-app-and-drink-while-you-wait-sf-techweek-9d35a85c-2ace-435b-b9a5-f85a735fcfbc,2026-09-24T03:24:10.256338Z
b68b0f97-3c64-4fb3-be4e-ecd5a3a78a59,2026-10-07,18:00,America/Los_Angeles,Rethinking Car Service,SOMA,Unspecified,https://www.tech-week.com/calendar/sf/events/rethinking-car-service-b68b0f97-3c64-4fb3-be4e-ecd5a3a78a59,2026-09-24T03:24:10.256338Z
1ea97531-4da2-4ad1-81cb-2cf4f0b59a42,2026-10-07,18:00,America/Los_Angeles,SF Hardware & Robotics Showcase,SOMA,Unspecified,https://www.tech-week.com/calendar/sf/events/sf-hardware-and-robotics-showcase-1ea97531-4da2-4ad1-81cb-2cf4f0b59a42,2026-09-24T03:24:10.256338Z
a962331f-9f9c-446f-ab45-c8ff5bebc107,2026-10-07,18:00,America/Los_Angeles,"Signal Table - VC, GP & LP Dinner",FiDi,Unspecified,https://www.tech-week.com/calendar/sf/events/signal-table-vc-gp-and-lp-dinner-a962331f-9f9c-446f-ab45-c8ff5bebc107,2026-09-24T03:24:10.256338Z
8d512655-5b9a-47cb-a2fa-30495004337a,2026-10-07,18:00,America/Los_Angeles,Stripe and a16z B2B AI Supper Club,SOMA,Unspecified,https://www.tech-week.com/calendar/sf/events/stripe-and-a16z-b2b-ai-supper-club-8d512655-5b9a-47cb-a2fa-30495004337a,2026-09-24T03:24:10.256338Z
b1d99374-217d-4b0c-8e57-87e60cc91adb,2026-10-07,18:00,America/Los_Angeles,Tech Week Basketball Tournament,Marina,Unspecified,https://www.tech-week.com/calendar/sf/events/tech-week-basketball-tournament-b1d99374-217d-4b0c-8e57-87e60cc91adb,2026-09-24T03:24:10.256338Z
85ef4e95-c84d-4162-9ad7-e62a5ca00748,2026-10-07,18:00,America/Los_Angeles,The AI Evolution of Retail Real Estate,Downtown,Unspecified,https://www.tech-week.com/calendar/sf/events/the-ai-evolution-of-retail-real-estate-85ef4e95-c84d-4162-9ad7-e62a5ca00748,2026-09-24T03:24:10.256338Z
4e265722-d1f9-4aca-ab54-3cb95bb9927d,2026-10-07,18:00,America/Los_Angeles,The Honest Fundraise,SOMA,Unspecified,https://www.tech-week.com/calendar/sf/events/the-honest-fundraise-4e265722-d1f9-4aca-ab54-3cb95bb9927d,2026-09-24T03:24:10.256338Z
d42983cd-35db-4af8-bfba-dc988c245122,2026-10-07,18:00,America/Los_Angeles,"The New Standard: Where Wellness, Creators & Capital Meet",Design District,Unspecified,https://www.tech-week.com/calendar/sf/events/the-new-standard-where-wellness-creators-and-capital-meet-d42983cd-35db-4af8-bfba-dc988c245122,2026-09-24T03:24:10.256338Z
53963adf-df19-4c94-a044-fe0996d9bec2,2026-10-07,18:00,America/Los_Angeles,Truffle Security Dinner at Quince,Jackson Square,Unspecified,https://www.tech-week.com/calendar/sf/events/truffle-security-dinner-at-quince-53963adf-df19-4c94-a044-fe0996d9bec2,2026-09-24T03:24:10.256338Z
5841da6f-92af-442a-9438-ca9d0bc51e18,2026-10-07,18:00,America/Los_Angeles,Unstuck: The Art of Creative Problem Solving,Civic Center,Unspecified,https://www.tech-week.com/calendar/sf/events/unstuck-the-art-of-creative-problem-solving-5841da6f-92af-442a-9438-ca9d0bc51e18,2026-09-24T03:24:10.256338Z
3015888a-b243-40a4-8f8c-01c508922e8d,2026-10-07,18:00,America/Los_Angeles,Voice agents for the next Billion users.,Downtown,Unspecified,https://www.tech-week.com/calendar/sf/events/voice-agents-for-the-next-billion-users-3015888a-b243-40a4-8f8c-01c508922e8d,2026-09-24T03:24:10.256338Z
623541e0-7aad-4ece-95ab-eefbbee894e6,2026-10-07,18:00,America/Los_Angeles,Wire a Voice Agent Into a Real Workflow,Mission,Unspecified,https://www.tech-week.com/calendar/sf/events/wire-a-voice-agent-into-a-real-workflow-623541e0-7aad-4ece-95ab-eefbbee894e6,2026-09-24T03:24:10.256338Z
dba3ab3b-05fb-4e36-848e-5df81f4e7d02,2026-10-07,18:00,America/Los_Angeles,Your AI bill is a context problem: token economics for AI-assisted engineering,Downtown,Unspecified,https://www.tech-week.com/calendar/sf/events/your-ai-bill-is-a-context-problem-token-economics-for-ai-assisted-engineering-dba3ab3b-05fb-4e36-848e-5df81f4e7d02,2026-09-24T03:24:10.256338Z
34bf869b-95cb-439e-a6fd-77b07a48fe21,2026-10-07,18:00,America/Los_Angeles,"🎹 LIVE CONCERT ""Pursuit of Happiness"": Demonstration of Whitney Device by Uhura Bionics at",Mission,Unspecified,https://www.tech-week.com/calendar/sf/events/live-concert-pursuit-of-happiness-demonstration-of-whitney-device-by-uhura-bioni-34bf869b-95cb-439e-a6fd-77b07a48fe21,2026-09-24T03:24:10.256338Z
5b313ef7-0523-4ea6-a4e3-6a3bce1e30bc,2026-10-07,18:30,America/Los_Angeles,10AM in Seoul: An Investor Dinner with Quetta Labs,Pacific Heights,Unspecified,https://www.tech-week.com/calendar/sf/events/10am-in-seoul-an-investor-dinner-with-quetta-labs-5b313ef7-0523-4ea6-a4e3-6a3bce1e30bc,2026-09-24T03:24:10.256338Z
24390fcb-aac9-424a-957d-b0bf8642cc98,2026-10-07,18:30,America/Los_Angeles,12 Angry Devs,SOMA,Unspecified,https://www.tech-week.com/calendar/sf/events/12-angry-devs-24390fcb-aac9-424a-957d-b0bf8642cc98,2026-09-24T03:24:10.256338Z
145e36cf-c8b3-41fb-a2de-198a59ad0844,2026-10-07,18:30,America/Los_Angeles,Agent-led Growth (ALG) Demo Night,Downtown,Unspecified,https://www.tech-week.com/calendar/sf/events/agent-led-growth-alg-demo-night-145e36cf-c8b3-41fb-a2de-198a59ad0844,2026-09-24T03:24:10.256338Z
058b6ac6-30a9-4500-be3c-e4c16a84aae7,2026-10-07,18:30,America/Los_Angeles,AI-Native Founders Dinner - #SF TechWeek,Hayes Valley,Unspecified,https://www.tech-week.com/calendar/sf/events/ai-native-founders-dinner-sf-techweek-058b6ac6-30a9-4500-be3c-e4c16a84aae7,2026-09-24T03:24:10.256338Z
03675e28-b7b8-4a95-bd99-9087e61ed992,2026-10-07,18:30,America/Los_Angeles,Angel Investors by the bar - #SF TechWeek,Lower Nob Hill,Unspecified,https://www.tech-week.com/calendar/sf/events/angel-investors-by-the-bar-sf-techweek-03675e28-b7b8-4a95-bd99-9087e61ed992,2026-09-24T03:24:10.256338Z
cf9e5609-602c-4ad2-8126-35f4ee5532e2,2026-10-07,18:30,America/Los_Angeles,Byteport Pizza Night,Hayes Valley,Unspecified,https://www.tech-week.com/calendar/sf/events/byteport-pizza-night-cf9e5609-602c-4ad2-8126-35f4ee5532e2,2026-09-24T03:24:10.256338Z
185b6fd1-c0d1-4030-9360-aa7785317ec0,2026-10-07,18:30,America/Los_Angeles,"can you hear me now - a voice ai ""speech"" easy event",Jackson Square,Unspecified,https://www.tech-week.com/calendar/sf/events/can-you-hear-me-now-a-voice-ai-speech-easy-event-185b6fd1-c0d1-4030-9360-aa7785317ec0,2026-09-24T03:24:10.256338Z
a4d9af7e-67e8-45b6-bfcc-fa9290380227,2026-10-07,18:30,America/Los_Angeles,CONSUMER FOUNDER HAPPY HOUR,Jackson Square,Unspecified,https://www.tech-week.com/calendar/sf/events/consumer-founder-happy-hour-a4d9af7e-67e8-45b6-bfcc-fa9290380227,2026-09-24T03:24:10.256338Z
eeac8689-858a-414c-93bf-515a1b2ba02f,2026-10-07,18:30,America/Los_Angeles,Deel x Rod Wave: Founders' Celebration w/ Deel & AWS,SOMA,Unspecified,https://www.tech-week.com/calendar/sf/events/deel-x-rod-wave-founders-celebration-w-deel-and-aws-eeac8689-858a-414c-93bf-515a1b2ba02f,2026-09-24T03:24:10.256338Z
b8d6bf4e-19bd-428d-8f0a-9a97dd5eb84f,2026-10-07,18:30,America/Los_Angeles,Deploying Healthcare that Learns,Union Square,Unspecified,https://www.tech-week.com/calendar/sf/events/deploying-healthcare-that-learns-b8d6bf4e-19bd-428d-8f0a-9a97dd5eb84f,2026-09-24T03:24:10.256338Z
b08d3a79-561f-46d0-b983-ac190d4d35a1,2026-10-07,18:30,America/Los_Angeles,EliseAI x Baseten: Open Source in Production + Arcade Night,Mission,Unspecified,https://www.tech-week.com/calendar/sf/events/eliseai-x-baseten-open-source-in-production-arcade-night-b08d3a79-561f-46d0-b983-ac190d4d35a1,2026-09-24T03:24:10.256338Z
8ae83f4c-a85e-44b9-8be9-40de5cb11d1b,2026-10-07,18:30,America/Los_Angeles,Engineering the nuclear buildout,Other,Unspecified,https://www.tech-week.com/calendar/sf/events/engineering-the-nuclear-buildout-8ae83f4c-a85e-44b9-8be9-40de5cb11d1b,2026-09-24T03:24:10.256338Z
ff678c55-6308-4b83-b94f-936f9f010e53,2026-10-07,18:30,America/Los_Angeles,Flaying Cars SF Air Maps Launch,Salesforce Park,Unspecified,https://www.tech-week.com/calendar/sf/events/flaying-cars-sf-air-maps-launch-ff678c55-6308-4b83-b94f-936f9f010e53,2026-09-24T03:24:10.256338Z
f59bbc45-f7fd-43c7-ba4b-f350b224498b,2026-10-07,18:30,America/Los_Angeles,Founders After Dark,FiDi,Unspecified,https://www.tech-week.com/calendar/sf/events/founders-after-dark-f59bbc45-f7fd-43c7-ba4b-f350b224498b,2026-09-24T03:24:10.256338Z
32d0675e-c837-491b-9b78-1af045b78e75,2026-10-07,18:30,America/Los_Angeles,Live Models Fireside Chat,Downtown,Unspecified,https://www.tech-week.com/calendar/sf/events/live-models-fireside-chat-32d0675e-c837-491b-9b78-1af045b78e75,2026-09-24T03:24:10.256338Z
5dad520f-748f-4ea0-a404-0bcde65484be,2026-10-07,18:30,America/Los_Angeles,Private cycle class for the TA & HR community.,Union Square,Unspecified,https://www.tech-week.com/calendar/sf/events/private-cycle-class-for-the-ta-and-hr-community-5dad520f-748f-4ea0-a404-0bcde65484be,2026-09-24T03:24:10.256338Z
273a6b7d-698c-4d8d-8997-ea7d3910bbe9,2026-10-07,18:30,America/Los_Angeles,Private Dinner with Growth Equity VC,Embarcadero,Unspecified,https://www.tech-week.com/calendar/sf/events/private-dinner-with-growth-equity-vc-273a6b7d-698c-4d8d-8997-ea7d3910bbe9,2026-09-24T03:24:10.256338Z
83d80f7a-cb2a-4b76-9962-54f387df6b26,2026-10-07,18:30,America/Los_Angeles,Race to Scale🏎️⚡️,Other,Unspecified,https://www.tech-week.com/calendar/sf/events/race-to-scale-83d80f7a-cb2a-4b76-9962-54f387df6b26,2026-09-24T03:24:10.256338Z
f8ab3e8b-1084-42ea-82cf-94ca54bf263d,2026-10-07,18:30,America/Los_Angeles,Series A+ Dinner,Downtown,Unspecified,https://www.tech-week.com/calendar/sf/events/series-a-dinner-f8ab3e8b-1084-42ea-82cf-94ca54bf263d,2026-09-24T03:24:10.256338Z
4c76745b-5546-479e-ae85-ed9b3d629855,2026-10-07,18:30,America/Los_Angeles,"Solo, Not Alone: A Dinner for Solo Founders",Other,Unspecified,https://www.tech-week.com/calendar/sf/events/solo-not-alone-a-dinner-for-solo-founders-4c76745b-5546-479e-ae85-ed9b3d629855,2026-09-24T03:24:10.256338Z
0d66d5d9-a38b-46e2-b90e-812e0e31e705,2026-10-07,18:30,America/Los_Angeles,Sourcerer x J.P. Morgan: Supply Chain 2.0 Dinner,FiDi,Unspecified,https://www.tech-week.com/calendar/sf/events/sourcerer-x-j-p-morgan-supply-chain-2-0-dinner-0d66d5d9-a38b-46e2-b90e-812e0e31e705,2026-09-24T03:24:10.256338Z
f0f4fa88-4955-4d44-9e1b-15bcefbfbdca,2026-10-07,18:30,America/Los_Angeles,The CTO Table: A Private Dinner for Tech Leaders,Pacific Heights,Unspecified,https://www.tech-week.com/calendar/sf/events/the-cto-table-a-private-dinner-for-tech-leaders-f0f4fa88-4955-4d44-9e1b-15bcefbfbdca,2026-09-24T03:24:10.256338Z
f12d2f43-d53a-4f8a-bbc6-90ff7b10999f,2026-10-07,18:30,America/Los_Angeles,The Future of Site Selection: AI & Real Estate Development,SOMA,Unspecified,https://www.tech-week.com/calendar/sf/events/the-future-of-site-selection-ai-and-real-estate-development-f12d2f43-d53a-4f8a-bbc6-90ff7b10999f,2026-09-24T03:24:10.256338Z
958e77fa-5008-4828-acfe-c10737a1ab9b,2026-10-07,18:30,America/Los_Angeles,The Meaningful Handshake Experiment,Mission,Unspecified,https://www.tech-week.com/calendar/sf/events/the-meaningful-handshake-experiment-958e77fa-5008-4828-acfe-c10737a1ab9b,2026-09-24T03:24:10.256338Z
3cbc1d2a-c9a3-479f-a56c-32fbea776404,2026-10-07,18:30,America/Los_Angeles,Worlds in Progress,Downtown,Closed,https://www.tech-week.com/calendar/sf/events/worlds-in-progress-3cbc1d2a-c9a3-479f-a56c-32fbea776404,2026-09-24T03:24:10.256338Z
4985d894-3f12-4821-9c50-116b26d45750,2026-10-07,18:45,America/Los_Angeles,The Future of Personalized Medicine,NOPA,Unspecified,https://www.tech-week.com/calendar/sf/events/the-future-of-personalized-medicine-4985d894-3f12-4821-9c50-116b26d45750,2026-09-24T03:24:10.256338Z
2ca62a0e-c21d-4b86-9400-a5f321f4a481,2026-10-07,19:00,America/Los_Angeles,Agentic AI Design & 3D Metal Printing - Precixion Dinner,Downtown,Unspecified,https://www.tech-week.com/calendar/sf/events/agentic-ai-design-and-3d-metal-printing-precixion-dinner-2ca62a0e-c21d-4b86-9400-a5f321f4a481,2026-09-24T03:24:10.256338Z
5ec786ca-c1e5-4b11-a00a-fb5cabe27266,2026-10-07,19:00,America/Los_Angeles,AI x Games Dinner,Hayes Valley,Unspecified,https://www.tech-week.com/calendar/sf/events/ai-x-games-dinner-5ec786ca-c1e5-4b11-a00a-fb5cabe27266,2026-09-24T03:24:10.256338Z
a535cdde-d417-4347-82cb-5faed3bc3afb,2026-10-07,19:00,America/Los_Angeles,"Be honest. You're not really doing evals, are you?",Mission,Unspecified,https://www.tech-week.com/calendar/sf/events/be-honest-you-re-not-really-doing-evals-are-you-a535cdde-d417-4347-82cb-5faed3bc3afb,2026-09-24T03:24:10.256338Z
ba499313-e472-48c8-96ea-20a9b6e95704,2026-10-07,19:00,America/Los_Angeles,Benchmark AI Dinner,FiDi,Unspecified,https://www.tech-week.com/calendar/sf/events/benchmark-ai-dinner-ba499313-e472-48c8-96ea-20a9b6e95704,2026-09-24T03:24:10.256338Z
c6f39c53-2ba8-46a5-8ab3-5cfd804f9d3a,2026-10-07,19:00,America/Los_Angeles,Build Your Life Like a Startup,SOMA,Unspecified,https://www.tech-week.com/calendar/sf/events/build-your-life-like-a-startup-c6f39c53-2ba8-46a5-8ab3-5cfd804f9d3a,2026-09-24T03:24:10.256338Z
dae77fbd-b715-4645-9fc3-ec65c5b2faf6,2026-10-07,19:00,America/Los_Angeles,Can AI File Your Patent? What Founders Should Know,Embarcadero,Unspecified,https://www.tech-week.com/calendar/sf/events/can-ai-file-your-patent-what-founders-should-know-dae77fbd-b715-4645-9fc3-ec65c5b2faf6,2026-09-24T03:24:10.256338Z
caa57c0f-b5be-49ae-9997-db158b30a88a,2026-10-07,19:00,America/Los_Angeles,Clouted x &FRIENDS mid week party,Mission,Unspecified,https://www.tech-week.com/calendar/sf/events/clouted-x-and-friends-mid-week-party-caa57c0f-b5be-49ae-9997-db158b30a88a,2026-09-24T03:24:10.256338Z
fab91be0-5c20-489a-b14d-1beb63cc1174,2026-10-07,19:00,America/Los_Angeles,Cogent x Bain Capital Ventures Mahjong Night,FiDi,Unspecified,https://www.tech-week.com/calendar/sf/events/cogent-x-bain-capital-ventures-mahjong-night-fab91be0-5c20-489a-b14d-1beb63cc1174,2026-09-24T03:24:10.256338Z
4a41e2e2-0ed1-49f0-86ca-4f475a2a9dd6,2026-10-07,19:00,America/Los_Angeles,Corgi X Infragrid,Dogpatch,Unspecified,https://www.tech-week.com/calendar/sf/events/corgi-x-infragrid-4a41e2e2-0ed1-49f0-86ca-4f475a2a9dd6,2026-09-24T03:24:10.256338Z
636ba891-6258-4634-9c68-163a360b0c4f,2026-10-07,19:00,America/Los_Angeles,Creating Content That Converts,Mission,Unspecified,https://www.tech-week.com/calendar/sf/events/creating-content-that-converts-636ba891-6258-4634-9c68-163a360b0c4f,2026-09-24T03:24:10.256338Z
ad8bf9dc-a545-4ced-8cf7-52615e4dc158,2026-10-07,19:00,America/Los_Angeles,F**kUp Nights with ValkaAI,SOMA,Unspecified,https://www.tech-week.com/calendar/sf/events/f-kup-nights-with-valkaai-ad8bf9dc-a545-4ced-8cf7-52615e4dc158,2026-09-24T03:24:10.256338Z
c06f6318-4261-4c1e-a7f3-0d802256fa46,2026-10-07,19:00,America/Los_Angeles,GTO Night ♠️,Mission Bay,Unspecified,https://www.tech-week.com/calendar/sf/events/gto-night-c06f6318-4261-4c1e-a7f3-0d802256fa46,2026-09-24T03:24:10.256338Z
72946a1c-4c9d-459f-8b84-07ceb0770955,2026-10-07,19:00,America/Los_Angeles,How to Govern the Moon,North Beach,Unspecified,https://www.tech-week.com/calendar/sf/events/how-to-govern-the-moon-72946a1c-4c9d-459f-8b84-07ceb0770955,2026-09-24T03:24:10.256338Z
43f60a30-fda2-44ef-8a2e-1e550600d059,2026-10-07,19:00,America/Los_Angeles,How to rage-bait investors 101,Downtown,Unspecified,https://www.tech-week.com/calendar/sf/events/how-to-rage-bait-investors-101-43f60a30-fda2-44ef-8a2e-1e550600d059,2026-09-24T03:24:10.256338Z
ac1c86c5-2e99-46c5-b050-4ad759b3956e,2026-10-07,19:00,America/Los_Angeles,Investing in 2026: Dinner with Founders & Investors,FiDi,Unspecified,https://www.tech-week.com/calendar/sf/events/investing-in-2026-dinner-with-founders-and-investors-ac1c86c5-2e99-46c5-b050-4ad759b3956e,2026-09-24T03:24:10.256338Z
eb58871b-9ad4-4711-bfe3-c893d511fc25,2026-10-07,19:00,America/Los_Angeles,Japan's $53B marketing industry decoded,Union Square,Unspecified,https://www.tech-week.com/calendar/sf/events/japan-s-53b-marketing-industry-decoded-eb58871b-9ad4-4711-bfe3-c893d511fc25,2026-09-24T03:24:10.256338Z
d54c7300-36fe-4810-aff2-801c07959539,2026-10-07,19:00,America/Los_Angeles,Naming What's Next: From Invention to Culture,Mission,Unspecified,https://www.tech-week.com/calendar/sf/events/naming-what-s-next-from-invention-to-culture-d54c7300-36fe-4810-aff2-801c07959539,2026-09-24T03:24:10.256338Z
18a1a034-5e41-4b33-a0af-992186c7c85c,2026-10-07,19:00,America/Los_Angeles,Orbital Beam x localhost:howard - Access Layer Mixer,SOMA,Unspecified,https://www.tech-week.com/calendar/sf/events/orbital-beam-x-localhost-howard-access-layer-mixer-18a1a034-5e41-4b33-a0af-992186c7c85c,2026-09-24T03:24:10.256338Z
c6cdfff1-9e42-4544-968f-07b976d4d1aa,2026-10-07,19:00,America/Los_Angeles,Sobremesa: A Dinner with Datadog for People Building AI,FiDi,Unspecified,https://www.tech-week.com/calendar/sf/events/sobremesa-a-dinner-with-datadog-for-people-building-ai-c6cdfff1-9e42-4544-968f-07b976d4d1aa,2026-09-24T03:24:10.256338Z
7dd1bae6-660e-4ea9-85dc-b5c21eb78878,2026-10-07,19:00,America/Los_Angeles,Social Impact SF Mixer,Hayes Valley,Unspecified,https://www.tech-week.com/calendar/sf/events/social-impact-sf-mixer-7dd1bae6-660e-4ea9-85dc-b5c21eb78878,2026-09-24T03:24:10.256338Z
81a01e1c-22ac-4ff5-8a79-47380d8317fb,2026-10-07,19:00,America/Los_Angeles,Tech Week: Networking Event by Ascent Valley - #SF TechWeek,Mission,Unspecified,https://www.tech-week.com/calendar/sf/events/tech-week-networking-event-by-ascent-valley-sf-techweek-81a01e1c-22ac-4ff5-8a79-47380d8317fb,2026-09-24T03:24:10.256338Z
9c47cb0b-eafb-4125-b4f6-bd7c03b992a3,2026-10-07,19:00,America/Los_Angeles,"THE 1,000 STRANGERS EXPERIMENT 5 scoops of ice cream, 5 introductions and human connection.",Embarcadero,Unspecified,https://www.tech-week.com/calendar/sf/events/the-1-000-strangers-experiment-5-scoops-of-ice-cream-5-introductions-and-human-c-9c47cb0b-eafb-4125-b4f6-bd7c03b992a3,2026-09-24T03:24:10.256338Z
2972f559-d986-47a8-be00-7eda54aebcca,2026-10-07,19:00,America/Los_Angeles,The GTM (pent)house party 🌆,East Bay,Unspecified,https://www.tech-week.com/calendar/sf/events/the-gtm-pent-house-party-2972f559-d986-47a8-be00-7eda54aebcca,2026-09-24T03:24:10.256338Z
72f4a99a-95a1-4796-bdf9-8f840e5f2735,2026-10-07,19:00,America/Los_Angeles,Truffle Security Dinner,Jackson Square,Unspecified,https://www.tech-week.com/calendar/sf/events/truffle-security-dinner-72f4a99a-95a1-4796-bdf9-8f840e5f2735,2026-09-24T03:24:10.256338Z
822c07b7-121d-4ef7-96a7-6611215a75de,2026-10-07,19:00,America/Los_Angeles,VIP Investor & Founder Lounge,Downtown,Unspecified,https://www.tech-week.com/calendar/sf/events/vip-investor-and-founder-lounge-822c07b7-121d-4ef7-96a7-6611215a75de,2026-09-24T03:24:10.256338Z
70a5aa9b-5ce6-4d17-a83e-91539de23043,2026-10-07,19:00,America/Los_Angeles,Women in STEM Comedy x Signal Showcase,Mission,Unspecified,https://www.tech-week.com/calendar/sf/events/women-in-stem-comedy-x-signal-showcase-70a5aa9b-5ce6-4d17-a83e-91539de23043,2026-09-24T03:24:10.256338Z
98656008-2881-465c-94dd-8000b50fd6c1,2026-10-07,19:15,America/Los_Angeles,AI x Healthcare | Dinner @ Original Joe's,North Beach,Unspecified,https://www.tech-week.com/calendar/sf/events/ai-x-healthcare-dinner-original-joe-s-98656008-2881-465c-94dd-8000b50fd6c1,2026-09-24T03:24:10.256338Z
f2ccc4f1-f878-469a-9954-03ea3edfc884,2026-10-07,19:30,America/Los_Angeles,AI-Forward GC Dinner,Downtown,Unspecified,https://www.tech-week.com/calendar/sf/events/ai-forward-gc-dinner-f2ccc4f1-f878-469a-9954-03ea3edfc884,2026-09-24T03:24:10.256338Z
55d1d827-8edf-44ad-872d-e94590eeb0e7,2026-10-07,19:30,America/Los_Angeles,NOCHE DE LOTERÍA,Mission,Unspecified,https://www.tech-week.com/calendar/sf/events/noche-de-loteria-55d1d827-8edf-44ad-872d-e94590eeb0e7,2026-09-24T03:24:10.256338Z
a2d75555-8fe5-44aa-b2e9-919bc1f5f16a,2026-10-07,19:30,America/Los_Angeles,Open to Work: The Game Show,Mission,Unspecified,https://www.tech-week.com/calendar/sf/events/open-to-work-the-game-show-a2d75555-8fe5-44aa-b2e9-919bc1f5f16a,2026-09-24T03:24:10.256338Z
5670010c-3d53-4fe5-bde4-84a34cd9d0fb,2026-10-07,20:00,America/Los_Angeles,Artificially Unintelligent Tech Comedy Show,SOMA,Unspecified,https://www.tech-week.com/calendar/sf/events/artificially-unintelligent-tech-comedy-show-5670010c-3d53-4fe5-bde4-84a34cd9d0fb,2026-09-24T03:24:10.256338Z
7312985f-ea80-43d4-9233-440ed587a4fa,2026-10-07,20:00,America/Los_Angeles,Dinner with 14 Investors + 1 Imposter,Mission,Unspecified,https://www.tech-week.com/calendar/sf/events/dinner-with-14-investors-1-imposter-7312985f-ea80-43d4-9233-440ed587a4fa,2026-09-24T03:24:10.256338Z
70cf0dc6-ec61-4f2e-bbee-0666ebb4150c,2026-10-07,20:00,America/Los_Angeles,Poker After Dark,Downtown,Unspecified,https://www.tech-week.com/calendar/sf/events/poker-after-dark-70cf0dc6-ec61-4f2e-bbee-0666ebb4150c,2026-09-24T03:24:10.256338Z
95ea8105-ac26-402d-b1e5-72ef4930970d,2026-10-07,20:00,America/Los_Angeles,Prompt to Party: the BullAI After Party,SOMA,Unspecified,https://www.tech-week.com/calendar/sf/events/prompt-to-party-the-bullai-after-party-95ea8105-ac26-402d-b1e5-72ef4930970d,2026-09-24T03:24:10.256338Z
ce331aa7-0dd3-4ca1-a474-44d9f6b285f7,2026-10-07,20:30,America/Los_Angeles,speedrun alumni reunion & officewarming,Jackson Square,Unspecified,https://www.tech-week.com/calendar/sf/events/speedrun-alumni-reunion-and-officewarming-ce331aa7-0dd3-4ca1-a474-44d9f6b285f7,2026-09-24T03:24:10.256338Z
e12ec9e0-7362-44c2-95c2-5ce2c99e0a05,2026-10-07,22:00,America/Los_Angeles,Open-Source GEO: Get Cited by AI in 45 Minutes,FiDi,Unspecified,https://www.tech-week.com/calendar/sf/events/open-source-geo-get-cited-by-ai-in-45-minutes-e12ec9e0-7362-44c2-95c2-5ce2c99e0a05,2026-09-24T03:24:10.256338Z
432641be-7830-48ba-bb8e-ffec14e906e8,2026-10-08,07:00,America/Los_Angeles,Coffee & Connections,FiDi,Unspecified,https://www.tech-week.com/calendar/sf/events/coffee-and-connections-432641be-7830-48ba-bb8e-ffec14e906e8,2026-09-24T03:24:10.256338Z
660c5570-7330-489d-ad84-5490b10af846,2026-10-08,07:00,America/Los_Angeles,Ramp x D. E. Shaw Ventures Biking & Coffee,Marina,Unspecified,https://www.tech-week.com/calendar/sf/events/ramp-x-d-e-shaw-ventures-biking-and-coffee-660c5570-7330-489d-ad84-5490b10af846,2026-09-24T03:24:10.256338Z
965cdd64-4e9d-4ad4-902f-e50bd05e3a56,2026-10-08,07:15,America/Los_Angeles,"rollcall.work : Sauna, Bay Plunge & Breakfast",Other,Unspecified,https://www.tech-week.com/calendar/sf/events/rollcall-work-sauna-bay-plunge-and-breakfast-965cdd64-4e9d-4ad4-902f-e50bd05e3a56,2026-09-24T03:24:10.256338Z
152234d6-12e4-4859-b613-22d559f9832f,2026-10-08,07:30,America/Los_Angeles,Morning Run + Cortisol Experiment,Mission Bay,Unspecified,https://www.tech-week.com/calendar/sf/events/morning-run-cortisol-experiment-152234d6-12e4-4859-b613-22d559f9832f,2026-09-24T03:24:10.256338Z
73a9ad42-0a4b-4a15-a8fe-088fedc19fcc,2026-10-08,07:30,America/Los_Angeles,Rise and Flow,Lower Nob Hill,Unspecified,https://www.tech-week.com/calendar/sf/events/rise-and-flow-73a9ad42-0a4b-4a15-a8fe-088fedc19fcc,2026-09-24T03:24:10.256338Z
47ba747f-0b50-45e0-b7c3-d5cdebc86d28,2026-10-08,08:00,America/Los_Angeles,a16z + Krea - Hawk Hill Ride + Breakfast,North Beach,Unspecified,https://www.tech-week.com/calendar/sf/events/a16z-krea-hawk-hill-ride-breakfast-47ba747f-0b50-45e0-b7c3-d5cdebc86d28,2026-09-24T03:24:10.256338Z
5f22db48-7dfc-4271-b142-61e11ef6ddf1,2026-10-08,08:00,America/Los_Angeles,Antler x Every.io Founder Lounge,South Beach,Unspecified,https://www.tech-week.com/calendar/sf/events/antler-x-every-io-founder-lounge-5f22db48-7dfc-4271-b142-61e11ef6ddf1,2026-09-24T03:24:10.256338Z
197b1196-7ca4-434f-af44-d7c44cd4a735,2026-10-08,08:00,America/Los_Angeles,Canyon Commuter Stopoff,Cow Hollow,Unspecified,https://www.tech-week.com/calendar/sf/events/canyon-commuter-stopoff-197b1196-7ca4-434f-af44-d7c44cd4a735,2026-09-24T03:24:10.256338Z
90e5eeca-4280-4c04-b553-a780afc7e780,2026-10-08,08:00,America/Los_Angeles,Tavily Founders' Run,FiDi,Unspecified,https://www.tech-week.com/calendar/sf/events/tavily-founders-run-90e5eeca-4280-4c04-b553-a780afc7e780,2026-09-24T03:24:10.256338Z
7e815a63-73b4-481b-8870-56904cc0dfc1,2026-10-08,08:00,America/Los_Angeles,Unplug & Recharge,Embarcadero,Unspecified,https://www.tech-week.com/calendar/sf/events/unplug-and-recharge-7e815a63-73b4-481b-8870-56904cc0dfc1,2026-09-24T03:24:10.256338Z
6a473b66-69c5-44b4-8758-b7dbc62bf474,2026-10-08,08:30,America/Los_Angeles,3rd San Francisco GREEN Beltway Rollout 8m/13km,Downtown,Unspecified,https://www.tech-week.com/calendar/sf/events/3rd-san-francisco-green-beltway-rollout-8m-13km-6a473b66-69c5-44b4-8758-b7dbc62bf474,2026-09-24T03:24:10.256338Z
1c0262bf-e1cd-40e8-88b8-a12852fb3f90,2026-10-08,08:30,America/Los_Angeles,Beyond Unicorns,Other,Unspecified,https://www.tech-week.com/calendar/sf/events/beyond-unicorns-1c0262bf-e1cd-40e8-88b8-a12852fb3f90,2026-09-24T03:24:10.256338Z
86103bf1-0d90-41dd-8b63-29b57e4ed7bd,2026-10-08,08:30,America/Los_Angeles,Bring your agent to Breakfast,SOMA,Unspecified,https://www.tech-week.com/calendar/sf/events/bring-your-agent-to-breakfast-86103bf1-0d90-41dd-8b63-29b57e4ed7bd,2026-09-24T03:24:10.256338Z
2e0e436b-7dac-4732-8a3d-1141805648ee,2026-10-08,08:30,America/Los_Angeles,"CRACKED Founders Breakfast & AMA w/Nico, Pramod, & Viraj",Embarcadero,Unspecified,https://www.tech-week.com/calendar/sf/events/cracked-founders-breakfast-and-ama-w-nico-pramod-and-viraj-2e0e436b-7dac-4732-8a3d-1141805648ee,2026-09-24T03:24:10.256338Z
4bb3b4b1-058e-4890-a6a3-e8130b98f964,2026-10-08,08:30,America/Los_Angeles,"Founder Fuel: Coffee, Counsel & B12 Shots",FiDi,Unspecified,https://www.tech-week.com/calendar/sf/events/founder-fuel-coffee-counsel-and-b12-shots-4bb3b4b1-058e-4890-a6a3-e8130b98f964,2026-09-24T03:24:10.256338Z
549535eb-e0db-4d3e-9a1a-8cebd6e3f600,2026-10-08,08:30,America/Los_Angeles,Pets of Tech Week,Mission,Unspecified,https://www.tech-week.com/calendar/sf/events/pets-of-tech-week-549535eb-e0db-4d3e-9a1a-8cebd6e3f600,2026-09-24T03:24:10.256338Z
f1733974-8bd1-49e9-acb0-cc4eb9c286dc,2026-10-08,08:30,America/Los_Angeles,Run a Fund Like an AI-Native Company,SOMA,Unspecified,https://www.tech-week.com/calendar/sf/events/run-a-fund-like-an-ai-native-company-f1733974-8bd1-49e9-acb0-cc4eb9c286dc,2026-09-24T03:24:10.256338Z
2ce5ca8c-c6c1-46eb-8647-058671b9d5a9,2026-10-08,08:30,America/Los_Angeles,The Anti-Burnout Breakfast,Union Square,Unspecified,https://www.tech-week.com/calendar/sf/events/the-anti-burnout-breakfast-2ce5ca8c-c6c1-46eb-8647-058671b9d5a9,2026-09-24T03:24:10.256338Z
4b4d5264-1f94-4fd2-8872-0189a685b793,2026-10-08,08:30,America/Los_Angeles,The Raise Ready Breakfast,SOMA,Unspecified,https://www.tech-week.com/calendar/sf/events/the-raise-ready-breakfast-4b4d5264-1f94-4fd2-8872-0189a685b793,2026-09-24T03:24:10.256338Z
70bc842c-d350-4dc4-bca9-738388b8f106,2026-10-08,08:30,America/Los_Angeles,US Immigration for Startups: Ask Us Anything,SOMA,Unspecified,https://www.tech-week.com/calendar/sf/events/us-immigration-for-startups-ask-us-anything-70bc842c-d350-4dc4-bca9-738388b8f106,2026-09-24T03:24:10.256338Z
8b52cd7a-ec16-4488-aa5a-a8c0707e6ffd,2026-10-08,09:00,America/Los_Angeles,CxO Roundtable: How Enterprise Really Buys AI,Jackson Square,Unspecified,https://www.tech-week.com/calendar/sf/events/cxo-roundtable-how-enterprise-really-buys-ai-8b52cd7a-ec16-4488-aa5a-a8c0707e6ffd,2026-09-24T03:24:10.256338Z
35d467e0-b587-4031-8597-bb3f9672a659,2026-10-08,09:00,America/Los_Angeles,Founder Flow State: Yoga & Investor Networking,Mission,Unspecified,https://www.tech-week.com/calendar/sf/events/founder-flow-state-yoga-and-investor-networking-35d467e0-b587-4031-8597-bb3f9672a659,2026-09-24T03:24:10.256338Z
257cae77-5518-43ba-943e-43d2cf344d64,2026-10-08,09:00,America/Los_Angeles,"Helix x Tusk Ventures— Online Identity in the AI Era: Agents, Bots & How To Make Verification Work",Downtown,Unspecified,https://www.tech-week.com/calendar/sf/events/helix-x-tusk-ventures-online-identity-in-the-ai-era-agents-bots-and-how-to-make-257cae77-5518-43ba-943e-43d2cf344d64,2026-09-24T03:24:10.256338Z
98e99f10-cc8c-4492-a5b6-f2608e998e9e,2026-10-08,09:00,America/Los_Angeles,Inception Studio AI Buildathon,SOMA,Unspecified,https://www.tech-week.com/calendar/sf/events/inception-studio-ai-buildathon-98e99f10-cc8c-4492-a5b6-f2608e998e9e,2026-09-24T03:24:10.256338Z
70e18f89-1c12-4203-87d1-10cd0cec6462,2026-10-08,09:00,America/Los_Angeles,Supporting Tech Teams Through Rapid Growth,Virtual,Unspecified,https://www.tech-week.com/calendar/sf/events/supporting-tech-teams-through-rapid-growth-70e18f89-1c12-4203-87d1-10cd0cec6462,2026-09-24T03:24:10.256338Z
29acc141-e671-46ee-a58b-05e7a1058a53,2026-10-08,09:00,America/Los_Angeles,The Cortex Cafe by Snowflake & Google Cloud,Dogpatch,Unspecified,https://www.tech-week.com/calendar/sf/events/the-cortex-cafe-by-snowflake-and-google-cloud-29acc141-e671-46ee-a58b-05e7a1058a53,2026-09-24T03:24:10.256338Z
aabe0f2d-3ba1-4c75-8808-aaecc9844d50,2026-10-08,09:00,America/Los_Angeles,The Trust Layer: AI for Regulated Markets,Union Square,Unspecified,https://www.tech-week.com/calendar/sf/events/the-trust-layer-ai-for-regulated-markets-aabe0f2d-3ba1-4c75-8808-aaecc9844d50,2026-09-24T03:24:10.256338Z
abfdacf7-b698-4319-bc3d-8826f27b2595,2026-10-08,09:00,America/Los_Angeles,What does your function look like in 2028?,Virtual,Unspecified,https://www.tech-week.com/calendar/sf/events/what-does-your-function-look-like-in-2028-abfdacf7-b698-4319-bc3d-8826f27b2595,2026-09-24T03:24:10.256338Z
1cb6bb41-698c-4632-a92a-65f8c59a347d,2026-10-08,09:00,America/Los_Angeles,"What's next in Physical Ai, Robotics & 3D with Solaya, NVIDIA and more!",SOMA,Unspecified,https://www.tech-week.com/calendar/sf/events/what-s-next-in-physical-ai-robotics-and-3d-with-solaya-nvidia-and-more-1cb6bb41-698c-4632-a92a-65f8c59a347d,2026-09-24T03:24:10.256338Z
029dc280-acf6-45f3-a53f-199c2a87c5a2,2026-10-08,09:30,America/Los_Angeles,Early-Stage Founder Cafe,SOMA,Unspecified,https://www.tech-week.com/calendar/sf/events/early-stage-founder-cafe-029dc280-acf6-45f3-a53f-199c2a87c5a2,2026-09-24T03:24:10.256338Z
48d542df-5219-4131-b046-dea0d80a7613,2026-10-08,09:30,America/Los_Angeles,Physical AI Playbook: From Prototype to Scale,Downtown,Unspecified,https://www.tech-week.com/calendar/sf/events/physical-ai-playbook-from-prototype-to-scale-48d542df-5219-4131-b046-dea0d80a7613,2026-09-24T03:24:10.256338Z
6561a961-5395-417c-ac11-c681f931cacc,2026-10-08,09:30,America/Los_Angeles,TechWeek Townhall (Community & Culture),SOMA,Unspecified,https://www.tech-week.com/calendar/sf/events/techweek-townhall-community-and-culture-6561a961-5395-417c-ac11-c681f931cacc,2026-09-24T03:24:10.256338Z
177ffec4-b963-412c-85bf-d3a424bb14e6,2026-10-08,09:30,America/Los_Angeles,THE OPEN INTEGRATION LAYER FOR AGENTS,SOMA,Unspecified,https://www.tech-week.com/calendar/sf/events/the-open-integration-layer-for-agents-177ffec4-b963-412c-85bf-d3a424bb14e6,2026-09-24T03:24:10.256338Z
c82fe23b-04fe-4589-b63c-cb0d442bd5af,2026-10-08,10:00,America/Los_Angeles,3M to 100M Users: How Gamma Actually Did It,FiDi,Unspecified,https://www.tech-week.com/calendar/sf/events/3m-to-100m-users-how-gamma-actually-did-it-c82fe23b-04fe-4589-b63c-cb0d442bd5af,2026-09-24T03:24:10.256338Z
1233b68b-a38c-487e-ad20-0084a37e2673,2026-10-08,10:00,America/Los_Angeles,Accredited Investor AI Briefing: Scaling to $19.7B Exit and Beyond 🛡️🤖,Downtown,Unspecified,https://www.tech-week.com/calendar/sf/events/accredited-investor-ai-briefing-scaling-to-19-7b-exit-and-beyond-1233b68b-a38c-487e-ad20-0084a37e2673,2026-09-24T03:24:10.256338Z
a064f11a-abc8-4017-ba52-897ee468ed53,2026-10-08,10:00,America/Los_Angeles,"AMD x RedHat AI-Infra Workshop: High performance inference, at scale",Mission,Unspecified,https://www.tech-week.com/calendar/sf/events/amd-x-redhat-ai-infra-workshop-high-performance-inference-at-scale-a064f11a-abc8-4017-ba52-897ee468ed53,2026-09-24T03:24:10.256338Z
efb35d79-985f-470c-9726-9e064535e012,2026-10-08,10:00,America/Los_Angeles,Axios Live: Data Governance in the AI Era,FiDi,Closed,https://www.tech-week.com/calendar/sf/events/axios-live-data-governance-in-the-ai-era-efb35d79-985f-470c-9726-9e064535e012,2026-09-24T03:24:10.256338Z
4561c8d7-c92b-456f-a8a5-c3568f621186,2026-10-08,10:00,America/Los_Angeles,B2B Bo$$es (GTM x Building Community Brunch For Top Execs),SOMA,Unspecified,https://www.tech-week.com/calendar/sf/events/b2b-bo-es-gtm-x-building-community-brunch-for-top-execs-4561c8d7-c92b-456f-a8a5-c3568f621186,2026-09-24T03:24:10.256338Z
52588511-b529-465e-bf96-dd48022966c5,2026-10-08,10:00,America/Los_Angeles,Founder Investor Day at Finix HQ,Union Square,Unspecified,https://www.tech-week.com/calendar/sf/events/founder-investor-day-at-finix-hq-52588511-b529-465e-bf96-dd48022966c5,2026-09-24T03:24:10.256338Z
53ed7cb7-ec3a-43c6-b0dc-3d9c51999b7f,2026-10-08,10:00,America/Los_Angeles,Germany at the Frontier,SOMA,Unspecified,https://www.tech-week.com/calendar/sf/events/germany-at-the-frontier-53ed7cb7-ec3a-43c6-b0dc-3d9c51999b7f,2026-09-24T03:24:10.256338Z
dc8bb363-61f5-4d10-af17-df6e317f0c2f,2026-10-08,10:00,America/Los_Angeles,Human-in-the-Loop Is Already Broken. Here's What Replaces It.,Virtual,Unspecified,https://www.tech-week.com/calendar/sf/events/human-in-the-loop-is-already-broken-here-s-what-replaces-it-dc8bb363-61f5-4d10-af17-df6e317f0c2f,2026-09-24T03:24:10.256338Z
2f2748da-ef8f-4144-9b92-bc082311f9fe,2026-10-08,10:00,America/Los_Angeles,Let your AI agents manage patent protection,FiDi,Unspecified,https://www.tech-week.com/calendar/sf/events/let-your-ai-agents-manage-patent-protection-2f2748da-ef8f-4144-9b92-bc082311f9fe,2026-09-24T03:24:10.256338Z
5835a361-5fa2-4daa-8e61-14bc4482afa6,2026-10-08,10:00,America/Los_Angeles,Multiplayer AI Hackathon,SOMA,Unspecified,https://www.tech-week.com/calendar/sf/events/multiplayer-ai-hackathon-5835a361-5fa2-4daa-8e61-14bc4482afa6,2026-09-24T03:24:10.256338Z
5a59a0e2-8888-40d5-9929-ed566e79e2fa,2026-10-08,10:00,America/Los_Angeles,Office Sanctuary at Alma Office,Other,Unspecified,https://www.tech-week.com/calendar/sf/events/office-sanctuary-at-alma-office-5a59a0e2-8888-40d5-9929-ed566e79e2fa,2026-09-24T03:24:10.256338Z
440c44f9-beed-495f-88f7-efa9497ac720,2026-10-08,10:00,America/Los_Angeles,One operating system for your firm and every company you own.,Virtual,Unspecified,https://www.tech-week.com/calendar/sf/events/one-operating-system-for-your-firm-and-every-company-you-own-440c44f9-beed-495f-88f7-efa9497ac720,2026-09-24T03:24:10.256338Z
c9f7ec58-e171-4c22-ad09-7f0e7e4055ce,2026-10-08,10:00,America/Los_Angeles,"Scale Client Delivery, Not Headcount: The AI-Native Agency Workshop",Virtual,Unspecified,https://www.tech-week.com/calendar/sf/events/scale-client-delivery-not-headcount-the-ai-native-agency-workshop-c9f7ec58-e171-4c22-ad09-7f0e7e4055ce,2026-09-24T03:24:10.256338Z
b44f172f-7163-4666-b55e-3d4410713f08,2026-10-08,10:00,America/Los_Angeles,Valon Labs Live,SOMA,Unspecified,https://www.tech-week.com/calendar/sf/events/valon-labs-live-b44f172f-7163-4666-b55e-3d4410713f08,2026-09-24T03:24:10.256338Z
7392a199-557d-4290-9ef3-2764e0e1784e,2026-10-08,10:00,America/Los_Angeles,"Women in Tech Leadership: From General Counsel to Board w/ Deel, AWS & Sunshine Lake",SOMA,Unspecified,https://www.tech-week.com/calendar/sf/events/women-in-tech-leadership-from-general-counsel-to-board-w-deel-aws-and-sunshine-l-7392a199-557d-4290-9ef3-2764e0e1784e,2026-09-24T03:24:10.256338Z
de33638a-5d06-4420-9e06-f79958e31368,2026-10-08,10:00,America/Los_Angeles,"You, the Frontier Professional",FiDi,Unspecified,https://www.tech-week.com/calendar/sf/events/you-the-frontier-professional-de33638a-5d06-4420-9e06-f79958e31368,2026-09-24T03:24:10.256338Z
5d0f3579-8f52-427c-ab29-739c9b80e775,2026-10-08,11:00,America/Los_Angeles,Defending Your Value: Career Positioning for Tech Leaders,Virtual,Unspecified,https://www.tech-week.com/calendar/sf/events/defending-your-value-career-positioning-for-tech-leaders-5d0f3579-8f52-427c-ab29-739c9b80e775,2026-09-24T03:24:10.256338Z
5eb547b9-616d-43e2-aecc-a11592c62293,2026-10-08,11:00,America/Los_Angeles,Fast AI Sales,Palo Alto,Unspecified,https://www.tech-week.com/calendar/sf/events/fast-ai-sales-5eb547b9-616d-43e2-aecc-a11592c62293,2026-09-24T03:24:10.256338Z
14d42f0e-61f4-4e17-bf62-95cee45e1eeb,2026-10-08,11:00,America/Los_Angeles,Impactpalooza,Embarcadero,Unspecified,https://www.tech-week.com/calendar/sf/events/impactpalooza-14d42f0e-61f4-4e17-bf62-95cee45e1eeb,2026-09-24T03:24:10.256338Z
bba9c1fa-2ac2-4dd0-8868-153317096189,2026-10-08,11:00,America/Los_Angeles,Longevity Brunch: Hormones & Healthtech,Marina,Waitlist,https://www.tech-week.com/calendar/sf/events/longevity-brunch-hormones-and-healthtech-bba9c1fa-2ac2-4dd0-8868-153317096189,2026-09-24T03:24:10.256338Z
45105230-5cdf-43bd-89e7-808df7246f04,2026-10-08,11:00,America/Los_Angeles,More Worlds to Build: Spatial Intelligence & 3D Demo Day,Downtown,Unspecified,https://www.tech-week.com/calendar/sf/events/more-worlds-to-build-spatial-intelligence-and-3d-demo-day-45105230-5cdf-43bd-89e7-808df7246f04,2026-09-24T03:24:10.256338Z
d3485348-7a92-4406-9b03-ee8ca55d53bd,2026-10-08,11:00,America/Los_Angeles,Pitch Garage,Lower Haight,Unspecified,https://www.tech-week.com/calendar/sf/events/pitch-garage-d3485348-7a92-4406-9b03-ee8ca55d53bd,2026-09-24T03:24:10.256338Z
bb424e03-b288-4b24-9f7c-175e494aa81e,2026-10-08,11:00,America/Los_Angeles,Q3 2026 State of AI + AE (Autonomous Economy) & Investment Opportunities,Virtual,Unspecified,https://www.tech-week.com/calendar/sf/events/q3-2026-state-of-ai-ae-autonomous-economy-and-investment-opportunities-bb424e03-b288-4b24-9f7c-175e494aa81e,2026-09-24T03:24:10.256338Z
4453e9a0-a6e1-4a37-ae57-1fa31dcf9dd6,2026-10-08,11:00,America/Los_Angeles,The Founder Reset: The Art of Starting Again,Russian Hill,Unspecified,https://www.tech-week.com/calendar/sf/events/the-founder-reset-the-art-of-starting-again-4453e9a0-a6e1-4a37-ae57-1fa31dcf9dd6,2026-09-24T03:24:10.256338Z
0f49b20f-71d2-4605-918a-f8ae7acf4dee,2026-10-08,11:00,America/Los_Angeles,The Search for Durable Advantage in AI,FiDi,Unspecified,https://www.tech-week.com/calendar/sf/events/the-search-for-durable-advantage-in-ai-0f49b20f-71d2-4605-918a-f8ae7acf4dee,2026-09-24T03:24:10.256338Z
a9fd3486-e483-41d8-81cc-4a425431d084,2026-10-08,11:00,America/Los_Angeles,You Have Traction — and That’s Helped You Raise Some Money. Now What?,FiDi,Unspecified,https://www.tech-week.com/calendar/sf/events/you-have-traction-and-that-s-helped-you-raise-some-money-now-what-a9fd3486-e483-41d8-81cc-4a425431d084,2026-09-24T03:24:10.256338Z
1a16a0cc-3bb7-42e3-aacb-7e65f92bfcd3,2026-10-08,11:00,America/Los_Angeles,​Lunch & Hack: The Latest SF Tech Trends,Virtual,Unspecified,https://www.tech-week.com/calendar/sf/events/lunch-and-hack-the-latest-sf-tech-trends-1a16a0cc-3bb7-42e3-aacb-7e65f92bfcd3,2026-09-24T03:24:10.256338Z
2bd10698-76a1-4d81-a429-a23c90370362,2026-10-08,11:30,America/Los_Angeles,Build the AI-Native Office of the CFO Stack,FiDi,Unspecified,https://www.tech-week.com/calendar/sf/events/build-the-ai-native-office-of-the-cfo-stack-2bd10698-76a1-4d81-a429-a23c90370362,2026-09-24T03:24:10.256338Z
f4c86366-d388-4fa2-9fda-159cef5bc385,2026-10-08,11:30,America/Los_Angeles,Connecting Silicon Valley VCs with International VCs Luncheon,Downtown,Unspecified,https://www.tech-week.com/calendar/sf/events/connecting-silicon-valley-vcs-with-international-vcs-luncheon-f4c86366-d388-4fa2-9fda-159cef5bc385,2026-09-24T03:24:10.256338Z
a85f05d4-cec6-4cb5-945f-e01863301702,2026-10-08,12:00,America/Los_Angeles,AI Founders' Lunch by Cherry Hill Advisory,Fisherman's Wharf,Unspecified,https://www.tech-week.com/calendar/sf/events/ai-founders-lunch-by-cherry-hill-advisory-a85f05d4-cec6-4cb5-945f-e01863301702,2026-09-24T03:24:10.256338Z
7e973b20-f0d0-4aa3-8683-cbd886b3993a,2026-10-08,12:00,America/Los_Angeles,Cracking the US: Insider Lessons for International Founders,FiDi,Unspecified,https://www.tech-week.com/calendar/sf/events/cracking-the-us-insider-lessons-for-international-founders-7e973b20-f0d0-4aa3-8683-cbd886b3993a,2026-09-24T03:24:10.256338Z
5b3da288-584e-4629-a8d9-12f084fe9115,2026-10-08,12:00,America/Los_Angeles,Enterprise AI — Commercial Meetings,FiDi,Unspecified,https://www.tech-week.com/calendar/sf/events/enterprise-ai-commercial-meetings-5b3da288-584e-4629-a8d9-12f084fe9115,2026-09-24T03:24:10.256338Z
e4ce035e-8433-4792-b73c-4a3c99635ca2,2026-10-08,12:00,America/Los_Angeles,"Faith, Tech & the Hard Stuff of Leadership lunch",FiDi,Unspecified,https://www.tech-week.com/calendar/sf/events/faith-tech-and-the-hard-stuff-of-leadership-lunch-e4ce035e-8433-4792-b73c-4a3c99635ca2,2026-09-24T03:24:10.256338Z
570ba3f5-2125-4112-a830-bd793e8175d3,2026-10-08,12:00,America/Los_Angeles,"FO & UHNW Lunch, hosted by Giano Capital & 3i Members",Jackson Square,Unspecified,https://www.tech-week.com/calendar/sf/events/fo-and-uhnw-lunch-hosted-by-giano-capital-and-3i-members-570ba3f5-2125-4112-a830-bd793e8175d3,2026-09-24T03:24:10.256338Z
83e0043a-b811-46b0-ab95-a5004d8fd4fd,2026-10-08,12:00,America/Los_Angeles,GoCar Founders Tour,North Beach,Unspecified,https://www.tech-week.com/calendar/sf/events/gocar-founders-tour-83e0043a-b811-46b0-ab95-a5004d8fd4fd,2026-09-24T03:24:10.256338Z
0a700cda-261b-43cc-93ef-82ecfbdc05e6,2026-10-08,12:00,America/Los_Angeles,How Consumer Brands Get Funded Right Now,Downtown,Unspecified,https://www.tech-week.com/calendar/sf/events/how-consumer-brands-get-funded-right-now-0a700cda-261b-43cc-93ef-82ecfbdc05e6,2026-09-24T03:24:10.256338Z
956db05f-5f93-413f-bd9f-499861a838a3,2026-10-08,12:00,America/Los_Angeles,How to Collaborate with Big Tech Companies,FiDi,Unspecified,https://www.tech-week.com/calendar/sf/events/how-to-collaborate-with-big-tech-companies-956db05f-5f93-413f-bd9f-499861a838a3,2026-09-24T03:24:10.256338Z
545278bb-2579-44ae-85ed-4929155bc9e7,2026-10-08,12:00,America/Los_Angeles,IND/US Corridor Founders Meet up,Downtown,Unspecified,https://www.tech-week.com/calendar/sf/events/ind-us-corridor-founders-meet-up-545278bb-2579-44ae-85ed-4929155bc9e7,2026-09-24T03:24:10.256338Z
5725a277-9b2a-426e-a58b-2be80b0a61b8,2026-10-08,12:00,America/Los_Angeles,McLaren x Airwallex Ride and Share Experience,FiDi,Unspecified,https://www.tech-week.com/calendar/sf/events/mclaren-x-airwallex-ride-and-share-experience-5725a277-9b2a-426e-a58b-2be80b0a61b8,2026-09-24T03:24:10.256338Z
67c375ce-c97a-4eb5-b689-882345bbf375,2026-10-08,12:00,America/Los_Angeles,"Robots, GTM & Pizzas",Downtown,Unspecified,https://www.tech-week.com/calendar/sf/events/robots-gtm-and-pizzas-67c375ce-c97a-4eb5-b689-882345bbf375,2026-09-24T03:24:10.256338Z
6a3b2f3f-a9f3-4f36-8837-dad1b3157288,2026-10-08,12:00,America/Los_Angeles,The Founder Reset: What Your Company Data is Worth,Russian Hill,Unspecified,https://www.tech-week.com/calendar/sf/events/the-founder-reset-what-your-company-data-is-worth-6a3b2f3f-a9f3-4f36-8837-dad1b3157288,2026-09-24T03:24:10.256338Z
03bca804-51c0-4268-bfc4-64ec934c143a,2026-10-08,12:00,America/Los_Angeles,You Can't Prompt Your Way Out of This - Fractional People and Talent for Startups,FiDi,Unspecified,https://www.tech-week.com/calendar/sf/events/you-can-t-prompt-your-way-out-of-this-fractional-people-and-talent-for-startups-03bca804-51c0-4268-bfc4-64ec934c143a,2026-09-24T03:24:10.256338Z
d146f0b1-cb1c-468c-a71c-47defd52fc65,2026-10-08,12:00,America/Los_Angeles,Your Idea Is Only as Good as How You Tell It,Mission,Unspecified,https://www.tech-week.com/calendar/sf/events/your-idea-is-only-as-good-as-how-you-tell-it-d146f0b1-cb1c-468c-a71c-47defd52fc65,2026-09-24T03:24:10.256338Z
b9d7746d-888b-4584-b256-13e7b2aa1ea4,2026-10-08,12:15,America/Los_Angeles,Founder-Led Strength Training,Marina,Unspecified,https://www.tech-week.com/calendar/sf/events/founder-led-strength-training-b9d7746d-888b-4584-b256-13e7b2aa1ea4,2026-09-24T03:24:10.256338Z
22e96063-41ee-4482-b8d3-bf95464b057f,2026-10-08,12:30,America/Los_Angeles,Everyone Is Talking About AI Voice. Nobody Is Talking About Compliance.,Virtual,Unspecified,https://www.tech-week.com/calendar/sf/events/everyone-is-talking-about-ai-voice-nobody-is-talking-about-compliance-22e96063-41ee-4482-b8d3-bf95464b057f,2026-09-24T03:24:10.256338Z
9a197f00-bcaf-4d8e-97fb-d76c1b13a552,2026-10-08,12:30,America/Los_Angeles,Free Game for Women Founders,FiDi,Unspecified,https://www.tech-week.com/calendar/sf/events/free-game-for-women-founders-9a197f00-bcaf-4d8e-97fb-d76c1b13a552,2026-09-24T03:24:10.256338Z
447223a1-0dc5-4cb1-b7b2-33303505c120,2026-10-08,12:30,America/Los_Angeles,"Your Agents work, but your pitch doesn't - a live GTM Pitch",SOMA,Unspecified,https://www.tech-week.com/calendar/sf/events/your-agents-work-but-your-pitch-doesn-t-a-live-gtm-pitch-447223a1-0dc5-4cb1-b7b2-33303505c120,2026-09-24T03:24:10.256338Z
63139f37-7264-4f5c-a601-80cd50a68bf7,2026-10-08,13:00,America/Los_Angeles,"""Sounds interesting"" - Unfiltered, practical chat for International Founders to the U.S Market",Civic Center,Unspecified,https://www.tech-week.com/calendar/sf/events/sounds-interesting-unfiltered-practical-chat-for-international-founders-to-the-u-63139f37-7264-4f5c-a601-80cd50a68bf7,2026-09-24T03:24:10.256338Z
008db2be-13dc-4187-8483-6c8207bbcb12,2026-10-08,13:00,America/Los_Angeles,2026 Tech Week St Francis Yacht Club,Marina,Unspecified,https://www.tech-week.com/calendar/sf/events/2026-tech-week-st-francis-yacht-club-008db2be-13dc-4187-8483-6c8207bbcb12,2026-09-24T03:24:10.256338Z
002e72b8-c3af-4bf0-9f2d-dedd5e2f84d4,2026-10-08,13:00,America/Los_Angeles,ATOMS ACCELERATED: Industrial AI & the Next Industrial Buildout,Downtown,Unspecified,https://www.tech-week.com/calendar/sf/events/atoms-accelerated-industrial-ai-and-the-next-industrial-buildout-002e72b8-c3af-4bf0-9f2d-dedd5e2f84d4,2026-09-24T03:24:10.256338Z
d08f5b5d-94e0-4541-a3a5-012200d79709,2026-10-08,13:00,America/Los_Angeles,Building Better Trading Strategies with AI,SOMA,Unspecified,https://www.tech-week.com/calendar/sf/events/building-better-trading-strategies-with-ai-d08f5b5d-94e0-4541-a3a5-012200d79709,2026-09-24T03:24:10.256338Z
ce0a9dbc-7615-44ba-966b-d3578ec1dfd7,2026-10-08,13:00,America/Los_Angeles,Come Touch the Future: Hard Tech Expo with Third Sphere,FiDi,Unspecified,https://www.tech-week.com/calendar/sf/events/come-touch-the-future-hard-tech-expo-with-third-sphere-ce0a9dbc-7615-44ba-966b-d3578ec1dfd7,2026-09-24T03:24:10.256338Z
317d086c-06d8-4188-bcd9-9abed372f6bf,2026-10-08,13:00,America/Los_Angeles,Compliance Basics 101: Digital Health & Wellness Startups and the Law,Virtual,Unspecified,https://www.tech-week.com/calendar/sf/events/compliance-basics-101-digital-health-and-wellness-startups-and-the-law-317d086c-06d8-4188-bcd9-9abed372f6bf,2026-09-24T03:24:10.256338Z
41a31da6-21b0-49fd-b4cb-792f19e950bc,2026-10-08,13:00,America/Los_Angeles,Enterprise Tech Forum,SOMA,Closed,https://www.tech-week.com/calendar/sf/events/enterprise-tech-forum-41a31da6-21b0-49fd-b4cb-792f19e950bc,2026-09-24T03:24:10.256338Z
97b746c4-0d46-4e28-a63d-40cb824978d6,2026-10-08,13:00,America/Los_Angeles,Founders & Funders: VC Reverse Pitch,Downtown,Unspecified,https://www.tech-week.com/calendar/sf/events/founders-and-funders-vc-reverse-pitch-97b746c4-0d46-4e28-a63d-40cb824978d6,2026-09-24T03:24:10.256338Z
1a2a5077-9d33-4dbc-b444-07e4044951b0,2026-10-08,13:00,America/Los_Angeles,GGW Sharks. AI Founders & Investors,Downtown,Unspecified,https://www.tech-week.com/calendar/sf/events/ggw-sharks-ai-founders-and-investors-1a2a5077-9d33-4dbc-b444-07e4044951b0,2026-09-24T03:24:10.256338Z
696ff346-641d-411f-96ae-544bfa08d5c3,2026-10-08,13:00,America/Los_Angeles,"MCP, APIs & THE AGENT INTEGRATION LAYER",FiDi,Unspecified,https://www.tech-week.com/calendar/sf/events/mcp-apis-and-the-agent-integration-layer-696ff346-641d-411f-96ae-544bfa08d5c3,2026-09-24T03:24:10.256338Z
b68489b1-3708-4f20-93c4-f03351d9a5d0,2026-10-08,13:00,America/Los_Angeles,The Exchange: Your Next Opportunity Is in the Room,Other,Unspecified,https://www.tech-week.com/calendar/sf/events/the-exchange-your-next-opportunity-is-in-the-room-b68489b1-3708-4f20-93c4-f03351d9a5d0,2026-09-24T03:24:10.256338Z
37a3b9c5-f774-4aff-8925-30a1531d715f,2026-10-08,13:00,America/Los_Angeles,The Founder Reset: Zero to Unicorn with Bolt.new CEO,Russian Hill,Unspecified,https://www.tech-week.com/calendar/sf/events/the-founder-reset-zero-to-unicorn-with-bolt-new-ceo-37a3b9c5-f774-4aff-8925-30a1531d715f,2026-09-24T03:24:10.256338Z
42fd356a-4285-4759-903e-f5f89bc26dff,2026-10-08,13:00,America/Los_Angeles,The New Rules of Video Marketing,Mission,Unspecified,https://www.tech-week.com/calendar/sf/events/the-new-rules-of-video-marketing-42fd356a-4285-4759-903e-f5f89bc26dff,2026-09-24T03:24:10.256338Z
2e2fc541-8c86-4cf8-aecd-7f9ebe449aa4,2026-10-08,13:00,America/Los_Angeles,Walk & Talk Explore The City You're Missing [urban tech],Mission,Unspecified,https://www.tech-week.com/calendar/sf/events/walk-and-talk-explore-the-city-you-re-missing-urban-tech-2e2fc541-8c86-4cf8-aecd-7f9ebe449aa4,2026-09-24T03:24:10.256338Z
40549bc4-63c0-41f7-a9ec-dc3c09c12196,2026-10-08,13:30,America/Los_Angeles,"Eat agents, build tapas: a tasty hack with HappyRobot and Cala",Dogpatch,Unspecified,https://www.tech-week.com/calendar/sf/events/eat-agents-build-tapas-a-tasty-hack-with-happyrobot-and-cala-40549bc4-63c0-41f7-a9ec-dc3c09c12196,2026-09-24T03:24:10.256338Z
21b88d5b-0c41-4a2d-9239-6f2c2ee6234c,2026-10-08,13:30,America/Los_Angeles,Neurotech Startup Village,Downtown,Unspecified,https://www.tech-week.com/calendar/sf/events/neurotech-startup-village-21b88d5b-0c41-4a2d-9239-6f2c2ee6234c,2026-09-24T03:24:10.256338Z
46625d52-aacc-46ae-9473-84beb0f8b65f,2026-10-08,14:00,America/Los_Angeles,ALSO TEST SPIN,Hayes Valley,Unspecified,https://www.tech-week.com/calendar/sf/events/also-test-spin-46625d52-aacc-46ae-9473-84beb0f8b65f,2026-09-24T03:24:10.256338Z
554e1bf8-2d19-43a2-b05e-790789a37828,2026-10-08,14:00,America/Los_Angeles,"Live ""Iron (AI) Chef"" Vibe-Coding Presentation",FiDi,Unspecified,https://www.tech-week.com/calendar/sf/events/live-iron-ai-chef-vibe-coding-presentation-554e1bf8-2d19-43a2-b05e-790789a37828,2026-09-24T03:24:10.256338Z
485cb9e0-207a-4623-a194-95f7b0cc074d,2026-10-08,14:00,America/Los_Angeles,Sip & Create - Build Your Own Game,FiDi,Unspecified,https://www.tech-week.com/calendar/sf/events/sip-and-create-build-your-own-game-485cb9e0-207a-4623-a194-95f7b0cc074d,2026-09-24T03:24:10.256338Z
d6ffe068-46fe-4db0-8a83-2c2ac2ae279a,2026-10-08,14:00,America/Los_Angeles,Worldcastr Launch: Forecasting the Future of Places,FiDi,Unspecified,https://www.tech-week.com/calendar/sf/events/worldcastr-launch-forecasting-the-future-of-places-d6ffe068-46fe-4db0-8a83-2c2ac2ae279a,2026-09-24T03:24:10.256338Z
fbf26663-4fff-4cce-851c-f6d6ead11756,2026-10-08,14:30,America/Los_Angeles,"Building What’s Next: Startups, Teams & Careers",SOMA,Unspecified,https://www.tech-week.com/calendar/sf/events/building-what-s-next-startups-teams-and-careers-fbf26663-4fff-4cce-851c-f6d6ead11756,2026-09-24T03:24:10.256338Z
1ea195c8-fa8d-4c66-b133-6816ff9d8df6,2026-10-08,14:30,America/Los_Angeles,Fireside Chat: Rethinking the Human Enterprise,Mission,Unspecified,https://www.tech-week.com/calendar/sf/events/fireside-chat-rethinking-the-human-enterprise-1ea195c8-fa8d-4c66-b133-6816ff9d8df6,2026-09-24T03:24:10.256338Z
ec575d7c-def7-490a-8c80-c3ea6261dd7e,2026-10-08,14:30,America/Los_Angeles,From Prompt to Playable: Can AI-Generated Characters Become Production-Ready Game Content?,Other,Unspecified,https://www.tech-week.com/calendar/sf/events/from-prompt-to-playable-can-ai-generated-characters-become-production-ready-game-ec575d7c-def7-490a-8c80-c3ea6261dd7e,2026-09-24T03:24:10.256338Z
2b041302-6d8e-406f-b403-22dee47ac191,2026-10-08,14:30,America/Los_Angeles,"Inside the First Round w/ Khosla, Antler, Floodgate",SOMA,Unspecified,https://www.tech-week.com/calendar/sf/events/inside-the-first-round-w-khosla-antler-floodgate-2b041302-6d8e-406f-b403-22dee47ac191,2026-09-24T03:24:10.256338Z
39bf0b2a-3ea8-4ffb-9091-9ba16108658b,2026-10-08,14:30,America/Los_Angeles,LockMCP,Virtual,Unspecified,https://www.tech-week.com/calendar/sf/events/lockmcp-39bf0b2a-3ea8-4ffb-9091-9ba16108658b,2026-09-24T03:24:10.256338Z
7cdab6e8-87dc-4a5a-b38d-d0b99eaba520,2026-10-08,14:30,America/Los_Angeles,THE MONEY ROOM: What Actually Gets Funded Today,Other,Unspecified,https://www.tech-week.com/calendar/sf/events/the-money-room-what-actually-gets-funded-today-7cdab6e8-87dc-4a5a-b38d-d0b99eaba520,2026-09-24T03:24:10.256338Z
843ca5f6-62dc-47c9-bc35-db6c4f43c0a6,2026-10-08,14:45,America/Los_Angeles,Aaron Levie + Tanay Kothari @ AGI House | Turing Frontier Fellows,Hillsborough,Unspecified,https://www.tech-week.com/calendar/sf/events/aaron-levie-tanay-kothari-agi-house-turing-frontier-fellows-843ca5f6-62dc-47c9-bc35-db6c4f43c0a6,2026-09-24T03:24:10.256338Z
0b702401-1398-4b07-8d31-fcdc256278c5,2026-10-08,15:00,America/Los_Angeles,AI x Procurement: The Intelligent Supply Chain,Embarcadero,Unspecified,https://www.tech-week.com/calendar/sf/events/ai-x-procurement-the-intelligent-supply-chain-0b702401-1398-4b07-8d31-fcdc256278c5,2026-09-24T03:24:10.256338Z
b414ad6c-e619-409b-9010-96fd05c97c5d,2026-10-08,15:00,America/Los_Angeles,AMA SF presents From Possibility to Practice: Marketing in the AI Era,SOMA,Unspecified,https://www.tech-week.com/calendar/sf/events/ama-sf-presents-from-possibility-to-practice-marketing-in-the-ai-era-b414ad6c-e619-409b-9010-96fd05c97c5d,2026-09-24T03:24:10.256338Z
b65270b2-9baa-45b6-9c93-875d6620c018,2026-10-08,15:00,America/Los_Angeles,Built by community,SOMA,Unspecified,https://www.tech-week.com/calendar/sf/events/built-by-community-b65270b2-9baa-45b6-9c93-875d6620c018,2026-09-24T03:24:10.256338Z
d0b280aa-c423-477b-9e97-be5bc2a7df0d,2026-10-08,15:00,America/Los_Angeles,"Charting Connections with Western Alliance Bank, TriplePoint Capital and Manatt",FiDi,Unspecified,https://www.tech-week.com/calendar/sf/events/charting-connections-with-western-alliance-bank-triplepoint-capital-and-manatt-d0b280aa-c423-477b-9e97-be5bc2a7df0d,2026-09-24T03:24:10.256338Z
f3d2bbe3-2ea3-4c73-98ab-c6858c075325,2026-10-08,15:00,America/Los_Angeles,Designing and leading a blended human and agentic workforce,FiDi,Unspecified,https://www.tech-week.com/calendar/sf/events/designing-and-leading-a-blended-human-and-agentic-workforce-f3d2bbe3-2ea3-4c73-98ab-c6858c075325,2026-09-24T03:24:10.256338Z
cd4baeb6-7bc5-41a0-8f57-be109cce289f,2026-10-08,15:00,America/Los_Angeles,Hands-on workshop: build an MCP app,SOMA,Unspecified,https://www.tech-week.com/calendar/sf/events/hands-on-workshop-build-an-mcp-app-cd4baeb6-7bc5-41a0-8f57-be109cce289f,2026-09-24T03:24:10.256338Z
c27825c2-6848-46f6-ad41-e0fde161fefe,2026-10-08,15:00,America/Los_Angeles,Marketing Break: A 3PM Networking Event for Marketers,Union Square,Unspecified,https://www.tech-week.com/calendar/sf/events/marketing-break-a-3pm-networking-event-for-marketers-c27825c2-6848-46f6-ad41-e0fde161fefe,2026-09-24T03:24:10.256338Z
85e8e199-ece0-4ac2-a5ec-6f10a65e7be6,2026-10-08,15:00,America/Los_Angeles,New Media Creators Summit,Jackson Square,Unspecified,https://www.tech-week.com/calendar/sf/events/new-media-creators-summit-85e8e199-ece0-4ac2-a5ec-6f10a65e7be6,2026-09-24T03:24:10.256338Z
3bcacf4c-261f-4ace-af44-6ed03fdfd54e,2026-10-08,15:00,America/Los_Angeles,Rally for Your Next Chapter: An Immigrant Founder Pickleball Mixer,Embarcadero,Unspecified,https://www.tech-week.com/calendar/sf/events/rally-for-your-next-chapter-an-immigrant-founder-pickleball-mixer-3bcacf4c-261f-4ace-af44-6ed03fdfd54e,2026-09-24T03:24:10.256338Z
557cfa97-4fcd-4dee-93b9-145934c3d624,2026-10-08,15:00,America/Los_Angeles,Sensory Intelligence P1,Chinatown,Unspecified,https://www.tech-week.com/calendar/sf/events/sensory-intelligence-p1-557cfa97-4fcd-4dee-93b9-145934c3d624,2026-09-24T03:24:10.256338Z
e201a7bc-10d2-46b3-be8d-a892debe937b,2026-10-08,15:00,America/Los_Angeles,Sensory Intelligence P1,Chinatown,Unspecified,https://www.tech-week.com/calendar/sf/events/sensory-intelligence-p1-e201a7bc-10d2-46b3-be8d-a892debe937b,2026-09-24T03:24:10.256338Z
4a4c7d32-c4b1-42fa-8753-d24d6bc93749,2026-10-08,15:00,America/Los_Angeles,Speed Pitching to Investors,FiDi,Unspecified,https://www.tech-week.com/calendar/sf/events/speed-pitching-to-investors-4a4c7d32-c4b1-42fa-8753-d24d6bc93749,2026-09-24T03:24:10.256338Z
21df8b80-4998-4038-80dc-4ff8e9acaeb8,2026-10-08,15:00,America/Los_Angeles,Startup Mafia,Other,Unspecified,https://www.tech-week.com/calendar/sf/events/startup-mafia-21df8b80-4998-4038-80dc-4ff8e9acaeb8,2026-09-24T03:24:10.256338Z
7bbb5a06-e6e5-45cf-bfc9-94f5d235ade0,2026-10-08,15:00,America/Los_Angeles,Winning GTM in the Age of AI,Mountain View,Unspecified,https://www.tech-week.com/calendar/sf/events/winning-gtm-in-the-age-of-ai-7bbb5a06-e6e5-45cf-bfc9-94f5d235ade0,2026-09-24T03:24:10.256338Z
b2536f0c-4a64-4d4e-b43e-4a0f0b8fd728,2026-10-08,15:30,America/Los_Angeles,[Workshop] Build AI Agents with Auth0,FiDi,Unspecified,https://www.tech-week.com/calendar/sf/events/workshop-build-ai-agents-with-auth0-b2536f0c-4a64-4d4e-b43e-4a0f0b8fd728,2026-09-24T03:24:10.256338Z
0823f3d8-f5b3-4783-8702-760f42a12893,2026-10-08,15:30,America/Los_Angeles,Founders' Blitz Chess Tournament,Civic Center,Unspecified,https://www.tech-week.com/calendar/sf/events/founders-blitz-chess-tournament-0823f3d8-f5b3-4783-8702-760f42a12893,2026-09-24T03:24:10.256338Z
37aafdda-5977-4207-9157-c33584198db1,2026-10-08,15:30,America/Los_Angeles,"Headshots, Headlines + Hot Seats",Palo Alto,Unspecified,https://www.tech-week.com/calendar/sf/events/headshots-headlines-hot-seats-37aafdda-5977-4207-9157-c33584198db1,2026-09-24T03:24:10.256338Z
33c9c4f7-c7ae-46eb-9145-4fba6dc0d3d6,2026-10-08,15:30,America/Los_Angeles,Lexi's Pizza Party,SOMA,Unspecified,https://www.tech-week.com/calendar/sf/events/lexi-s-pizza-party-33c9c4f7-c7ae-46eb-9145-4fba6dc0d3d6,2026-09-24T03:24:10.256338Z
5763911e-d4f1-4f4c-8eb0-02b584b7f10d,2026-10-08,16:00,America/Los_Angeles,AFK: Wellness Night for CTOs & Engineers,Downtown,Unspecified,https://www.tech-week.com/calendar/sf/events/afk-wellness-night-for-ctos-and-engineers-5763911e-d4f1-4f4c-8eb0-02b584b7f10d,2026-09-24T03:24:10.256338Z
f9b0ef6e-db68-4cbd-aefd-5040e7cf18c4,2026-10-08,16:00,America/Los_Angeles,Africa: The Next Frontier of AI Disruption,Embarcadero,Unspecified,https://www.tech-week.com/calendar/sf/events/africa-the-next-frontier-of-ai-disruption-f9b0ef6e-db68-4cbd-aefd-5040e7cf18c4,2026-09-24T03:24:10.256338Z
14c55a80-7035-4c1b-864e-afeeadc5ebb9,2026-10-08,16:00,America/Los_Angeles,AI in Strategic Finance,Marina,Unspecified,https://www.tech-week.com/calendar/sf/events/ai-in-strategic-finance-14c55a80-7035-4c1b-864e-afeeadc5ebb9,2026-09-24T03:24:10.256338Z
60ef53d3-31ba-4d33-9052-a40332e7c808,2026-10-08,16:00,America/Los_Angeles,AI Orchestration Agents and the Human Bottleneck,FiDi,Unspecified,https://www.tech-week.com/calendar/sf/events/ai-orchestration-agents-and-the-human-bottleneck-60ef53d3-31ba-4d33-9052-a40332e7c808,2026-09-24T03:24:10.256338Z
a4737121-378a-4d2a-ab18-4ae2721797d5,2026-10-08,16:00,America/Los_Angeles,AI4SoundSleep Launch: Starry Night Demo,SOMA,Unspecified,https://www.tech-week.com/calendar/sf/events/ai4soundsleep-launch-starry-night-demo-a4737121-378a-4d2a-ab18-4ae2721797d5,2026-09-24T03:24:10.256338Z
60a85fe7-bc78-4541-a1eb-b2993c291e6a,2026-10-08,16:00,America/Los_Angeles,Brown Girls on the Rise - #SF Tech Week,Downtown,Unspecified,https://www.tech-week.com/calendar/sf/events/brown-girls-on-the-rise-sf-tech-week-60a85fe7-bc78-4541-a1eb-b2993c291e6a,2026-09-24T03:24:10.256338Z
399508b6-5637-4e66-a961-9d67a7d1e9c4,2026-10-08,16:00,America/Los_Angeles,CAN AI FEEL YOU?,SOMA,Unspecified,https://www.tech-week.com/calendar/sf/events/can-ai-feel-you-399508b6-5637-4e66-a961-9d67a7d1e9c4,2026-09-24T03:24:10.256338Z
26107a87-99b0-4d3f-8c88-37199b5129fe,2026-10-08,16:00,America/Los_Angeles,"Cybernetics: Bridging Human, Machine & Mind",Pacific Heights,Unspecified,https://www.tech-week.com/calendar/sf/events/cybernetics-bridging-human-machine-and-mind-26107a87-99b0-4d3f-8c88-37199b5129fe,2026-09-24T03:24:10.256338Z
eb1357e8-0695-4a80-ad8c-20b80c4f1793,2026-10-08,16:00,America/Los_Angeles,Fenwick × Databricks × a16z: Founders & Investors Happy Hour,FiDi,Unspecified,https://www.tech-week.com/calendar/sf/events/fenwick-databricks-a16z-founders-and-investors-happy-hour-eb1357e8-0695-4a80-ad8c-20b80c4f1793,2026-09-24T03:24:10.256338Z
360f5d0d-7352-4620-9561-2ba3c7d80310,2026-10-08,16:00,America/Los_Angeles,Founders&Funders Happy Hour,Hayes Valley,Unspecified,https://www.tech-week.com/calendar/sf/events/founders-and-funders-happy-hour-360f5d0d-7352-4620-9561-2ba3c7d80310,2026-09-24T03:24:10.256338Z
1c8269fe-6273-4abb-bbae-6e7ae25f1e44,2026-10-08,16:00,America/Los_Angeles,Fund or Fold - How VCs Actually Decide,South Beach,Unspecified,https://www.tech-week.com/calendar/sf/events/fund-or-fold-how-vcs-actually-decide-1c8269fe-6273-4abb-bbae-6e7ae25f1e44,2026-09-24T03:24:10.256338Z
5935e823-a72d-487e-9c76-58cb6d97a372,2026-10-08,16:00,America/Los_Angeles,Funders & Founders Rooftop Mixer,SOMA,Unspecified,https://www.tech-week.com/calendar/sf/events/funders-and-founders-rooftop-mixer-5935e823-a72d-487e-9c76-58cb6d97a372,2026-09-24T03:24:10.256338Z
7cd74927-5b06-4037-94a1-02a39801c1d4,2026-10-08,16:00,America/Los_Angeles,How Scaling Ecommerce Brands Decide What to Build Next,FiDi,Unspecified,https://www.tech-week.com/calendar/sf/events/how-scaling-ecommerce-brands-decide-what-to-build-next-7cd74927-5b06-4037-94a1-02a39801c1d4,2026-09-24T03:24:10.256338Z
e3b44d90-27a7-4362-9b07-6389c8af23f1,2026-10-08,16:00,America/Los_Angeles,How to Scale with Agentic Teams — #SF TechWeek,Downtown,Unspecified,https://www.tech-week.com/calendar/sf/events/how-to-scale-with-agentic-teams-sf-techweek-e3b44d90-27a7-4362-9b07-6389c8af23f1,2026-09-24T03:24:10.256338Z
04f8f4be-426d-4615-8b44-3ac33409fc08,2026-10-08,16:00,America/Los_Angeles,Intelligence Meets Matter: Found Before Founded,Union Square,Unspecified,https://www.tech-week.com/calendar/sf/events/intelligence-meets-matter-found-before-founded-04f8f4be-426d-4615-8b44-3ac33409fc08,2026-09-24T03:24:10.256338Z
86544ec6-baad-4782-8534-45cceef87a52,2026-10-08,16:00,America/Los_Angeles,Modular AI Infrastructure Tour + Happy Hour,East Bay,Unspecified,https://www.tech-week.com/calendar/sf/events/modular-ai-infrastructure-tour-happy-hour-86544ec6-baad-4782-8534-45cceef87a52,2026-09-24T03:24:10.256338Z
2f7963ec-f719-46ef-ba6b-c3b6cce92f65,2026-10-08,16:00,America/Los_Angeles,R2S2R Arena Launch,SOMA,Unspecified,https://www.tech-week.com/calendar/sf/events/r2s2r-arena-launch-2f7963ec-f719-46ef-ba6b-c3b6cce92f65,2026-09-24T03:24:10.256338Z
7e9444f9-6365-4bd2-9d3a-620c556874c5,2026-10-08,16:00,America/Los_Angeles,Secondaries are now Primary,FiDi,Unspecified,https://www.tech-week.com/calendar/sf/events/secondaries-are-now-primary-7e9444f9-6365-4bd2-9d3a-620c556874c5,2026-09-24T03:24:10.256338Z
015436c2-6534-4658-b817-e524a2496a78,2026-10-08,16:00,America/Los_Angeles,See You Outside: The Future Is IRL,Jackson Square,Unspecified,https://www.tech-week.com/calendar/sf/events/see-you-outside-the-future-is-irl-015436c2-6534-4658-b817-e524a2496a78,2026-09-24T03:24:10.256338Z
a88869c2-5509-47de-b007-af890f9f9e35,2026-10-08,16:00,America/Los_Angeles,Sushi & Sandbox-maxxing,Salesforce Park,Unspecified,https://www.tech-week.com/calendar/sf/events/sushi-and-sandbox-maxxing-a88869c2-5509-47de-b007-af890f9f9e35,2026-09-24T03:24:10.256338Z
3094eac4-38a0-43a9-a6b3-ecf4014c2a56,2026-10-08,16:00,America/Los_Angeles,The AI Product Builders Room,Union Square,Unspecified,https://www.tech-week.com/calendar/sf/events/the-ai-product-builders-room-3094eac4-38a0-43a9-a6b3-ecf4014c2a56,2026-09-24T03:24:10.256338Z
6f57acfb-f027-404b-a953-f09a9803a5e0,2026-10-08,16:00,America/Los_Angeles,"The Arc of Storytelling - for founders, VCs, operators, more",FiDi,Unspecified,https://www.tech-week.com/calendar/sf/events/the-arc-of-storytelling-for-founders-vcs-operators-more-6f57acfb-f027-404b-a953-f09a9803a5e0,2026-09-24T03:24:10.256338Z
69731eb0-cbb1-49e0-9baf-fb9880d85bd8,2026-10-08,16:00,America/Los_Angeles,"THE FUTURE OF SELF: Beauty, Longevity & Identity in the Age of AI",Downtown,Unspecified,https://www.tech-week.com/calendar/sf/events/the-future-of-self-beauty-longevity-and-identity-in-the-age-of-ai-69731eb0-cbb1-49e0-9baf-fb9880d85bd8,2026-09-24T03:24:10.256338Z
2184d8d8-d242-444e-8fa6-240c8d41a1f9,2026-10-08,16:00,America/Los_Angeles,The Inner Loop,Marina,Unspecified,https://www.tech-week.com/calendar/sf/events/the-inner-loop-2184d8d8-d242-444e-8fa6-240c8d41a1f9,2026-09-24T03:24:10.256338Z
36394a9d-a700-4d04-b86b-32289c8ef733,2026-10-08,16:00,America/Los_Angeles,Underinvested or Overheated. A Live Debate On Physical AI.,Other,Unspecified,https://www.tech-week.com/calendar/sf/events/underinvested-or-overheated-a-live-debate-on-physical-ai-36394a9d-a700-4d04-b86b-32289c8ef733,2026-09-24T03:24:10.256338Z
af6ed098-716c-419a-8d03-5d2dee1ed118,2026-10-08,16:15,America/Los_Angeles,Vibe Code Lab by Female Founder Collective x Vibe Code Mama,East Bay,Unspecified,https://www.tech-week.com/calendar/sf/events/vibe-code-lab-by-female-founder-collective-x-vibe-code-mama-af6ed098-716c-419a-8d03-5d2dee1ed118,2026-09-24T03:24:10.256338Z
5ce29494-7e92-4296-bcd1-b27b93965a83,2026-10-08,16:30,America/Los_Angeles,2036: A Day at the Office - A Design-Fiction Hackathon,Union Square,Unspecified,https://www.tech-week.com/calendar/sf/events/2036-a-day-at-the-office-a-design-fiction-hackathon-5ce29494-7e92-4296-bcd1-b27b93965a83,2026-09-24T03:24:10.256338Z
60b5e68e-9441-4223-b10e-adf122352229,2026-10-08,16:30,America/Los_Angeles,Agents & Integrations Night · Nebius x Adyen x APIMatic,SOMA,Unspecified,https://www.tech-week.com/calendar/sf/events/agents-and-integrations-night-nebius-x-adyen-x-apimatic-60b5e68e-9441-4223-b10e-adf122352229,2026-09-24T03:24:10.256338Z
c8bdd777-3c71-4de1-b990-01149aa507d5,2026-10-08,16:30,America/Los_Angeles,AI & Platform Engineering Developer Meetup,Mountain View,Unspecified,https://www.tech-week.com/calendar/sf/events/ai-and-platform-engineering-developer-meetup-c8bdd777-3c71-4de1-b990-01149aa507d5,2026-09-24T03:24:10.256338Z
fbaa1b09-da0c-40dc-b030-f36dd19baee6,2026-10-08,16:30,America/Los_Angeles,AI Insiders: AI × Longevity,FiDi,Unspecified,https://www.tech-week.com/calendar/sf/events/ai-insiders-ai-longevity-fbaa1b09-da0c-40dc-b030-f36dd19baee6,2026-09-24T03:24:10.256338Z
787e1d83-9bd1-458d-b38b-795cc7d74dab,2026-10-08,16:30,America/Los_Angeles,All about Emotion AI,FiDi,Unspecified,https://www.tech-week.com/calendar/sf/events/all-about-emotion-ai-787e1d83-9bd1-458d-b38b-795cc7d74dab,2026-09-24T03:24:10.256338Z
662a8942-386d-4d4a-bbc9-e268301913c3,2026-10-08,16:30,America/Los_Angeles,Basecamp and Bubbles,SOMA,Unspecified,https://www.tech-week.com/calendar/sf/events/basecamp-and-bubbles-662a8942-386d-4d4a-bbc9-e268301913c3,2026-09-24T03:24:10.256338Z
83d2798e-b7ea-4d56-9308-4eb43d8c9c84,2026-10-08,16:30,America/Los_Angeles,Future of Work Startup Showcase & Mixer,Downtown,Unspecified,https://www.tech-week.com/calendar/sf/events/future-of-work-startup-showcase-and-mixer-83d2798e-b7ea-4d56-9308-4eb43d8c9c84,2026-09-24T03:24:10.256338Z
dc772c8c-4207-4523-97db-85b9f0ccce9f,2026-10-08,16:30,America/Los_Angeles,How to Generate Enterprise Leads with Video Content,SOMA,Unspecified,https://www.tech-week.com/calendar/sf/events/how-to-generate-enterprise-leads-with-video-content-dc772c8c-4207-4523-97db-85b9f0ccce9f,2026-09-24T03:24:10.256338Z
ece52b9c-d9bb-409f-b68b-a9f4ef43361a,2026-10-08,16:30,America/Los_Angeles,"MCP4GTM with Mastra, Elastic, & Arcade",Dogpatch,Unspecified,https://www.tech-week.com/calendar/sf/events/mcp4gtm-with-mastra-elastic-and-arcade-ece52b9c-d9bb-409f-b68b-a9f4ef43361a,2026-09-24T03:24:10.256338Z
f08c1c6c-d76f-4e41-b07a-b563a4cdfea4,2026-10-08,16:30,America/Los_Angeles,Serving Hospitality: OpenTable - San Francisco,FiDi,Unspecified,https://www.tech-week.com/calendar/sf/events/serving-hospitality-opentable-san-francisco-f08c1c6c-d76f-4e41-b07a-b563a4cdfea4,2026-09-24T03:24:10.256338Z
5cee9a63-aa02-410d-b3fe-a1ce0d7c2d4d,2026-10-08,16:30,America/Los_Angeles,"Space, Stakes & Spirits: What's Getting Funded in 2026 🚀",SOMA,Unspecified,https://www.tech-week.com/calendar/sf/events/space-stakes-and-spirits-what-s-getting-funded-in-2026-5cee9a63-aa02-410d-b3fe-a1ce0d7c2d4d,2026-09-24T03:24:10.256338Z
e0f141e1-bfb6-401e-8141-347851f298bd,2026-10-08,16:30,America/Los_Angeles,Who Owns ROI? How Product & Finance Make Better Bets in the AI Era,Salesforce Park,Unspecified,https://www.tech-week.com/calendar/sf/events/who-owns-roi-how-product-and-finance-make-better-bets-in-the-ai-era-e0f141e1-bfb6-401e-8141-347851f298bd,2026-09-24T03:24:10.256338Z
969d2f8e-a03a-4593-8098-456f8562910a,2026-10-08,17:00,America/Los_Angeles,'+31% ROAS with AI marketing 🟦,FiDi,Unspecified,https://www.tech-week.com/calendar/sf/events/31-roas-with-ai-marketing-969d2f8e-a03a-4593-8098-456f8562910a,2026-09-24T03:24:10.256338Z
5b511994-e29b-4c6b-91cc-88f485f14e6a,2026-10-08,17:00,America/Los_Angeles,Agent Economy After Party,Downtown,Unspecified,https://www.tech-week.com/calendar/sf/events/agent-economy-after-party-5b511994-e29b-4c6b-91cc-88f485f14e6a,2026-09-24T03:24:10.256338Z
511ac838-cd30-47d1-851d-c397142e15f5,2026-10-08,17:00,America/Los_Angeles,Agents in Production: The Auth Stack for AI,FiDi,Unspecified,https://www.tech-week.com/calendar/sf/events/agents-in-production-the-auth-stack-for-ai-511ac838-cd30-47d1-851d-c397142e15f5,2026-09-24T03:24:10.256338Z
988d8b48-0cb1-43be-b8db-d27fcf6e81ae,2026-10-08,17:00,America/Los_Angeles,AI Founder/VC Dinner,Mission,Unspecified,https://www.tech-week.com/calendar/sf/events/ai-founder-vc-dinner-988d8b48-0cb1-43be-b8db-d27fcf6e81ae,2026-09-24T03:24:10.256338Z
672d61ab-7c0c-48d6-b916-c2755c9f107e,2026-10-08,17:00,America/Los_Angeles,AI Health tech Night,Dogpatch,Unspecified,https://www.tech-week.com/calendar/sf/events/ai-health-tech-night-672d61ab-7c0c-48d6-b916-c2755c9f107e,2026-09-24T03:24:10.256338Z
d482f8e9-4e57-4437-ae2e-5513f6ffc335,2026-10-08,17:00,America/Los_Angeles,AI Native - Hecho en Mexico,Rincon Hill,Unspecified,https://www.tech-week.com/calendar/sf/events/ai-native-hecho-en-mexico-d482f8e9-4e57-4437-ae2e-5513f6ffc335,2026-09-24T03:24:10.256338Z
a93c1046-effc-4f24-ad04-45b5cd408ebb,2026-10-08,17:00,America/Los_Angeles,Beacon AI & Chariot Hiring Event,Other,Unspecified,https://www.tech-week.com/calendar/sf/events/beacon-ai-and-chariot-hiring-event-a93c1046-effc-4f24-ad04-45b5cd408ebb,2026-09-24T03:24:10.256338Z
1db9d624-1b20-4386-91b5-2722dd0703a1,2026-10-08,17:00,America/Los_Angeles,"Builder, Backer, Advisor: Gokul Rajaram on All Three Sides of the Table",North Beach,Unspecified,https://www.tech-week.com/calendar/sf/events/builder-backer-advisor-gokul-rajaram-on-all-three-sides-of-the-table-1db9d624-1b20-4386-91b5-2722dd0703a1,2026-09-24T03:24:10.256338Z
d088c036-e9f1-4032-bd44-882525fb17d3,2026-10-08,17:00,America/Los_Angeles,Building the Physical World with AI,Downtown,Unspecified,https://www.tech-week.com/calendar/sf/events/building-the-physical-world-with-ai-d088c036-e9f1-4032-bd44-882525fb17d3,2026-09-24T03:24:10.256338Z
78e0c424-0832-4156-92f9-544a45335c4f,2026-10-08,17:00,America/Los_Angeles,Closed-door Q&A: Exited founders + active Seed/A VCs (private office),SOMA,Unspecified,https://www.tech-week.com/calendar/sf/events/closed-door-q-and-a-exited-founders-active-seed-a-vcs-private-office-78e0c424-0832-4156-92f9-544a45335c4f,2026-09-24T03:24:10.256338Z
f1e8c7e7-17ca-46df-a1bd-a5d4dd51d109,2026-10-08,17:00,America/Los_Angeles,DEADLINE: BLIND MATCH - Speed Networking,Marina,Unspecified,https://www.tech-week.com/calendar/sf/events/deadline-blind-match-speed-networking-f1e8c7e7-17ca-46df-a1bd-a5d4dd51d109,2026-09-24T03:24:10.256338Z
9e715f36-4a28-4411-99f8-f37a5c2f84a1,2026-10-08,17:00,America/Los_Angeles,Deep Tech Investor Only Networking Happy Hour,Nob Hill,Unspecified,https://www.tech-week.com/calendar/sf/events/deep-tech-investor-only-networking-happy-hour-9e715f36-4a28-4411-99f8-f37a5c2f84a1,2026-09-24T03:24:10.256338Z
8bcd5a49-e3fe-499c-b741-d701ac0907eb,2026-10-08,17:00,America/Los_Angeles,Deep Tech Nexus,Downtown,Unspecified,https://www.tech-week.com/calendar/sf/events/deep-tech-nexus-8bcd5a49-e3fe-499c-b741-d701ac0907eb,2026-09-24T03:24:10.256338Z
a0595c2d-367a-4bd3-a134-1c7ab8cd7336,2026-10-08,17:00,America/Los_Angeles,Devices x AI - Pitch Night,FiDi,Unspecified,https://www.tech-week.com/calendar/sf/events/devices-x-ai-pitch-night-a0595c2d-367a-4bd3-a134-1c7ab8cd7336,2026-09-24T03:24:10.256338Z
b704e408-bd89-4732-93cb-6f62e2429c4e,2026-10-08,17:00,America/Los_Angeles,Everesteer Hedge Fund Hackathon,Other,Unspecified,https://www.tech-week.com/calendar/sf/events/everesteer-hedge-fund-hackathon-b704e408-bd89-4732-93cb-6f62e2429c4e,2026-09-24T03:24:10.256338Z
3c808fd6-9361-4755-bf01-028912ad35cf,2026-10-08,17:00,America/Los_Angeles,"FinTech Golden Hour hosted by Visa, Fin Capital & JP Morgan",Mission Bay,Unspecified,https://www.tech-week.com/calendar/sf/events/fintech-golden-hour-hosted-by-visa-fin-capital-and-jp-morgan-3c808fd6-9361-4755-bf01-028912ad35cf,2026-09-24T03:24:10.256338Z
1080ead8-a362-428d-8179-da022c032344,2026-10-08,17:00,America/Los_Angeles,Global Founder Showcase: Frontier Capital & Scale,Downtown,Unspecified,https://www.tech-week.com/calendar/sf/events/global-founder-showcase-frontier-capital-and-scale-1080ead8-a362-428d-8179-da022c032344,2026-09-24T03:24:10.256338Z
5f56d6f1-a4c4-4b55-a647-f25d349c27c9,2026-10-08,17:00,America/Los_Angeles,How I Raised $20m+ in a Brutal Market: Fireside Chat,Union Square,Unspecified,https://www.tech-week.com/calendar/sf/events/how-i-raised-20m-in-a-brutal-market-fireside-chat-5f56d6f1-a4c4-4b55-a647-f25d349c27c9,2026-09-24T03:24:10.256338Z
a68f3a0a-4adf-46fa-a9a7-5023394de137,2026-10-08,17:00,America/Los_Angeles,Industry Night - Unlocking mmWave Power at Scale,South Beach,Unspecified,https://www.tech-week.com/calendar/sf/events/industry-night-unlocking-mmwave-power-at-scale-a68f3a0a-4adf-46fa-a9a7-5023394de137,2026-09-24T03:24:10.256338Z
bcc5ef6f-3fd9-44f3-914c-e37d45deffc9,2026-10-08,17:00,America/Los_Angeles,Kingscrowd Startup Showcase: San Francisco,Mission,Unspecified,https://www.tech-week.com/calendar/sf/events/kingscrowd-startup-showcase-san-francisco-bcc5ef6f-3fd9-44f3-914c-e37d45deffc9,2026-09-24T03:24:10.256338Z
4cde2509-52c1-4570-89c4-9a7c5f4e0378,2026-10-08,17:00,America/Los_Angeles,Latvian Startup Showcase,SOMA,Unspecified,https://www.tech-week.com/calendar/sf/events/latvian-startup-showcase-4cde2509-52c1-4570-89c4-9a7c5f4e0378,2026-09-24T03:24:10.256338Z
c1b1e469-5486-40f4-99fe-31301f8de84a,2026-10-08,17:00,America/Los_Angeles,Legendary Ventures,Union Square,Unspecified,https://www.tech-week.com/calendar/sf/events/legendary-ventures-c1b1e469-5486-40f4-99fe-31301f8de84a,2026-09-24T03:24:10.256338Z
c03e8d35-2b91-4cfd-857c-993d810e9364,2026-10-08,17:00,America/Los_Angeles,Love at First Slide with Gamma & Atlassian,FiDi,Unspecified,https://www.tech-week.com/calendar/sf/events/love-at-first-slide-with-gamma-and-atlassian-c03e8d35-2b91-4cfd-857c-993d810e9364,2026-09-24T03:24:10.256338Z
b35a4af7-8384-40ed-b909-b51add1639c2,2026-10-08,17:00,America/Los_Angeles,Luminar Ventures Investor & Angel Networking Evening,SOMA,Unspecified,https://www.tech-week.com/calendar/sf/events/luminar-ventures-investor-and-angel-networking-evening-b35a4af7-8384-40ed-b909-b51add1639c2,2026-09-24T03:24:10.256338Z
76fc882d-d2e8-43ad-8bda-97b1eef45ccf,2026-10-08,17:00,America/Los_Angeles,Next Stop Europe: Transatlantic Tech & AI Exchange - #SF TechWeek,SOMA,Unspecified,https://www.tech-week.com/calendar/sf/events/next-stop-europe-transatlantic-tech-and-ai-exchange-sf-techweek-76fc882d-d2e8-43ad-8bda-97b1eef45ccf,2026-09-24T03:24:10.256338Z
81d1c84c-e743-4bfc-8f4a-4d1bf127d209,2026-10-08,17:00,America/Los_Angeles,Physical AI: Built for Change,Union Square,Unspecified,https://www.tech-week.com/calendar/sf/events/physical-ai-built-for-change-81d1c84c-e743-4bfc-8f4a-4d1bf127d209,2026-09-24T03:24:10.256338Z
fb612116-f255-4111-b3bc-c8aceee62153,2026-10-08,17:00,America/Los_Angeles,Pitch & Drink with P2S.vc 🥤,SOMA,Unspecified,https://www.tech-week.com/calendar/sf/events/pitch-and-drink-with-p2s-vc-fb612116-f255-4111-b3bc-c8aceee62153,2026-09-24T03:24:10.256338Z
853cafe3-2707-443e-8f70-0b71236ae0ac,2026-10-08,17:00,America/Los_Angeles,Robots on the Rocks🍸,Other,Unspecified,https://www.tech-week.com/calendar/sf/events/robots-on-the-rocks-853cafe3-2707-443e-8f70-0b71236ae0ac,2026-09-24T03:24:10.256338Z
a5ce6e76-d66e-4604-8f2f-dd083cab8df1,2026-10-08,17:00,America/Los_Angeles,Scalability Lab at Asana HQ,SOMA,Unspecified,https://www.tech-week.com/calendar/sf/events/scalability-lab-at-asana-hq-a5ce6e76-d66e-4604-8f2f-dd083cab8df1,2026-09-24T03:24:10.256338Z
1dcec8b4-e4bc-4c3d-9f7c-3506bcd5bede,2026-10-08,17:00,America/Los_Angeles,"Scaling without ""Risk"" in play: Compliance + Insurance for Startups",Downtown,Unspecified,https://www.tech-week.com/calendar/sf/events/scaling-without-risk-in-play-compliance-insurance-for-startups-1dcec8b4-e4bc-4c3d-9f7c-3506bcd5bede,2026-09-24T03:24:10.256338Z
ef3000cf-e880-4bcb-a35f-a8f8bef5d41f,2026-10-08,17:00,America/Los_Angeles,SF Tech & Aerospace Happy Hour,FiDi,Unspecified,https://www.tech-week.com/calendar/sf/events/sf-tech-and-aerospace-happy-hour-ef3000cf-e880-4bcb-a35f-a8f8bef5d41f,2026-09-24T03:24:10.256338Z
70f52de1-f1f2-4ce0-9ae6-4f842ac22140,2026-10-08,17:00,America/Los_Angeles,Spotlight on Scotland,FiDi,Unspecified,https://www.tech-week.com/calendar/sf/events/spotlight-on-scotland-70f52de1-f1f2-4ce0-9ae6-4f842ac22140,2026-09-24T03:24:10.256338Z
cafdb1ea-f6d9-443d-aa7d-25325d58833e,2026-10-08,17:00,America/Los_Angeles,Swag Lab: Make It & Take It,FiDi,Unspecified,https://www.tech-week.com/calendar/sf/events/swag-lab-make-it-and-take-it-cafdb1ea-f6d9-443d-aa7d-25325d58833e,2026-09-24T03:24:10.256338Z
073e54c8-21c7-4768-9a82-74d818eacf95,2026-10-08,17:00,America/Los_Angeles,System of Reality: The Next Horizon of Industrial Intelligence,Embarcadero,Unspecified,https://www.tech-week.com/calendar/sf/events/system-of-reality-the-next-horizon-of-industrial-intelligence-073e54c8-21c7-4768-9a82-74d818eacf95,2026-09-24T03:24:10.256338Z
52e18337-9f56-4092-9a0b-733f56da68e3,2026-10-08,17:00,America/Los_Angeles,Tech Meetup @CodeRabbit HQ,Embarcadero,Unspecified,https://www.tech-week.com/calendar/sf/events/tech-meetup-coderabbit-hq-52e18337-9f56-4092-9a0b-733f56da68e3,2026-09-24T03:24:10.256338Z
ed7cfa9c-92fb-4e71-aa79-a692c056461f,2026-10-08,17:00,America/Los_Angeles,The Future of Hormone Health,Dogpatch,Unspecified,https://www.tech-week.com/calendar/sf/events/the-future-of-hormone-health-ed7cfa9c-92fb-4e71-aa79-a692c056461f,2026-09-24T03:24:10.256338Z
a7b0a3f0-b23d-4539-b80c-3404b5cb7263,2026-10-08,17:00,America/Los_Angeles,"The Hidden Cost of Legacy Software: When to Modernize, Migrate or Leave It Alone?",Downtown,Unspecified,https://www.tech-week.com/calendar/sf/events/the-hidden-cost-of-legacy-software-when-to-modernize-migrate-or-leave-it-alone-a7b0a3f0-b23d-4539-b80c-3404b5cb7263,2026-09-24T03:24:10.256338Z
32562153-0fb3-4858-8b46-4aa9e30d9749,2026-10-08,17:00,America/Los_Angeles,The Inside Scoop: Fashion x Tech (Week) Happy Hour,Union Square,Unspecified,https://www.tech-week.com/calendar/sf/events/the-inside-scoop-fashion-x-tech-week-happy-hour-32562153-0fb3-4858-8b46-4aa9e30d9749,2026-09-24T03:24:10.256338Z
67eec0fe-33f5-4c64-8eff-7d6d40ef8251,2026-10-08,17:00,America/Los_Angeles,Treehub x General Catalyst: Pitch Night,Stanford,Unspecified,https://www.tech-week.com/calendar/sf/events/treehub-x-general-catalyst-pitch-night-67eec0fe-33f5-4c64-8eff-7d6d40ef8251,2026-09-24T03:24:10.256338Z
7f1d25e8-d95b-4c6f-952d-9557149f5de9,2026-10-08,17:00,America/Los_Angeles,Users in the Loop—Preparing Agents for Work in the Real World,FiDi,Unspecified,https://www.tech-week.com/calendar/sf/events/users-in-the-loop-preparing-agents-for-work-in-the-real-world-7f1d25e8-d95b-4c6f-952d-9557149f5de9,2026-09-24T03:24:10.256338Z
52a2161f-3ae0-4a66-9a7f-dfeed7097b87,2026-10-08,17:00,America/Los_Angeles,VC x Founder Match,FiDi,Unspecified,https://www.tech-week.com/calendar/sf/events/vc-x-founder-match-52a2161f-3ae0-4a66-9a7f-dfeed7097b87,2026-09-24T03:24:10.256338Z
6a9a5e90-4c6a-4936-82f4-3d724f3966c0,2026-10-08,17:00,America/Los_Angeles,Vibe Coach Hack Night,Hayes Valley,Unspecified,https://www.tech-week.com/calendar/sf/events/vibe-coach-hack-night-6a9a5e90-4c6a-4936-82f4-3d724f3966c0,2026-09-24T03:24:10.256338Z
6efc3e1b-2f60-4e09-a1b8-b48918cc39ea,2026-10-08,17:00,America/Los_Angeles,"Vibe Code your first MVP: What to Build, What to Skip",Virtual,Unspecified,https://www.tech-week.com/calendar/sf/events/vibe-code-your-first-mvp-what-to-build-what-to-skip-6efc3e1b-2f60-4e09-a1b8-b48918cc39ea,2026-09-24T03:24:10.256338Z
756c6377-4781-4d43-8ebf-fc57036e99af,2026-10-08,17:00,America/Los_Angeles,Vibe Night - Come Cook with Us at OBC,,Unspecified,https://www.tech-week.com/calendar/sf/events/vibe-night-come-cook-with-us-at-obc-756c6377-4781-4d43-8ebf-fc57036e99af,2026-09-24T03:24:10.256338Z
c04ebe9e-a7b6-41ee-85cd-855ae9332a59,2026-10-08,17:00,America/Los_Angeles,Voice AI Technical Debates,Alamo Square,Unspecified,https://www.tech-week.com/calendar/sf/events/voice-ai-technical-debates-c04ebe9e-a7b6-41ee-85cd-855ae9332a59,2026-09-24T03:24:10.256338Z
6485ba6e-b2c5-43bd-b776-816d23b7961c,2026-10-08,17:00,America/Los_Angeles,What does neuroscience teach about AI?,SOMA,Unspecified,https://www.tech-week.com/calendar/sf/events/what-does-neuroscience-teach-about-ai-6485ba6e-b2c5-43bd-b776-816d23b7961c,2026-09-24T03:24:10.256338Z
3ac7b5af-ca87-49da-830f-09bbe76bfdd7,2026-10-08,17:00,America/Los_Angeles,YC Bench Hackathon - Agentic Venture Capital,Union Square,Unspecified,https://www.tech-week.com/calendar/sf/events/yc-bench-hackathon-agentic-venture-capital-3ac7b5af-ca87-49da-830f-09bbe76bfdd7,2026-09-24T03:24:10.256338Z
fb0cd814-59ee-4047-ba2f-076e6d5fb297,2026-10-08,17:00,America/Los_Angeles,🧠 Agent Memory Night: Technical Deep Dives + RAFFLE!,FiDi,Unspecified,https://www.tech-week.com/calendar/sf/events/agent-memory-night-technical-deep-dives-raffle-fb0cd814-59ee-4047-ba2f-076e6d5fb297,2026-09-24T03:24:10.256338Z
6ddf646e-7cef-4d27-abdb-abe0a1e2063f,2026-10-08,17:30,America/Los_Angeles,After Hours: Building in the Age of AI,Downtown,Unspecified,https://www.tech-week.com/calendar/sf/events/after-hours-building-in-the-age-of-ai-6ddf646e-7cef-4d27-abdb-abe0a1e2063f,2026-09-24T03:24:10.256338Z
d92d7934-5079-4b60-92b4-ecaf20e04da4,2026-10-08,17:30,America/Los_Angeles,AI in FinCrime Mixer hosted by Unit21 & FS Vector,FiDi,Unspecified,https://www.tech-week.com/calendar/sf/events/ai-in-fincrime-mixer-hosted-by-unit21-and-fs-vector-d92d7934-5079-4b60-92b4-ecaf20e04da4,2026-09-24T03:24:10.256338Z
8be0c93b-c667-4c13-8046-0df8854eb59d,2026-10-08,17:30,America/Los_Angeles,AI Won't Save a Broken Team,Downtown,Unspecified,https://www.tech-week.com/calendar/sf/events/ai-won-t-save-a-broken-team-8be0c93b-c667-4c13-8046-0df8854eb59d,2026-09-24T03:24:10.256338Z
95965fa7-9e2b-4401-ab26-ccb383674554,2026-10-08,17:30,America/Los_Angeles,BioPioneers x VCVillage,Downtown,Unspecified,https://www.tech-week.com/calendar/sf/events/biopioneers-x-vcvillage-95965fa7-9e2b-4401-ab26-ccb383674554,2026-09-24T03:24:10.256338Z
33bf6790-2dc1-441f-a94a-d75d4445f235,2026-10-08,17:30,America/Los_Angeles,Build & Deploy Customer-Facing Agents in Production,Downtown,Unspecified,https://www.tech-week.com/calendar/sf/events/build-and-deploy-customer-facing-agents-in-production-33bf6790-2dc1-441f-a94a-d75d4445f235,2026-09-24T03:24:10.256338Z
cab0bfb6-4457-4f5a-8696-b54bf7ba406b,2026-10-08,17:30,America/Los_Angeles,Building a $7B Unicorn: Deepika of Commure and Investor Varsha,Downtown,Unspecified,https://www.tech-week.com/calendar/sf/events/building-a-7b-unicorn-deepika-of-commure-and-investor-varsha-cab0bfb6-4457-4f5a-8696-b54bf7ba406b,2026-09-24T03:24:10.256338Z
12258871-018d-4101-a886-983b8b756ede,2026-10-08,17:30,America/Los_Angeles,Building and Scaling High Growth Companies,Embarcadero,Unspecified,https://www.tech-week.com/calendar/sf/events/building-and-scaling-high-growth-companies-12258871-018d-4101-a886-983b8b756ede,2026-09-24T03:24:10.256338Z
b675ec02-e079-473e-b09a-49d70ae84e1e,2026-10-08,17:30,America/Los_Angeles,Caring for the Mental Health of Your Team and Yourself,SOMA,Unspecified,https://www.tech-week.com/calendar/sf/events/caring-for-the-mental-health-of-your-team-and-yourself-b675ec02-e079-473e-b09a-49d70ae84e1e,2026-09-24T03:24:10.256338Z
b19c599a-4bf2-42ac-8193-ddf65cfda772,2026-10-08,17:30,America/Los_Angeles,Consumer Tech Night/HAPPY HOUR (Free Food + Drinks),Downtown,Unspecified,https://www.tech-week.com/calendar/sf/events/consumer-tech-night-happy-hour-free-food-drinks-b19c599a-4bf2-42ac-8193-ddf65cfda772,2026-09-24T03:24:10.256338Z
6362745d-c66c-4b5c-8c93-261421dd4c9f,2026-10-08,17:30,America/Los_Angeles,Deployment Is the Moat: the robotics post-training gold rush,Mission,Unspecified,https://www.tech-week.com/calendar/sf/events/deployment-is-the-moat-the-robotics-post-training-gold-rush-6362745d-c66c-4b5c-8c93-261421dd4c9f,2026-09-24T03:24:10.256338Z
a38efac2-7115-4b0f-ac18-040e50a74d33,2026-10-08,17:30,America/Los_Angeles,Fintech Tool Bag,FiDi,Unspecified,https://www.tech-week.com/calendar/sf/events/fintech-tool-bag-a38efac2-7115-4b0f-ac18-040e50a74d33,2026-09-24T03:24:10.256338Z
06478c6f-9add-429e-b3b8-49942a9a9de5,2026-10-08,17:30,America/Los_Angeles,From Model to Market: Healthcare AI Happy Hour,Jackson Square,Unspecified,https://www.tech-week.com/calendar/sf/events/from-model-to-market-healthcare-ai-happy-hour-06478c6f-9add-429e-b3b8-49942a9a9de5,2026-09-24T03:24:10.256338Z
2b8490dc-43fa-4b32-b658-1dc0ce46d68f,2026-10-08,17:30,America/Los_Angeles,GTM Unlocked: Marketing in the AI Era,Mission Bay,Unspecified,https://www.tech-week.com/calendar/sf/events/gtm-unlocked-marketing-in-the-ai-era-2b8490dc-43fa-4b32-b658-1dc0ce46d68f,2026-09-24T03:24:10.256338Z
5f19b6c0-1367-4c11-a9ba-e4ca982a54d2,2026-10-08,17:30,America/Los_Angeles,Healthtech for Students,Hayes Valley,Unspecified,https://www.tech-week.com/calendar/sf/events/healthtech-for-students-5f19b6c0-1367-4c11-a9ba-e4ca982a54d2,2026-09-24T03:24:10.256338Z
2eb9a48b-499f-4d6f-ad2d-565a7a9de39c,2026-10-08,17:30,America/Los_Angeles,"Make it, Market it: A New Launch Playbook for Physical Products",Potrero Hill,Unspecified,https://www.tech-week.com/calendar/sf/events/make-it-market-it-a-new-launch-playbook-for-physical-products-2eb9a48b-499f-4d6f-ad2d-565a7a9de39c,2026-09-24T03:24:10.256338Z
8accf9b3-62f0-4ffe-a375-55d19a8dc9f9,2026-10-08,17:30,America/Los_Angeles,Music Ate AI’s Homework,Downtown,Unspecified,https://www.tech-week.com/calendar/sf/events/music-ate-ai-s-homework-8accf9b3-62f0-4ffe-a375-55d19a8dc9f9,2026-09-24T03:24:10.256338Z
409f6b0f-c73f-45db-a160-be055344e45f,2026-10-08,17:30,America/Los_Angeles,Open Circuit: The Founders Exhibit,Other,Unspecified,https://www.tech-week.com/calendar/sf/events/open-circuit-the-founders-exhibit-409f6b0f-c73f-45db-a160-be055344e45f,2026-09-24T03:24:10.256338Z
31ef5d24-680b-480a-b040-01cb25deec89,2026-10-08,17:30,America/Los_Angeles,Physical AI for the Built Environment,FiDi,Unspecified,https://www.tech-week.com/calendar/sf/events/physical-ai-for-the-built-environment-31ef5d24-680b-480a-b040-01cb25deec89,2026-09-24T03:24:10.256338Z
08e014cc-1029-4215-b4ca-effaf017df2b,2026-10-08,17:30,America/Los_Angeles,Physical AI VC <> Founders Pitch Night @Mission Robotics,Palo Alto,Unspecified,https://www.tech-week.com/calendar/sf/events/physical-ai-vc-founders-pitch-night-mission-robotics-08e014cc-1029-4215-b4ca-effaf017df2b,2026-09-24T03:24:10.256338Z
5610f3c2-b522-4f21-96fa-f8654ff014c0,2026-10-08,17:30,America/Los_Angeles,Post-SaaS: The New Era of Agentic Software,Mission,Unspecified,https://www.tech-week.com/calendar/sf/events/post-saas-the-new-era-of-agentic-software-5610f3c2-b522-4f21-96fa-f8654ff014c0,2026-09-24T03:24:10.256338Z
fc549512-ad98-4f02-8abf-fb4f30d5f65a,2026-10-08,17:30,America/Los_Angeles,Rooftop Refresh -drinks and bites 🥂🌅,SOMA,Unspecified,https://www.tech-week.com/calendar/sf/events/rooftop-refresh-drinks-and-bites-fc549512-ad98-4f02-8abf-fb4f30d5f65a,2026-09-24T03:24:10.256338Z
03559126-1bf7-4823-b4e7-c0f65e61fb6b,2026-10-08,17:30,America/Los_Angeles,Scaling Biotech Without Breaking the Science,Fisherman's Wharf,Unspecified,https://www.tech-week.com/calendar/sf/events/scaling-biotech-without-breaking-the-science-03559126-1bf7-4823-b4e7-c0f65e61fb6b,2026-09-24T03:24:10.256338Z
ffce7e5c-49a8-417f-bfdc-7a7ad06da8fd,2026-10-08,17:30,America/Los_Angeles,SkyPilot AI Infra Meetup with H Company,SOMA,Unspecified,https://www.tech-week.com/calendar/sf/events/skypilot-ai-infra-meetup-with-h-company-ffce7e5c-49a8-417f-bfdc-7a7ad06da8fd,2026-09-24T03:24:10.256338Z
f842d35b-b9d9-4db5-b719-9de1c016e545,2026-10-08,17:30,America/Los_Angeles,"tech is politics, politics is tech with Sway",Jackson Square,Unspecified,https://www.tech-week.com/calendar/sf/events/tech-is-politics-politics-is-tech-with-sway-f842d35b-b9d9-4db5-b719-9de1c016e545,2026-09-24T03:24:10.256338Z
a3379793-d935-4f4c-a3e5-3b16e5d35251,2026-10-08,17:30,America/Los_Angeles,"Twilight by Ampersand, Sentient Foundation and Rootly AI",Union Square,Unspecified,https://www.tech-week.com/calendar/sf/events/twilight-by-ampersand-sentient-foundation-and-rootly-ai-a3379793-d935-4f4c-a3e5-3b16e5d35251,2026-09-24T03:24:10.256338Z
4856389f-4e62-4a67-b135-f2b106a49ceb,2026-10-08,17:30,America/Los_Angeles,Voice Research Club,Downtown,Unspecified,https://www.tech-week.com/calendar/sf/events/voice-research-club-4856389f-4e62-4a67-b135-f2b106a49ceb,2026-09-24T03:24:10.256338Z
abb052a2-4f45-4292-bffd-c93fa2756e9c,2026-10-08,17:30,America/Los_Angeles,What’s Actually Working in EdTech: K–12 to Higher Education - Panel + Networking evening!,Downtown,Unspecified,https://www.tech-week.com/calendar/sf/events/what-s-actually-working-in-edtech-k-12-to-higher-education-panel-networking-even-abb052a2-4f45-4292-bffd-c93fa2756e9c,2026-09-24T03:24:10.256338Z
ec177d34-db07-462e-baa3-53d12e5c6baf,2026-10-08,17:30,America/Los_Angeles,“State of Venture Deals”,SOMA,Unspecified,https://www.tech-week.com/calendar/sf/events/state-of-venture-deals-ec177d34-db07-462e-baa3-53d12e5c6baf,2026-09-24T03:24:10.256338Z
5de175e0-a7e5-4103-a691-0c563a196d12,2026-10-08,17:45,America/Los_Angeles,🤖 At the Frontier of Embodied Intelligence,East Bay,Unspecified,https://www.tech-week.com/calendar/sf/events/at-the-frontier-of-embodied-intelligence-5de175e0-a7e5-4103-a691-0c563a196d12,2026-09-24T03:24:10.256338Z
c030adbf-46e8-489a-818d-303af63bd1a6,2026-10-08,18:00,America/Los_Angeles,"""New Money"" — Fintech Founders & Investors Mixer",Downtown,Unspecified,https://www.tech-week.com/calendar/sf/events/new-money-fintech-founders-and-investors-mixer-c030adbf-46e8-489a-818d-303af63bd1a6,2026-09-24T03:24:10.256338Z
b9e98dfc-ac2f-4715-95ec-01193416c413,2026-10-08,18:00,America/Los_Angeles,500 Global Investor Sushi Night: Japan,SOMA,Unspecified,https://www.tech-week.com/calendar/sf/events/500-global-investor-sushi-night-japan-b9e98dfc-ac2f-4715-95ec-01193416c413,2026-09-24T03:24:10.256338Z
5561cb16-210b-4553-bf82-eb12a77d4584,2026-10-08,18:00,America/Los_Angeles,Aerospace & Dual-Use Mixer,Other,Unspecified,https://www.tech-week.com/calendar/sf/events/aerospace-and-dual-use-mixer-5561cb16-210b-4553-bf82-eb12a77d4584,2026-09-24T03:24:10.256338Z
95b18498-a104-444b-be03-07f543163a9d,2026-10-08,18:00,America/Los_Angeles,AI Executive Dinner,Union Square,Unspecified,https://www.tech-week.com/calendar/sf/events/ai-executive-dinner-95b18498-a104-444b-be03-07f543163a9d,2026-09-24T03:24:10.256338Z
6af2450b-d398-4c13-bd54-ce3dfb120630,2026-10-08,18:00,America/Los_Angeles,AI Security Builders & Operators Dinner,Downtown,Unspecified,https://www.tech-week.com/calendar/sf/events/ai-security-builders-and-operators-dinner-6af2450b-d398-4c13-bd54-ce3dfb120630,2026-09-24T03:24:10.256338Z
df2ae945-452c-4a68-b324-374fc3cc4bf3,2026-10-08,18:00,America/Los_Angeles,AI Strikes Oil II: World Models Go Downhole,Jackson Square,Unspecified,https://www.tech-week.com/calendar/sf/events/ai-strikes-oil-ii-world-models-go-downhole-df2ae945-452c-4a68-b324-374fc3cc4bf3,2026-09-24T03:24:10.256338Z
b52854dd-4c77-4c41-85d6-c1908fe199d7,2026-10-08,18:00,America/Los_Angeles,AI Tokenomics: The Production AI Economics Roundtable,Downtown,Unspecified,https://www.tech-week.com/calendar/sf/events/ai-tokenomics-the-production-ai-economics-roundtable-b52854dd-4c77-4c41-85d6-c1908fe199d7,2026-09-24T03:24:10.256338Z
6572e520-931c-400a-af4c-5ffdedd01f07,2026-10-08,18:00,America/Los_Angeles,AI x Government,SOMA,Unspecified,https://www.tech-week.com/calendar/sf/events/ai-x-government-6572e520-931c-400a-af4c-5ffdedd01f07,2026-09-24T03:24:10.256338Z
f54d763d-dc22-41d1-b879-739d0ccca1e6,2026-10-08,18:00,America/Los_Angeles,"AI/ML for Drug Discovery Social, Hosted by D. E. Shaw Research",Embarcadero,Unspecified,https://www.tech-week.com/calendar/sf/events/ai-ml-for-drug-discovery-social-hosted-by-d-e-shaw-research-f54d763d-dc22-41d1-b879-739d0ccca1e6,2026-09-24T03:24:10.256338Z
a4b230ae-c69d-4a31-ac2d-36148ebc0f2f,2026-10-08,18:00,America/Los_Angeles,"Analog Extravaganza w/ Fin, Vanta, Fireworks, Linear, Dust",FiDi,Unspecified,https://www.tech-week.com/calendar/sf/events/analog-extravaganza-w-fin-vanta-fireworks-linear-dust-a4b230ae-c69d-4a31-ac2d-36148ebc0f2f,2026-09-24T03:24:10.256338Z
0d907dc8-b081-4311-ab83-db4851a5f3a2,2026-10-08,18:00,America/Los_Angeles,ArtTech Playground,SOMA,Unspecified,https://www.tech-week.com/calendar/sf/events/arttech-playground-0d907dc8-b081-4311-ab83-db4851a5f3a2,2026-09-24T03:24:10.256338Z
07995aa0-d0be-4e3f-b2fc-b3204b7cfe32,2026-10-08,18:00,America/Los_Angeles,Bay Area Alumni Present: The Impact of AI Beyond Tech,SOMA,Unspecified,https://www.tech-week.com/calendar/sf/events/bay-area-alumni-present-the-impact-of-ai-beyond-tech-07995aa0-d0be-4e3f-b2fc-b3204b7cfe32,2026-09-24T03:24:10.256338Z
0989d004-be12-479d-9bed-586bec0dfa60,2026-10-08,18:00,America/Los_Angeles,Bay Area Schools and District Leaders Dinner,FiDi,Unspecified,https://www.tech-week.com/calendar/sf/events/bay-area-schools-and-district-leaders-dinner-0989d004-be12-479d-9bed-586bec0dfa60,2026-09-24T03:24:10.256338Z
3da24f3a-a8a3-4699-8895-b81e6f772056,2026-10-08,18:00,America/Los_Angeles,Beyond the Lab: CMU Deep Tech Founders,FiDi,Unspecified,https://www.tech-week.com/calendar/sf/events/beyond-the-lab-cmu-deep-tech-founders-3da24f3a-a8a3-4699-8895-b81e6f772056,2026-09-24T03:24:10.256338Z
78cee80d-0533-44c1-a7d8-2202f36e29f0,2026-10-08,18:00,America/Los_Angeles,"Boba & Build Night: Infra, ML, and App Dev in the Observability Age",Downtown,Unspecified,https://www.tech-week.com/calendar/sf/events/boba-and-build-night-infra-ml-and-app-dev-in-the-observability-age-78cee80d-0533-44c1-a7d8-2202f36e29f0,2026-09-24T03:24:10.256338Z
cbe8e92e-25f4-4df8-a9d3-8dc26d1d9c2e,2026-10-08,18:00,America/Los_Angeles,"Build an AI workflow editor, natively in Angular",Downtown,Unspecified,https://www.tech-week.com/calendar/sf/events/build-an-ai-workflow-editor-natively-in-angular-cbe8e92e-25f4-4df8-a9d3-8dc26d1d9c2e,2026-09-24T03:24:10.256338Z
98f3fb9b-ad3a-49c4-b13b-642dcc7d1423,2026-10-08,18:00,America/Los_Angeles,Building with Context: Enterprise AI Workflows,SOMA,Unspecified,https://www.tech-week.com/calendar/sf/events/building-with-context-enterprise-ai-workflows-98f3fb9b-ad3a-49c4-b13b-642dcc7d1423,2026-09-24T03:24:10.256338Z
c2705e58-ce67-4bce-a226-fa5db38ad882,2026-10-08,18:00,America/Los_Angeles,Charting the Future of Talent,Embarcadero,Unspecified,https://www.tech-week.com/calendar/sf/events/charting-the-future-of-talent-c2705e58-ce67-4bce-a226-fa5db38ad882,2026-09-24T03:24:10.256338Z
7f6a896c-2f6b-49fe-bc6a-7e9485e1c13c,2026-10-08,18:00,America/Los_Angeles,Chill With Other Creatives 2,SOMA,Unspecified,https://www.tech-week.com/calendar/sf/events/chill-with-other-creatives-2-7f6a896c-2f6b-49fe-bc6a-7e9485e1c13c,2026-09-24T03:24:10.256338Z
3912a566-f0c3-42ed-89c3-c3685718c9b5,2026-10-08,18:00,America/Los_Angeles,Data Partnerships Happy Hour,FiDi,Unspecified,https://www.tech-week.com/calendar/sf/events/data-partnerships-happy-hour-3912a566-f0c3-42ed-89c3-c3685718c9b5,2026-09-24T03:24:10.256338Z
77be31b8-e45f-469c-b28a-fadc46b300dc,2026-10-08,18:00,America/Los_Angeles,Days of the Machines,SOMA,Unspecified,https://www.tech-week.com/calendar/sf/events/days-of-the-machines-77be31b8-e45f-469c-b28a-fadc46b300dc,2026-09-24T03:24:10.256338Z
9b4cfd49-63f4-4b9c-8726-059dd766f9e2,2026-10-08,18:00,America/Los_Angeles,Deel After Dark - Gala,SOMA,Unspecified,https://www.tech-week.com/calendar/sf/events/deel-after-dark-gala-9b4cfd49-63f4-4b9c-8726-059dd766f9e2,2026-09-24T03:24:10.256338Z
33678fbc-dcfc-4019-94a2-0a53f521823c,2026-10-08,18:00,America/Los_Angeles,depthfirst Poker Night,FiDi,Unspecified,https://www.tech-week.com/calendar/sf/events/depthfirst-poker-night-33678fbc-dcfc-4019-94a2-0a53f521823c,2026-09-24T03:24:10.256338Z
515ce46a-6a8e-46b8-b146-2af346380bca,2026-10-08,18:00,America/Los_Angeles,Developers After Dark,Embarcadero,Unspecified,https://www.tech-week.com/calendar/sf/events/developers-after-dark-515ce46a-6a8e-46b8-b146-2af346380bca,2026-09-24T03:24:10.256338Z
813980c2-dbd5-4cf2-8f77-1c18897d6347,2026-10-08,18:00,America/Los_Angeles,DIY Cyberdeck Workshop,Mission,Unspecified,https://www.tech-week.com/calendar/sf/events/diy-cyberdeck-workshop-813980c2-dbd5-4cf2-8f77-1c18897d6347,2026-09-24T03:24:10.256338Z
65285e58-85bd-45af-b021-d567c8f05fd4,2026-10-08,18:00,America/Los_Angeles,"Finance Leaders Dinner w/ Vayu, Taxwire, and Veroa",FiDi,Unspecified,https://www.tech-week.com/calendar/sf/events/finance-leaders-dinner-w-vayu-taxwire-and-veroa-65285e58-85bd-45af-b021-d567c8f05fd4,2026-09-24T03:24:10.256338Z
3b8fb49a-7cfb-40cc-ac33-81815c23f483,2026-10-08,18:00,America/Los_Angeles,Find Your Co-Founder: Tech x Business Shuffle,Downtown,Unspecified,https://www.tech-week.com/calendar/sf/events/find-your-co-founder-tech-x-business-shuffle-3b8fb49a-7cfb-40cc-ac33-81815c23f483,2026-09-24T03:24:10.256338Z
0fac7bea-9366-4ab2-b145-769b86e131d1,2026-10-08,18:00,America/Los_Angeles,Fireside: From Idea to Production — Building with Voice AI,Potrero Hill,Unspecified,https://www.tech-week.com/calendar/sf/events/fireside-from-idea-to-production-building-with-voice-ai-0fac7bea-9366-4ab2-b145-769b86e131d1,2026-09-24T03:24:10.256338Z
0238a79e-1905-43c8-8405-f037155223dd,2026-10-08,18:00,America/Los_Angeles,Flex VC Dinner,Downtown,Unspecified,https://www.tech-week.com/calendar/sf/events/flex-vc-dinner-0238a79e-1905-43c8-8405-f037155223dd,2026-09-24T03:24:10.256338Z
75a12daa-877a-484c-9474-7f175fd8847f,2026-10-08,18:00,America/Los_Angeles,Fly Your Agent to The Moon,SOMA,Unspecified,https://www.tech-week.com/calendar/sf/events/fly-your-agent-to-the-moon-75a12daa-877a-484c-9474-7f175fd8847f,2026-09-24T03:24:10.256338Z
adeb916f-3450-48ab-a57b-13df5e0c0f1c,2026-10-08,18:00,America/Los_Angeles,Focus on Demand - Train Your Brain with Neurotech & VR,Jackson Square,Unspecified,https://www.tech-week.com/calendar/sf/events/focus-on-demand-train-your-brain-with-neurotech-and-vr-adeb916f-3450-48ab-a57b-13df5e0c0f1c,2026-09-24T03:24:10.256338Z
e5bcb291-db57-42b2-b731-25798c569b51,2026-10-08,18:00,America/Los_Angeles,Founder & Investor Padel Night,Dogpatch,Unspecified,https://www.tech-week.com/calendar/sf/events/founder-and-investor-padel-night-e5bcb291-db57-42b2-b731-25798c569b51,2026-09-24T03:24:10.256338Z
817338a3-77b7-4629-95e6-c083f19089b7,2026-10-08,18:00,America/Los_Angeles,"Founder, Investor Swim",Presidio Heights,Unspecified,https://www.tech-week.com/calendar/sf/events/founder-investor-swim-817338a3-77b7-4629-95e6-c083f19089b7,2026-09-24T03:24:10.256338Z
fe387a9a-bc0f-4790-b496-456e25e165d4,2026-10-08,18:00,America/Los_Angeles,Founders and Funders Rooftop Party,Embarcadero,Unspecified,https://www.tech-week.com/calendar/sf/events/founders-and-funders-rooftop-party-fe387a9a-bc0f-4790-b496-456e25e165d4,2026-09-24T03:24:10.256338Z
d666fa18-06a4-4824-af10-ef4b99f2bba2,2026-10-08,18:00,America/Los_Angeles,Founders who are Pilots Dinner,Potrero Hill,Unspecified,https://www.tech-week.com/calendar/sf/events/founders-who-are-pilots-dinner-d666fa18-06a4-4824-af10-ef4b99f2bba2,2026-09-24T03:24:10.256338Z
eceace47-c59a-47c5-82b3-0ed22660fe4f,2026-10-08,18:00,America/Los_Angeles,Frequency by Bolt: A Tech Festival (ft. Chantel Jeffries),Russian Hill,Unspecified,https://www.tech-week.com/calendar/sf/events/frequency-by-bolt-a-tech-festival-ft-chantel-jeffries-eceace47-c59a-47c5-82b3-0ed22660fe4f,2026-09-24T03:24:10.256338Z
1783552f-6f3a-4d16-8f55-f1168c579176,2026-10-08,18:00,America/Los_Angeles,Funders & Founders Mixer,Marina,Unspecified,https://www.tech-week.com/calendar/sf/events/funders-and-founders-mixer-1783552f-6f3a-4d16-8f55-f1168c579176,2026-09-24T03:24:10.256338Z
38e3cf76-7494-4a4e-97d4-023834456c5e,2026-10-08,18:00,America/Los_Angeles,Future of Museums,Telegraph Hill,Unspecified,https://www.tech-week.com/calendar/sf/events/future-of-museums-38e3cf76-7494-4a4e-97d4-023834456c5e,2026-09-24T03:24:10.256338Z
b3b8da49-6c98-4f0a-9dbd-0fa2e68634a2,2026-10-08,18:00,America/Los_Angeles,Hard Tech Happy Hour: Commanding the Physical World,FiDi,Unspecified,https://www.tech-week.com/calendar/sf/events/hard-tech-happy-hour-commanding-the-physical-world-b3b8da49-6c98-4f0a-9dbd-0fa2e68634a2,2026-09-24T03:24:10.256338Z
aeea5082-d25d-4d4a-9749-9c05d9a756f6,2026-10-08,18:00,America/Los_Angeles,How to Hire Your First CX Engineer,Mission,Unspecified,https://www.tech-week.com/calendar/sf/events/how-to-hire-your-first-cx-engineer-aeea5082-d25d-4d4a-9749-9c05d9a756f6,2026-09-24T03:24:10.256338Z
6746cc61-3b97-47ae-b55a-cc2697b2eb0d,2026-10-08,18:00,America/Los_Angeles,HR Leaders Keys to the City by Nestment,Chinatown,Unspecified,https://www.tech-week.com/calendar/sf/events/hr-leaders-keys-to-the-city-by-nestment-6746cc61-3b97-47ae-b55a-cc2697b2eb0d,2026-09-24T03:24:10.256338Z
c05ec75a-b9f8-458f-8e04-5db621b0b512,2026-10-08,18:00,America/Los_Angeles,Human Interest - Deel executive dinner,North Beach,Unspecified,https://www.tech-week.com/calendar/sf/events/human-interest-deel-executive-dinner-c05ec75a-b9f8-458f-8e04-5db621b0b512,2026-09-24T03:24:10.256338Z
c87947c0-02ad-43d1-b937-82a899393a15,2026-10-08,18:00,America/Los_Angeles,IB Pitch & Pints Afterparty,SOMA,Unspecified,https://www.tech-week.com/calendar/sf/events/ib-pitch-and-pints-afterparty-c87947c0-02ad-43d1-b937-82a899393a15,2026-09-24T03:24:10.256338Z
e84f134d-4202-48a8-aa96-ae58edd54e9f,2026-10-08,18:00,America/Los_Angeles,Immigrant Builders: Panel + Networking @ Orion VC,SOMA,Unspecified,https://www.tech-week.com/calendar/sf/events/immigrant-builders-panel-networking-orion-vc-e84f134d-4202-48a8-aa96-ae58edd54e9f,2026-09-24T03:24:10.256338Z
562138c0-6556-4e89-8660-d837d6410255,2026-10-08,18:00,America/Los_Angeles,Inkle x Razorpay: Founders Mixer,Downtown,Unspecified,https://www.tech-week.com/calendar/sf/events/inkle-x-razorpay-founders-mixer-562138c0-6556-4e89-8660-d837d6410255,2026-09-24T03:24:10.256338Z
f885f489-b957-4ae5-b242-788438c01eb2,2026-10-08,18:00,America/Los_Angeles,International Founder Dinner,North Beach,Unspecified,https://www.tech-week.com/calendar/sf/events/international-founder-dinner-f885f489-b957-4ae5-b242-788438c01eb2,2026-09-24T03:24:10.256338Z
f5bb131d-12d1-4ecd-ac11-0a427e290d76,2026-10-08,18:00,America/Los_Angeles,Kinter.ai Launch Party,SOMA,Unspecified,https://www.tech-week.com/calendar/sf/events/kinter-ai-launch-party-f5bb131d-12d1-4ecd-ac11-0a427e290d76,2026-09-24T03:24:10.256338Z
7bd8b8cd-ccc8-4ec8-bc10-19a46b7d65fc,2026-10-08,18:00,America/Los_Angeles,Latino Tech Mixer,SOMA,Unspecified,https://www.tech-week.com/calendar/sf/events/latino-tech-mixer-7bd8b8cd-ccc8-4ec8-bc10-19a46b7d65fc,2026-09-24T03:24:10.256338Z
b88341fb-1054-4c98-a59d-d93101fbc951,2026-10-08,18:00,America/Los_Angeles,Matcha & Mahjong with Lightyear 🍵🀄,Chinatown,Unspecified,https://www.tech-week.com/calendar/sf/events/matcha-and-mahjong-with-lightyear-b88341fb-1054-4c98-a59d-d93101fbc951,2026-09-24T03:24:10.256338Z
8d5198fa-6228-49ed-91e6-2ace03e85158,2026-10-08,18:00,America/Los_Angeles,Mecone Private Dinner,Nob Hill,Unspecified,https://www.tech-week.com/calendar/sf/events/mecone-private-dinner-8d5198fa-6228-49ed-91e6-2ace03e85158,2026-09-24T03:24:10.256338Z
1f3b8829-0ab7-4675-8f89-0e2cfdd7b6aa,2026-10-08,18:00,America/Los_Angeles,Mission Bit's 10th Annual Gala Fundraiser: Access Granted,Dogpatch,Unspecified,https://www.tech-week.com/calendar/sf/events/mission-bit-s-10th-annual-gala-fundraiser-access-granted-1f3b8829-0ab7-4675-8f89-0e2cfdd7b6aa,2026-09-24T03:24:10.256338Z
9383cc20-9aeb-4e71-b58b-688e559dba3c,2026-10-08,18:00,America/Los_Angeles,Open Lakehouse & AI Meetup - #SF TechWeek,Palo Alto,Unspecified,https://www.tech-week.com/calendar/sf/events/open-lakehouse-and-ai-meetup-sf-techweek-9383cc20-9aeb-4e71-b58b-688e559dba3c,2026-09-24T03:24:10.256338Z
9d5c445c-7873-48c6-b827-fe78f59ccfad,2026-10-08,18:00,America/Los_Angeles,Pitch Roast Live,Mission,Unspecified,https://www.tech-week.com/calendar/sf/events/pitch-roast-live-9d5c445c-7873-48c6-b827-fe78f59ccfad,2026-09-24T03:24:10.256338Z
07d222f4-3767-435d-ab9a-92066503f3c3,2026-10-08,18:00,America/Los_Angeles,Pizza & Marketing Night: Let's Talk About Growth,Palo Alto,Unspecified,https://www.tech-week.com/calendar/sf/events/pizza-and-marketing-night-let-s-talk-about-growth-07d222f4-3767-435d-ab9a-92066503f3c3,2026-09-24T03:24:10.256338Z
bef57253-387d-42e8-a922-bb4b7150ab94,2026-10-08,18:00,America/Los_Angeles,Play it Forward - AI x Games x Education,Other,Unspecified,https://www.tech-week.com/calendar/sf/events/play-it-forward-ai-x-games-x-education-bef57253-387d-42e8-a922-bb4b7150ab94,2026-09-24T03:24:10.256338Z
87608b47-c794-42c5-819c-b98750ce3ba2,2026-10-08,18:00,America/Los_Angeles,Poker Night for Founders & Finance Leaders,Castro,Unspecified,https://www.tech-week.com/calendar/sf/events/poker-night-for-founders-and-finance-leaders-87608b47-c794-42c5-819c-b98750ce3ba2,2026-09-24T03:24:10.256338Z
fbed1d9f-357e-400e-84a3-5f3c7ed68992,2026-10-08,18:00,America/Los_Angeles,Polish SV Pitch Event and Networking,San Mateo,Unspecified,https://www.tech-week.com/calendar/sf/events/polish-sv-pitch-event-and-networking-fbed1d9f-357e-400e-84a3-5f3c7ed68992,2026-09-24T03:24:10.256338Z
e4316a0e-c262-481f-b889-97e486ebe2eb,2026-10-08,18:00,America/Los_Angeles,"Private Gallery Evening: Founders, Investors, and Researchers",FiDi,Unspecified,https://www.tech-week.com/calendar/sf/events/private-gallery-evening-founders-investors-and-researchers-e4316a0e-c262-481f-b889-97e486ebe2eb,2026-09-24T03:24:10.256338Z
01549725-6396-4518-b31e-c10ad5bb2cab,2026-10-08,18:00,America/Los_Angeles,Reception Presented by Cedar Capital & J.P. Morgan,SOMA,Unspecified,https://www.tech-week.com/calendar/sf/events/reception-presented-by-cedar-capital-and-j-p-morgan-01549725-6396-4518-b31e-c10ad5bb2cab,2026-09-24T03:24:10.256338Z
131971dc-fee5-468c-a25f-e02447486c2a,2026-10-08,18:00,America/Los_Angeles,"Reset at the Sauna Garden with Forerunner Ventures, Rho, and Verci",Lower Nob Hill,Unspecified,https://www.tech-week.com/calendar/sf/events/reset-at-the-sauna-garden-with-forerunner-ventures-rho-and-verci-131971dc-fee5-468c-a25f-e02447486c2a,2026-09-24T03:24:10.256338Z
5d10297e-64f9-4e0a-9658-4ad4fb66a6e0,2026-10-08,18:00,America/Los_Angeles,"Roadrunner Game Night: Tacos, Poker & More",FiDi,Unspecified,https://www.tech-week.com/calendar/sf/events/roadrunner-game-night-tacos-poker-and-more-5d10297e-64f9-4e0a-9658-4ad4fb66a6e0,2026-09-24T03:24:10.256338Z
4481bef5-5334-420b-82c0-9f8f4dc4fcae,2026-10-08,18:00,America/Los_Angeles,"SF Tech Week 2026, Sip, Sign & Scale: The VPB Experience",Other,Unspecified,https://www.tech-week.com/calendar/sf/events/sf-tech-week-2026-sip-sign-and-scale-the-vpb-experience-4481bef5-5334-420b-82c0-9f8f4dc4fcae,2026-09-24T03:24:10.256338Z
b401f01a-112e-4e17-a781-ae5acff28b4e,2026-10-08,18:00,America/Los_Angeles,SF Tech Week Afrobeats Party,Downtown,Unspecified,https://www.tech-week.com/calendar/sf/events/sf-tech-week-afrobeats-party-b401f01a-112e-4e17-a781-ae5acff28b4e,2026-09-24T03:24:10.256338Z
a9f16aa9-7c25-454e-9a31-89878a36cf60,2026-10-08,18:00,America/Los_Angeles,"So, you want to be an FDE",SOMA,Unspecified,https://www.tech-week.com/calendar/sf/events/so-you-want-to-be-an-fde-a9f16aa9-7c25-454e-9a31-89878a36cf60,2026-09-24T03:24:10.256338Z
71ebf84f-2632-43fe-9dee-9f8d96295882,2026-10-08,18:00,America/Los_Angeles,"Startuping in Brain, NeuroTech",Downtown,Unspecified,https://www.tech-week.com/calendar/sf/events/startuping-in-brain-neurotech-71ebf84f-2632-43fe-9dee-9f8d96295882,2026-09-24T03:24:10.256338Z
80b5db9a-ce87-4717-9a28-6c25780ac83f,2026-10-08,18:00,America/Los_Angeles,Steal My Workflow,Other,Unspecified,https://www.tech-week.com/calendar/sf/events/steal-my-workflow-80b5db9a-ce87-4717-9a28-6c25780ac83f,2026-09-24T03:24:10.256338Z
08391803-64a0-4494-a1ec-7662cc228a58,2026-10-08,18:00,America/Los_Angeles,Strategy as an Emotional Act: An Interactive Practice for Changemakers,Mission,Unspecified,https://www.tech-week.com/calendar/sf/events/strategy-as-an-emotional-act-an-interactive-practice-for-changemakers-08391803-64a0-4494-a1ec-7662cc228a58,2026-09-24T03:24:10.256338Z
8f796c14-8cf2-43c8-9014-089f990acb6e,2026-10-08,18:00,America/Los_Angeles,Term Sheets & Eats,FiDi,Unspecified,https://www.tech-week.com/calendar/sf/events/term-sheets-and-eats-8f796c14-8cf2-43c8-9014-089f990acb6e,2026-09-24T03:24:10.256338Z
434500b3-a870-4537-9e1e-1a93c726f790,2026-10-08,18:00,America/Los_Angeles,TFH Poker Invitational,Design District,Unspecified,https://www.tech-week.com/calendar/sf/events/tfh-poker-invitational-434500b3-a870-4537-9e1e-1a93c726f790,2026-09-24T03:24:10.256338Z
d75cf0c9-3a73-47b9-99fd-2c6c27fa47e6,2026-10-08,18:00,America/Los_Angeles,The Afterburn: An SF Tech Week Social hosted Backblaze and Flamethrower,SOMA,Unspecified,https://www.tech-week.com/calendar/sf/events/the-afterburn-an-sf-tech-week-social-hosted-backblaze-and-flamethrower-d75cf0c9-3a73-47b9-99fd-2c6c27fa47e6,2026-09-24T03:24:10.256338Z
4fd13c0c-7f75-4fae-9d81-56e867dc1b9b,2026-10-08,18:00,America/Los_Angeles,The AI-Era College Playbook: A Night for Parents,East Bay,Unspecified,https://www.tech-week.com/calendar/sf/events/the-ai-era-college-playbook-a-night-for-parents-4fd13c0c-7f75-4fae-9d81-56e867dc1b9b,2026-09-24T03:24:10.256338Z
8da92548-9b5b-40aa-b35b-6a5447dd0860,2026-10-08,18:00,America/Los_Angeles,The Frontier of Innovation: Building What’s Next in Próspera,San Mateo,Unspecified,https://www.tech-week.com/calendar/sf/events/the-frontier-of-innovation-building-what-s-next-in-prospera-8da92548-9b5b-40aa-b35b-6a5447dd0860,2026-09-24T03:24:10.256338Z
28a5a352-43c8-468e-b77f-4e6a45487a38,2026-10-08,18:00,America/Los_Angeles,The Future of Live Events & Community,Embarcadero,Unspecified,https://www.tech-week.com/calendar/sf/events/the-future-of-live-events-and-community-28a5a352-43c8-468e-b77f-4e6a45487a38,2026-09-24T03:24:10.256338Z
8bde3fdb-feb4-4343-b640-1efaf5aefcb8,2026-10-08,18:00,America/Los_Angeles,The Hiring Roast Show,SOMA,Unspecified,https://www.tech-week.com/calendar/sf/events/the-hiring-roast-show-8bde3fdb-feb4-4343-b640-1efaf5aefcb8,2026-09-24T03:24:10.256338Z
7e1c1556-b623-499b-9b55-b18bd366eed5,2026-10-08,18:00,America/Los_Angeles,The Longevity Blind Spot: Why Mental + Metabolic Health May Define Your Healthspan,FiDi,Unspecified,https://www.tech-week.com/calendar/sf/events/the-longevity-blind-spot-why-mental-metabolic-health-may-define-your-healthspan-7e1c1556-b623-499b-9b55-b18bd366eed5,2026-09-24T03:24:10.256338Z
bcc7a520-cbf0-49c3-8d34-20b7d233ee93,2026-10-08,18:00,America/Los_Angeles,"The Next Agenda for Innovation, Capital & Regulation",Stanford,Unspecified,https://www.tech-week.com/calendar/sf/events/the-next-agenda-for-innovation-capital-and-regulation-bcc7a520-cbf0-49c3-8d34-20b7d233ee93,2026-09-24T03:24:10.256338Z
025ad488-7938-4eae-9211-260942b5e664,2026-10-08,18:00,America/Los_Angeles,Translation AI at,FiDi,Unspecified,https://www.tech-week.com/calendar/sf/events/translation-ai-at-025ad488-7938-4eae-9211-260942b5e664,2026-09-24T03:24:10.256338Z
28aacdc5-7853-48c0-8f31-c688072e9771,2026-10-08,18:00,America/Los_Angeles,Unlock the Full Power of Coding Agents: Software Engineering in the Agent Era,Rincon Hill,Unspecified,https://www.tech-week.com/calendar/sf/events/unlock-the-full-power-of-coding-agents-software-engineering-in-the-agent-era-28aacdc5-7853-48c0-8f31-c688072e9771,2026-09-24T03:24:10.256338Z
fc63cc44-d384-461d-9feb-2118840008ce,2026-10-08,18:00,America/Los_Angeles,Untapped Ventures LP Dinner - San Francisco,Other,Unspecified,https://www.tech-week.com/calendar/sf/events/untapped-ventures-lp-dinner-san-francisco-fc63cc44-d384-461d-9feb-2118840008ce,2026-09-24T03:24:10.256338Z
fa32322e-9b3d-4c55-8ed5-eaf85fdcebee,2026-10-08,18:00,America/Los_Angeles,VoiceScale Launch Party,Downtown,Closed,https://www.tech-week.com/calendar/sf/events/voicescale-launch-party-fa32322e-9b3d-4c55-8ed5-eaf85fdcebee,2026-09-24T03:24:10.256338Z
a4f74608-ba44-4a32-a739-080f4f447595,2026-10-08,18:00,America/Los_Angeles,What's Next for DX,SOMA,Unspecified,https://www.tech-week.com/calendar/sf/events/what-s-next-for-dx-a4f74608-ba44-4a32-a739-080f4f447595,2026-09-24T03:24:10.256338Z
7df29c71-1e55-44ef-8828-a9dfc26aa119,2026-10-08,18:00,America/Los_Angeles,Who Will Own the Future?,Marina,Unspecified,https://www.tech-week.com/calendar/sf/events/who-will-own-the-future-7df29c71-1e55-44ef-8828-a9dfc26aa119,2026-09-24T03:24:10.256338Z
1869ade3-27b7-455b-aef4-53d75fe4f301,2026-10-08,18:00,America/Los_Angeles,XX Chapter + Biopunk Femhaus present: women building in biology,Downtown,Unspecified,https://www.tech-week.com/calendar/sf/events/xx-chapter-biopunk-femhaus-present-women-building-in-biology-1869ade3-27b7-455b-aef4-53d75fe4f301,2026-09-24T03:24:10.256338Z
80362fd8-7547-4c11-972f-a40f3d4f5057,2026-10-08,18:00,America/Los_Angeles,Yet Another AI Event....But we have a piano,Union Square,Unspecified,https://www.tech-week.com/calendar/sf/events/yet-another-ai-event-but-we-have-a-piano-80362fd8-7547-4c11-972f-a40f3d4f5057,2026-09-24T03:24:10.256338Z
58f88723-ce8c-4684-9f9f-9daa5f346e97,2026-10-08,18:00,America/Los_Angeles,🚀 Startup Pitch Night SF | Builders for San Francisco,Downtown,Unspecified,https://www.tech-week.com/calendar/sf/events/startup-pitch-night-sf-builders-for-san-francisco-58f88723-ce8c-4684-9f9f-9daa5f346e97,2026-09-24T03:24:10.256338Z
83a51f60-562a-43d6-bb83-1484021d04d5,2026-10-08,18:30,America/Los_Angeles,/prompted,Other,Unspecified,https://www.tech-week.com/calendar/sf/events/prompted-83a51f60-562a-43d6-bb83-1484021d04d5,2026-09-24T03:24:10.256338Z
01b4fb99-876e-48a1-8b15-1418b49d7a7a,2026-10-08,18:30,America/Los_Angeles,138th SF Hardware Meetup @ Flux AI | Reindustrialize America,SOMA,Unspecified,https://www.tech-week.com/calendar/sf/events/138th-sf-hardware-meetup-flux-ai-reindustrialize-america-01b4fb99-876e-48a1-8b15-1418b49d7a7a,2026-09-24T03:24:10.256338Z
26e6e46b-ed47-4ed1-bf2a-15badb783afb,2026-10-08,18:30,America/Los_Angeles,[Invite Only] AI Finance Leaders Happy Hour,Downtown,Unspecified,https://www.tech-week.com/calendar/sf/events/invite-only-ai-finance-leaders-happy-hour-26e6e46b-ed47-4ed1-bf2a-15badb783afb,2026-09-24T03:24:10.256338Z
ba1f1a37-558b-4e5d-b40d-05b8ee6efd99,2026-10-08,18:30,America/Los_Angeles,Cocktail Camp w/ Backbone Systems & a16z,Duboce Triangle,Unspecified,https://www.tech-week.com/calendar/sf/events/cocktail-camp-w-backbone-systems-and-a16z-ba1f1a37-558b-4e5d-b40d-05b8ee6efd99,2026-09-24T03:24:10.256338Z
be949f33-587a-4b09-86ae-1cd3be46af15,2026-10-08,18:30,America/Los_Angeles,Endeavor Founders Night,Mission,Unspecified,https://www.tech-week.com/calendar/sf/events/endeavor-founders-night-be949f33-587a-4b09-86ae-1cd3be46af15,2026-09-24T03:24:10.256338Z
3239bda2-1f12-468f-aece-8f2795056bdb,2026-10-08,18:30,America/Los_Angeles,Europe BBQ,Nob Hill,Unspecified,https://www.tech-week.com/calendar/sf/events/europe-bbq-3239bda2-1f12-468f-aece-8f2795056bdb,2026-09-24T03:24:10.256338Z
154cfa37-9c87-4156-a75f-be0c46cf93e5,2026-10-08,18:30,America/Los_Angeles,Exclusive dinner: Meet the top Industrial AI startups (a16z speedrun),Castro,Unspecified,https://www.tech-week.com/calendar/sf/events/exclusive-dinner-meet-the-top-industrial-ai-startups-a16z-speedrun-154cfa37-9c87-4156-a75f-be0c46cf93e5,2026-09-24T03:24:10.256338Z
d39ac58a-17c0-40fa-a9b2-57a8331f2ed4,2026-10-08,18:30,America/Los_Angeles,Founder & Fintech Executive Dinner,SOMA,Unspecified,https://www.tech-week.com/calendar/sf/events/founder-and-fintech-executive-dinner-d39ac58a-17c0-40fa-a9b2-57a8331f2ed4,2026-09-24T03:24:10.256338Z
318e642b-74d6-4ce8-8de0-7e85626339a6,2026-10-08,18:30,America/Los_Angeles,Founder's Table,Mission,Unspecified,https://www.tech-week.com/calendar/sf/events/founder-s-table-318e642b-74d6-4ce8-8de0-7e85626339a6,2026-09-24T03:24:10.256338Z
d430487e-9281-4751-a8c3-e08332633fde,2026-10-08,18:30,America/Los_Angeles,Founders Dinner by SparkLabs,SOMA,Unspecified,https://www.tech-week.com/calendar/sf/events/founders-dinner-by-sparklabs-d430487e-9281-4751-a8c3-e08332633fde,2026-09-24T03:24:10.256338Z
d4ca23e1-1c98-451f-8f12-2b6c1bfb0bb2,2026-10-08,18:30,America/Los_Angeles,Founders Sleeping Competition - #SF TechWeek,Union Square,Unspecified,https://www.tech-week.com/calendar/sf/events/founders-sleeping-competition-sf-techweek-d4ca23e1-1c98-451f-8f12-2b6c1bfb0bb2,2026-09-24T03:24:10.256338Z
bfdc53ab-c7cb-442c-9ecc-d76498015f0d,2026-10-08,18:30,America/Los_Angeles,Golden Hour: Frontier Investing,Union Square,Unspecified,https://www.tech-week.com/calendar/sf/events/golden-hour-frontier-investing-bfdc53ab-c7cb-442c-9ecc-d76498015f0d,2026-09-24T03:24:10.256338Z
7ff6524b-8cf2-4b48-9e3b-9aa9345f6bc9,2026-10-08,18:30,America/Los_Angeles,Guess the Rent: Zürich Edition - #SF TechWeek,Chinatown,Unspecified,https://www.tech-week.com/calendar/sf/events/guess-the-rent-zurich-edition-sf-techweek-7ff6524b-8cf2-4b48-9e3b-9aa9345f6bc9,2026-09-24T03:24:10.256338Z
a11cfc93-d82f-41c8-9a05-f78032cafc72,2026-10-08,18:30,America/Los_Angeles,Health Tech Founders Happy Hour,Downtown,Unspecified,https://www.tech-week.com/calendar/sf/events/health-tech-founders-happy-hour-a11cfc93-d82f-41c8-9a05-f78032cafc72,2026-09-24T03:24:10.256338Z
d3385c03-42d0-4b9f-a801-313ea854932a,2026-10-08,18:30,America/Los_Angeles,Human OS: A Physical and Mental Reset,Mission,Unspecified,https://www.tech-week.com/calendar/sf/events/human-os-a-physical-and-mental-reset-d3385c03-42d0-4b9f-a801-313ea854932a,2026-09-24T03:24:10.256338Z
fc094227-d2c1-4534-9aa2-1c685b63be7b,2026-10-08,18:30,America/Los_Angeles,"Inside the AI factory: one tenant, three layers",Jackson Square,Unspecified,https://www.tech-week.com/calendar/sf/events/inside-the-ai-factory-one-tenant-three-layers-fc094227-d2c1-4534-9aa2-1c685b63be7b,2026-09-24T03:24:10.256338Z
078ad53d-090d-4b83-bd1f-3c1b9bf3e9b9,2026-10-08,18:30,America/Los_Angeles,"Inside the startup hiring process: Equity, Comp, and Red Flags",Mission,Unspecified,https://www.tech-week.com/calendar/sf/events/inside-the-startup-hiring-process-equity-comp-and-red-flags-078ad53d-090d-4b83-bd1f-3c1b9bf3e9b9,2026-09-24T03:24:10.256338Z
29e05d4a-647c-469c-8959-a5c271f6be6b,2026-10-08,18:30,America/Los_Angeles,Life is a Pitch,Downtown,Unspecified,https://www.tech-week.com/calendar/sf/events/life-is-a-pitch-29e05d4a-647c-469c-8959-a5c271f6be6b,2026-09-24T03:24:10.256338Z
471e3585-14d1-45ff-bf1c-6180a561d993,2026-10-08,18:30,America/Los_Angeles,Live Models Happy Hour,Downtown,Unspecified,https://www.tech-week.com/calendar/sf/events/live-models-happy-hour-471e3585-14d1-45ff-bf1c-6180a561d993,2026-09-24T03:24:10.256338Z
2c679219-0875-4219-ac48-4753e98ed5d5,2026-10-08,18:30,America/Los_Angeles,Longevity Talk:How to Not Age Like an American,Hayes Valley,Unspecified,https://www.tech-week.com/calendar/sf/events/longevity-talk-how-to-not-age-like-an-american-2c679219-0875-4219-ac48-4753e98ed5d5,2026-09-24T03:24:10.256338Z
d3035dfb-7d45-4034-971a-69eb71880b23,2026-10-08,18:30,America/Los_Angeles,Nest Catalyst Demo Day,Downtown,Unspecified,https://www.tech-week.com/calendar/sf/events/nest-catalyst-demo-day-d3035dfb-7d45-4034-971a-69eb71880b23,2026-09-24T03:24:10.256338Z
cb99c3d5-cb84-427f-ba57-982fd7f6669f,2026-10-08,18:30,America/Los_Angeles,Oasis Builder Dinner,FiDi,Unspecified,https://www.tech-week.com/calendar/sf/events/oasis-builder-dinner-cb99c3d5-cb84-427f-ba57-982fd7f6669f,2026-09-24T03:24:10.256338Z
3f150b78-2037-4763-a0a0-2a92973345a3,2026-10-08,18:30,America/Los_Angeles,Peak Career and Fertility: Women Founders x VCs panel,Hayes Valley,Unspecified,https://www.tech-week.com/calendar/sf/events/peak-career-and-fertility-women-founders-x-vcs-panel-3f150b78-2037-4763-a0a0-2a92973345a3,2026-09-24T03:24:10.256338Z
f8086312-08ea-448c-beb2-2846d29d4f49,2026-10-08,18:30,America/Los_Angeles,Pitches & Punchlines,Downtown,Unspecified,https://www.tech-week.com/calendar/sf/events/pitches-and-punchlines-f8086312-08ea-448c-beb2-2846d29d4f49,2026-09-24T03:24:10.256338Z
99a026a9-2e69-40a0-b244-617161389f95,2026-10-08,18:30,America/Los_Angeles,Slow Networking for Early-Stage VCs,Downtown,Unspecified,https://www.tech-week.com/calendar/sf/events/slow-networking-for-early-stage-vcs-99a026a9-2e69-40a0-b244-617161389f95,2026-09-24T03:24:10.256338Z
8abb8a3d-2e63-477e-9858-2c2524be47d5,2026-10-08,18:30,America/Los_Angeles,"Soirée Salon: Taste, Culture, Curiosity",Other,Unspecified,https://www.tech-week.com/calendar/sf/events/soiree-salon-taste-culture-curiosity-8abb8a3d-2e63-477e-9858-2c2524be47d5,2026-09-24T03:24:10.256338Z
9c38ddfa-1dd0-4485-bac6-6b63753c04e0,2026-10-08,18:30,America/Los_Angeles,South Asians in AI & Robotics,Downtown,Unspecified,https://www.tech-week.com/calendar/sf/events/south-asians-in-ai-and-robotics-9c38ddfa-1dd0-4485-bac6-6b63753c04e0,2026-09-24T03:24:10.256338Z
21972644-b917-4105-8976-63e9723fab84,2026-10-08,18:30,America/Los_Angeles,The Future Of Creative Entrepreneurship -- A Creator & Founder Mixer,Downtown,Unspecified,https://www.tech-week.com/calendar/sf/events/the-future-of-creative-entrepreneurship-a-creator-and-founder-mixer-21972644-b917-4105-8976-63e9723fab84,2026-09-24T03:24:10.256338Z
fd2709b2-1e5a-4c76-b4e3-3488c52a96a2,2026-10-08,18:30,America/Los_Angeles,"The Next Big Name in Painting — Live, In a Living Room",Haight Ashbury,Unspecified,https://www.tech-week.com/calendar/sf/events/the-next-big-name-in-painting-live-in-a-living-room-fd2709b2-1e5a-4c76-b4e3-3488c52a96a2,2026-09-24T03:24:10.256338Z
dde2a251-607c-43f3-a4fb-7dbe5a30d4ef,2026-10-08,18:30,America/Los_Angeles,The Next Frontier of AI: Emotion,SOMA,Unspecified,https://www.tech-week.com/calendar/sf/events/the-next-frontier-of-ai-emotion-dde2a251-607c-43f3-a4fb-7dbe5a30d4ef,2026-09-24T03:24:10.256338Z
56a243e8-0efc-42b8-b498-053a3cc08dbd,2026-10-08,18:30,America/Los_Angeles,Voices in the Room: Fireside Chat + Cocktails with Coval & Cartesia,SOMA,Unspecified,https://www.tech-week.com/calendar/sf/events/voices-in-the-room-fireside-chat-cocktails-with-coval-and-cartesia-56a243e8-0efc-42b8-b498-053a3cc08dbd,2026-09-24T03:24:10.256338Z
7a6d2daa-36c9-4b56-a49b-36768cd631a8,2026-10-08,18:45,America/Los_Angeles,Solve your PMF & Retention,SOMA,Unspecified,https://www.tech-week.com/calendar/sf/events/solve-your-pmf-and-retention-7a6d2daa-36c9-4b56-a49b-36768cd631a8,2026-09-24T03:24:10.256338Z
5f323f6c-ab98-474e-acc4-f894b0475f61,2026-10-08,19:00,America/Los_Angeles,Agentic Payments + MCP: Demo Night,North Beach,Unspecified,https://www.tech-week.com/calendar/sf/events/agentic-payments-mcp-demo-night-5f323f6c-ab98-474e-acc4-f894b0475f61,2026-09-24T03:24:10.256338Z
9b45e7d4-bfab-4694-8a79-478405db87f5,2026-10-08,19:00,America/Los_Angeles,ALTHRA IN THE VALLEY,Potrero Hill,Unspecified,https://www.tech-week.com/calendar/sf/events/althra-in-the-valley-9b45e7d4-bfab-4694-8a79-478405db87f5,2026-09-24T03:24:10.256338Z
7e67371b-7bd9-4f82-8d71-e5a6f1ea9ba9,2026-10-08,19:00,America/Los_Angeles,Arceus Block Party,FiDi,Unspecified,https://www.tech-week.com/calendar/sf/events/arceus-block-party-7e67371b-7bd9-4f82-8d71-e5a6f1ea9ba9,2026-09-24T03:24:10.256338Z
acfebe0d-bff1-4823-bf21-c0e57814a514,2026-10-08,19:00,America/Los_Angeles,Baltic Tech Happy Hour,SOMA,Unspecified,https://www.tech-week.com/calendar/sf/events/baltic-tech-happy-hour-acfebe0d-bff1-4823-bf21-c0e57814a514,2026-09-24T03:24:10.256338Z
7275f6e2-3186-479d-a7f7-28cb111f207a,2026-10-08,19:00,America/Los_Angeles,Debate! Space Based Data Centers,Marina,Unspecified,https://www.tech-week.com/calendar/sf/events/debate-space-based-data-centers-7275f6e2-3186-479d-a7f7-28cb111f207a,2026-09-24T03:24:10.256338Z
ef72e955-e11d-4790-8b28-90d769d981b2,2026-10-08,19:00,America/Los_Angeles,e2vc × Point Nine European Founders Night,SOMA,Unspecified,https://www.tech-week.com/calendar/sf/events/e2vc-point-nine-european-founders-night-ef72e955-e11d-4790-8b28-90d769d981b2,2026-09-24T03:24:10.256338Z
ee66856a-364c-42eb-a0eb-2437226ca576,2026-10-08,19:00,America/Los_Angeles,Female Founder-Investor Dinner (Invite Only),FiDi,Unspecified,https://www.tech-week.com/calendar/sf/events/female-founder-investor-dinner-invite-only-ee66856a-364c-42eb-a0eb-2437226ca576,2026-09-24T03:24:10.256338Z
cad918d1-a331-4d00-90c5-1988ac317d7a,2026-10-08,19:00,America/Los_Angeles,Find Your Co-Founder: Matchmaking Happy Hour,SOMA,Unspecified,https://www.tech-week.com/calendar/sf/events/find-your-co-founder-matchmaking-happy-hour-cad918d1-a331-4d00-90c5-1988ac317d7a,2026-09-24T03:24:10.256338Z
c8cbf943-8807-4422-a6a8-0a5782feac4f,2026-10-08,19:00,America/Los_Angeles,Fintech Founders + Funders Happy Hour by OnlyExit and Nesta,Mission,Unspecified,https://www.tech-week.com/calendar/sf/events/fintech-founders-funders-happy-hour-by-onlyexit-and-nesta-c8cbf943-8807-4422-a6a8-0a5782feac4f,2026-09-24T03:24:10.256338Z
ce65f3aa-2e9c-4e31-8dfa-e59c42b0d724,2026-10-08,19:00,America/Los_Angeles,Frontier 2030: What Breaks First,San Mateo,Unspecified,https://www.tech-week.com/calendar/sf/events/frontier-2030-what-breaks-first-ce65f3aa-2e9c-4e31-8dfa-e59c42b0d724,2026-09-24T03:24:10.256338Z
1187e1f4-1dbf-4e4e-99f5-c1f7e2d6370b,2026-10-08,19:00,America/Los_Angeles,Future of Silicon Valley Founders & Policymakers at One Table,Downtown,Unspecified,https://www.tech-week.com/calendar/sf/events/future-of-silicon-valley-founders-and-policymakers-at-one-table-1187e1f4-1dbf-4e4e-99f5-c1f7e2d6370b,2026-09-24T03:24:10.256338Z
741e30ec-260e-402b-acb9-0712a7530c55,2026-10-08,19:00,America/Los_Angeles,Human vs. Machine: The Beat Battle,SOMA,Unspecified,https://www.tech-week.com/calendar/sf/events/human-vs-machine-the-beat-battle-741e30ec-260e-402b-acb9-0712a7530c55,2026-09-24T03:24:10.256338Z
9e3ff8ce-1842-48c3-88e3-e6b8c7b381b9,2026-10-08,19:00,America/Los_Angeles,Let’s Take This Offline,North Beach,Unspecified,https://www.tech-week.com/calendar/sf/events/let-s-take-this-offline-9e3ff8ce-1842-48c3-88e3-e6b8c7b381b9,2026-09-24T03:24:10.256338Z
14564b88-2af8-4e2a-a42a-524f2526d5c5,2026-10-08,19:00,America/Los_Angeles,Local with Axel,Duboce Triangle,Unspecified,https://www.tech-week.com/calendar/sf/events/local-with-axel-14564b88-2af8-4e2a-a42a-524f2526d5c5,2026-09-24T03:24:10.256338Z
9fa92f9a-9b48-473e-ba5f-85d3406ef52a,2026-10-08,19:00,America/Los_Angeles,Machine Cinema Presents Film Screening,Marina,Unspecified,https://www.tech-week.com/calendar/sf/events/machine-cinema-presents-film-screening-9fa92f9a-9b48-473e-ba5f-85d3406ef52a,2026-09-24T03:24:10.256338Z
acf47346-3cd4-4b08-adee-ff75a711a841,2026-10-08,19:00,America/Los_Angeles,Magnific Tech,SOMA,Unspecified,https://www.tech-week.com/calendar/sf/events/magnific-tech-acf47346-3cd4-4b08-adee-ff75a711a841,2026-09-24T03:24:10.256338Z
a69a1115-49f0-4c4e-9466-b9e9c65daad7,2026-10-08,19:00,America/Los_Angeles,Mitosis Labs Launch Party,Downtown,Unspecified,https://www.tech-week.com/calendar/sf/events/mitosis-labs-launch-party-a69a1115-49f0-4c4e-9466-b9e9c65daad7,2026-09-24T03:24:10.256338Z
a97dbfed-0efa-4094-be97-d7e9cfe9dbc0,2026-10-08,19:00,America/Los_Angeles,Monaco x Sirius: Poker Tournament,SOMA,Unspecified,https://www.tech-week.com/calendar/sf/events/monaco-x-sirius-poker-tournament-a97dbfed-0efa-4094-be97-d7e9cfe9dbc0,2026-09-24T03:24:10.256338Z
a454308d-9afd-42af-b117-240f88c4645f,2026-10-08,19:00,America/Los_Angeles,Night Shift at Mytra,Other,Unspecified,https://www.tech-week.com/calendar/sf/events/night-shift-at-mytra-a454308d-9afd-42af-b117-240f88c4645f,2026-09-24T03:24:10.256338Z
74308f58-0d8c-4e83-9808-c331b9dea9c1,2026-10-08,19:00,America/Los_Angeles,Pizza Party,North Beach,Unspecified,https://www.tech-week.com/calendar/sf/events/pizza-party-74308f58-0d8c-4e83-9808-c331b9dea9c1,2026-09-24T03:24:10.256338Z
15421286-50d9-466b-a9e2-a35951e928bb,2026-10-08,19:00,America/Los_Angeles,Sensory Intelligence,Other,Unspecified,https://www.tech-week.com/calendar/sf/events/sensory-intelligence-15421286-50d9-466b-a9e2-a35951e928bb,2026-09-24T03:24:10.256338Z
96754298-b5f8-4eb5-9d94-054319a797ed,2026-10-08,19:00,America/Los_Angeles,Sieve Multimodal & Physical AI Dinner,FiDi,Unspecified,https://www.tech-week.com/calendar/sf/events/sieve-multimodal-and-physical-ai-dinner-96754298-b5f8-4eb5-9d94-054319a797ed,2026-09-24T03:24:10.256338Z
f80145ff-f0ba-4443-be98-1079ff96c58a,2026-10-08,19:00,America/Los_Angeles,Startup Founders + Tech Professionals Happy Hour,Mission,Unspecified,https://www.tech-week.com/calendar/sf/events/startup-founders-tech-professionals-happy-hour-f80145ff-f0ba-4443-be98-1079ff96c58a,2026-09-24T03:24:10.256338Z
b01050fd-3f61-45c7-ac2f-a7dbef800255,2026-10-08,19:00,America/Los_Angeles,Tech Meets Couture,SOMA,Unspecified,https://www.tech-week.com/calendar/sf/events/tech-meets-couture-b01050fd-3f61-45c7-ac2f-a7dbef800255,2026-09-24T03:24:10.256338Z
95f63945-3a3f-4bf6-9cd2-3abf9dcd404f,2026-10-08,19:00,America/Los_Angeles,The GTM (pent)house party 🌆,East Bay,Unspecified,https://www.tech-week.com/calendar/sf/events/the-gtm-pent-house-party-95f63945-3a3f-4bf6-9cd2-3abf9dcd404f,2026-09-24T03:24:10.256338Z
f36cc410-f4c9-4e38-8138-c90f7dc3d7d5,2026-10-08,19:00,America/Los_Angeles,The New AI at Work- #SF TechWeek,Palo Alto,Unspecified,https://www.tech-week.com/calendar/sf/events/the-new-ai-at-work-sf-techweek-f36cc410-f4c9-4e38-8138-c90f7dc3d7d5,2026-09-24T03:24:10.256338Z
f3560aa8-5a47-4218-9d13-06e01031709e,2026-10-08,19:00,America/Los_Angeles,Tracy Innovations,SOMA,Unspecified,https://www.tech-week.com/calendar/sf/events/tracy-innovations-f3560aa8-5a47-4218-9d13-06e01031709e,2026-09-24T03:24:10.256338Z
401c3842-bac1-46ef-b90f-1cb9a1ba94a6,2026-10-08,19:00,America/Los_Angeles,Ugly Talk: The Opposite of Tokenmaxxing,Union Square,Unspecified,https://www.tech-week.com/calendar/sf/events/ugly-talk-the-opposite-of-tokenmaxxing-401c3842-bac1-46ef-b90f-1cb9a1ba94a6,2026-09-24T03:24:10.256338Z
20ae8f66-a28f-429c-90fe-dd5e21f7c6fc,2026-10-08,19:15,America/Los_Angeles,Can you hear the difference?,SOMA,Unspecified,https://www.tech-week.com/calendar/sf/events/can-you-hear-the-difference-20ae8f66-a28f-429c-90fe-dd5e21f7c6fc,2026-09-24T03:24:10.256338Z
ac6baa97-175c-4b2e-b196-f48354fafbd6,2026-10-08,19:15,America/Los_Angeles,Private HIIT class for the TA & HR community,FiDi,Unspecified,https://www.tech-week.com/calendar/sf/events/private-hiit-class-for-the-ta-and-hr-community-ac6baa97-175c-4b2e-b196-f48354fafbd6,2026-09-24T03:24:10.256338Z
a3db1967-0987-44d5-b22c-a0c0d27244c2,2026-10-08,19:30,America/Los_Angeles,Negotiations for Founders: Panel by YourNegotiations.com,FiDi,Unspecified,https://www.tech-week.com/calendar/sf/events/negotiations-for-founders-panel-by-yournegotiations-com-a3db1967-0987-44d5-b22c-a0c0d27244c2,2026-09-24T03:24:10.256338Z
e66814cd-8777-438e-9eeb-d805a4df400a,2026-10-08,19:30,America/Los_Angeles,RASA Closing Party,Chinatown,Unspecified,https://www.tech-week.com/calendar/sf/events/rasa-closing-party-e66814cd-8777-438e-9eeb-d805a4df400a,2026-09-24T03:24:10.256338Z
4f7cba65-d3c1-4577-9da0-7e6c10c33233,2026-10-08,19:30,America/Los_Angeles,The B2B Tech Content Leaders Dinner,SOMA,Unspecified,https://www.tech-week.com/calendar/sf/events/the-b2b-tech-content-leaders-dinner-4f7cba65-d3c1-4577-9da0-7e6c10c33233,2026-09-24T03:24:10.256338Z
1c0f1c4c-47ed-40a6-9e23-f201087a6e6f,2026-10-08,20:00,America/Los_Angeles,[SWANSONG],Hayes Valley,Unspecified,https://www.tech-week.com/calendar/sf/events/swansong-1c0f1c4c-47ed-40a6-9e23-f201087a6e6f,2026-09-24T03:24:10.256338Z
8306dd2e-8b11-407f-ac80-2aba7619f177,2026-10-08,20:00,America/Los_Angeles,Boardy's Secret Soirée at HF0,Alamo Square,Unspecified,https://www.tech-week.com/calendar/sf/events/boardy-s-secret-soiree-at-hf0-8306dd2e-8b11-407f-ac80-2aba7619f177,2026-09-24T03:24:10.256338Z
5e5fcd09-1067-420a-a9f8-69b8804e8cf3,2026-10-08,20:00,America/Los_Angeles,LongeviTEA: A Tech Week Reset,Hayes Valley,Unspecified,https://www.tech-week.com/calendar/sf/events/longevitea-a-tech-week-reset-5e5fcd09-1067-420a-a9f8-69b8804e8cf3,2026-09-24T03:24:10.256338Z
127962b4-dae0-4537-b42a-a8b9698d48cd,2026-10-08,20:00,America/Los_Angeles,No Phones Party with CatGPT & Apollo,Nob Hill,Unspecified,https://www.tech-week.com/calendar/sf/events/no-phones-party-with-catgpt-and-apollo-127962b4-dae0-4537-b42a-a8b9698d48cd,2026-09-24T03:24:10.256338Z
4eedbb6d-a4cf-4358-98ad-2bc9098c4323,2026-10-08,20:00,America/Los_Angeles,The Annual Table 26u26,North Beach,Unspecified,https://www.tech-week.com/calendar/sf/events/the-annual-table-26u26-4eedbb6d-a4cf-4358-98ad-2bc9098c4323,2026-09-24T03:24:10.256338Z
98ed3045-8a15-418f-9b22-ba0119d27aac,2026-10-08,20:00,America/Los_Angeles,The GTM Afterparty,Other,Unspecified,https://www.tech-week.com/calendar/sf/events/the-gtm-afterparty-98ed3045-8a15-418f-9b22-ba0119d27aac,2026-09-24T03:24:10.256338Z
a8c19bd3-4c70-44d4-b8a9-9b95ce608f97,2026-10-08,20:00,America/Los_Angeles,Why ChatGPT Doesn’t Recommend Your Company (GEO/AEO) playbook),East Bay,Unspecified,https://www.tech-week.com/calendar/sf/events/why-chatgpt-doesn-t-recommend-your-company-geo-aeo-playbook-a8c19bd3-4c70-44d4-b8a9-9b95ce608f97,2026-09-24T03:24:10.256338Z
998daad6-2664-4a90-a21d-7345be7b64e1,2026-10-08,21:30,America/Los_Angeles,Your Brain on AI,SOMA,Unspecified,https://www.tech-week.com/calendar/sf/events/your-brain-on-ai-998daad6-2664-4a90-a21d-7345be7b64e1,2026-09-24T03:24:10.256338Z
c03c4873-8ca9-429f-bb49-d0a98a5d77d7,2026-10-09,07:30,America/Los_Angeles,Surf Meetup for Founders and Investors with Forgepoint Capital and Ashurst Perkins Coie,Ocean Beach,Unspecified,https://www.tech-week.com/calendar/sf/events/surf-meetup-for-founders-and-investors-with-forgepoint-capital-and-ashurst-perki-c03c4873-8ca9-429f-bb49-d0a98a5d77d7,2026-09-24T03:24:10.256338Z
74280075-9d55-4a27-8f59-e5babb006e64,2026-10-09,08:00,America/Los_Angeles,Croissants & the Real SF: A Morning Walk for People Ops,Other,Unspecified,https://www.tech-week.com/calendar/sf/events/croissants-and-the-real-sf-a-morning-walk-for-people-ops-74280075-9d55-4a27-8f59-e5babb006e64,2026-09-24T03:24:10.256338Z
41573f2c-608f-4e26-a793-d9d2810f9419,2026-10-09,08:00,America/Los_Angeles,Founder Morning by the Pacific,Other,Unspecified,https://www.tech-week.com/calendar/sf/events/founder-morning-by-the-pacific-41573f2c-608f-4e26-a793-d9d2810f9419,2026-09-24T03:24:10.256338Z
94f083fb-4d70-4c8b-8288-aeafb9777f73,2026-10-09,08:00,America/Los_Angeles,Waves & Breakfast w/ CodeRabbit,Ocean Beach,Unspecified,https://www.tech-week.com/calendar/sf/events/waves-and-breakfast-w-coderabbit-94f083fb-4d70-4c8b-8288-aeafb9777f73,2026-09-24T03:24:10.256338Z
f29f7a35-02ec-46dc-bd74-25057fee4209,2026-10-09,08:30,America/Los_Angeles,Angel Investors Coffee & Breakfast,Palo Alto,Unspecified,https://www.tech-week.com/calendar/sf/events/angel-investors-coffee-and-breakfast-f29f7a35-02ec-46dc-bd74-25057fee4209,2026-09-24T03:24:10.256338Z
dfc3e181-afeb-4805-82c0-5291496ce4c8,2026-10-09,08:30,America/Los_Angeles,COFFEE + CONNECT: Intentional Mixer for Founders & Investors,Downtown,Unspecified,https://www.tech-week.com/calendar/sf/events/coffee-connect-intentional-mixer-for-founders-and-investors-dfc3e181-afeb-4805-82c0-5291496ce4c8,2026-09-24T03:24:10.256338Z
8945ddb9-466b-4279-9e5d-7263667cf97c,2026-10-09,08:30,America/Los_Angeles,World Models & GPUs Coffee,Civic Center,Unspecified,https://www.tech-week.com/calendar/sf/events/world-models-and-gpus-coffee-8945ddb9-466b-4279-9e5d-7263667cf97c,2026-09-24T03:24:10.256338Z
9f5eb3eb-0663-4bfe-8881-946c2c96c014,2026-10-09,09:00,America/Los_Angeles,Ask a VP of Sales: Live GTM Office Hours for Early-Stage B2B Founders,Virtual,Unspecified,https://www.tech-week.com/calendar/sf/events/ask-a-vp-of-sales-live-gtm-office-hours-for-early-stage-b2b-founders-9f5eb3eb-0663-4bfe-8881-946c2c96c014,2026-09-24T03:24:10.256338Z
67fb566b-912e-4e9c-982d-db9de125ee77,2026-10-09,09:00,America/Los_Angeles,Bagels for Builders,SOMA,Unspecified,https://www.tech-week.com/calendar/sf/events/bagels-for-builders-67fb566b-912e-4e9c-982d-db9de125ee77,2026-09-24T03:24:10.256338Z
b9167f1e-d057-4305-8ae6-d08afe2b414f,2026-10-09,09:00,America/Los_Angeles,IBM Sports Tech Startup Challenge Showcase co-hosted with a16z Speedrun,Downtown,Unspecified,https://www.tech-week.com/calendar/sf/events/ibm-sports-tech-startup-challenge-showcase-co-hosted-with-a16z-speedrun-b9167f1e-d057-4305-8ae6-d08afe2b414f,2026-09-24T03:24:10.256338Z
d2c8899e-a59b-46f2-b835-260f48761fcf,2026-10-09,09:00,America/Los_Angeles,Pickleball & Breakfast for Physical AI,,Unspecified,https://www.tech-week.com/calendar/sf/events/pickleball-and-breakfast-for-physical-ai-d2c8899e-a59b-46f2-b835-260f48761fcf,2026-09-24T03:24:10.256338Z
87d342d7-7905-4284-a9db-94b650f93a69,2026-10-09,09:00,America/Los_Angeles,Pitch or NGMI: 20 Startups. 2 Minutes. One Winner.,SOMA,Unspecified,https://www.tech-week.com/calendar/sf/events/pitch-or-ngmi-20-startups-2-minutes-one-winner-87d342d7-7905-4284-a9db-94b650f93a69,2026-09-24T03:24:10.256338Z
35a429fe-5052-4f28-ad85-1b8df708452d,2026-10-09,09:00,America/Los_Angeles,"Private Fund CFO Breakfast — The AI-Enabled Fund: Reporting, Compliance & Tax Strategy (1 CPE)",SOMA,Unspecified,https://www.tech-week.com/calendar/sf/events/private-fund-cfo-breakfast-the-ai-enabled-fund-reporting-compliance-and-tax-stra-35a429fe-5052-4f28-ad85-1b8df708452d,2026-09-24T03:24:10.256338Z
d2e74a41-bf90-4c62-8b0f-f74da40512de,2026-10-09,09:00,America/Los_Angeles,SF AI Summit — The Infrastructure Era,Downtown,Unspecified,https://www.tech-week.com/calendar/sf/events/sf-ai-summit-the-infrastructure-era-d2e74a41-bf90-4c62-8b0f-f74da40512de,2026-09-24T03:24:10.256338Z
d65834ac-0c56-4895-ba28-165478884e21,2026-10-09,09:00,America/Los_Angeles,SF Tech Week Tennis with Goodwin,Golden Gate Park,Unspecified,https://www.tech-week.com/calendar/sf/events/sf-tech-week-tennis-with-goodwin-d65834ac-0c56-4895-ba28-165478884e21,2026-09-24T03:24:10.256338Z
6a4801c8-cfac-459e-80ce-c852a3534f21,2026-10-09,09:00,America/Los_Angeles,VirtusLab Tech Walk,FiDi,Unspecified,https://www.tech-week.com/calendar/sf/events/virtuslab-tech-walk-6a4801c8-cfac-459e-80ce-c852a3534f21,2026-09-24T03:24:10.256338Z
caa82197-005d-4147-8805-0d1191155d29,2026-10-09,09:00,America/Los_Angeles,"Women in AI Coffee, Breakfast, & Fireside Chat",Mission Bay,Unspecified,https://www.tech-week.com/calendar/sf/events/women-in-ai-coffee-breakfast-and-fireside-chat-caa82197-005d-4147-8805-0d1191155d29,2026-09-24T03:24:10.256338Z
f640c09e-68cc-4afc-81a6-a4433c662765,2026-10-09,09:00,America/Los_Angeles,Women in Tech Coffee & Breakfast Networking! - Hosted by Spring Fertility,Mission,Unspecified,https://www.tech-week.com/calendar/sf/events/women-in-tech-coffee-and-breakfast-networking-hosted-by-spring-fertility-f640c09e-68cc-4afc-81a6-a4433c662765,2026-09-24T03:24:10.256338Z
29e324bc-bb09-4acf-8c54-58322ac8bfd3,2026-10-09,09:30,America/Los_Angeles,AI & Blockchain Summit,Palo Alto,Unspecified,https://www.tech-week.com/calendar/sf/events/ai-and-blockchain-summit-29e324bc-bb09-4acf-8c54-58322ac8bfd3,2026-09-24T03:24:10.256338Z
2219f578-96f9-4475-a9f4-3143436a295b,2026-10-09,09:30,America/Los_Angeles,The PS Pit Stop: Coffee & Luggage Tags,Downtown,Unspecified,https://www.tech-week.com/calendar/sf/events/the-ps-pit-stop-coffee-and-luggage-tags-2219f578-96f9-4475-a9f4-3143436a295b,2026-09-24T03:24:10.256338Z
13ff53ea-c72f-4b9b-b768-1298fd0612e8,2026-10-09,10:00,America/Los_Angeles,AI Native Summit - SF Tech Week,SOMA,Unspecified,https://www.tech-week.com/calendar/sf/events/ai-native-summit-sf-tech-week-13ff53ea-c72f-4b9b-b768-1298fd0612e8,2026-09-24T03:24:10.256338Z
3eec731a-5bdc-489f-9eec-2c55b8015e32,2026-10-09,10:00,America/Los_Angeles,Connecting over a game of H.O.R.S.E for Tech Founders,Civic Center,Unspecified,https://www.tech-week.com/calendar/sf/events/connecting-over-a-game-of-h-o-r-s-e-for-tech-founders-3eec731a-5bdc-489f-9eec-2c55b8015e32,2026-09-24T03:24:10.256338Z
d6277aa5-2936-4ee9-b5a9-a69c8bf0929e,2026-10-09,10:00,America/Los_Angeles,"Founder Office Hours: Fundraising, GTM & AI",Downtown,Unspecified,https://www.tech-week.com/calendar/sf/events/founder-office-hours-fundraising-gtm-and-ai-d6277aa5-2936-4ee9-b5a9-a69c8bf0929e,2026-09-24T03:24:10.256338Z
c082d2c6-dafa-4b68-94f1-760e3e59f03f,2026-10-09,10:00,America/Los_Angeles,Hands-on workshop: build your first MCP app.,SOMA,Unspecified,https://www.tech-week.com/calendar/sf/events/hands-on-workshop-build-your-first-mcp-app-c082d2c6-dafa-4b68-94f1-760e3e59f03f,2026-09-24T03:24:10.256338Z
cd838c1f-f568-4044-9e90-f664999b8c18,2026-10-09,10:00,America/Los_Angeles,Pitch Decks That Raise Money,FiDi,Unspecified,https://www.tech-week.com/calendar/sf/events/pitch-decks-that-raise-money-cd838c1f-f568-4044-9e90-f664999b8c18,2026-09-24T03:24:10.256338Z
f3001112-0930-4a97-800d-41ca0b9b8d1b,2026-10-09,10:00,America/Los_Angeles,Qualified Purchaser AI Debriefing Coffee 📈🔒,Downtown,Unspecified,https://www.tech-week.com/calendar/sf/events/qualified-purchaser-ai-debriefing-coffee-f3001112-0930-4a97-800d-41ca0b9b8d1b,2026-09-24T03:24:10.256338Z
6e2948e0-e577-4f23-9639-3947f02655cc,2026-10-09,10:00,America/Los_Angeles,Running on AI: Tech Week Run,Embarcadero,Unspecified,https://www.tech-week.com/calendar/sf/events/running-on-ai-tech-week-run-6e2948e0-e577-4f23-9639-3947f02655cc,2026-09-24T03:24:10.256338Z
e9b63ece-352b-435e-8424-ad0608f79eff,2026-10-09,10:00,America/Los_Angeles,The Hire Isn't the Problem. It's the Handoff. #SF TechWeek,Virtual,Unspecified,https://www.tech-week.com/calendar/sf/events/the-hire-isn-t-the-problem-it-s-the-handoff-sf-techweek-e9b63ece-352b-435e-8424-ad0608f79eff,2026-09-24T03:24:10.256338Z
ccb5ee65-3a48-4349-a8e0-059075196479,2026-10-09,10:00,America/Los_Angeles,Want a promotion or a new job? Ship a Real AI Portfolio Live,Downtown,Unspecified,https://www.tech-week.com/calendar/sf/events/want-a-promotion-or-a-new-job-ship-a-real-ai-portfolio-live-ccb5ee65-3a48-4349-a8e0-059075196479,2026-09-24T03:24:10.256338Z
70750ac4-237e-42a9-9b03-f9589abdae34,2026-10-09,10:30,America/Los_Angeles,a16z speedrun AI Faire,Jackson Square,Unspecified,https://www.tech-week.com/calendar/sf/events/a16z-speedrun-ai-faire-70750ac4-237e-42a9-9b03-f9589abdae34,2026-09-24T03:24:10.256338Z
f80d7fc5-3487-4db6-b8b0-a413b9095506,2026-10-09,10:30,America/Los_Angeles,"AI Frontier Summit - Intelligence at Scale: Agents, Physical AI & Chips",Mountain View,Unspecified,https://www.tech-week.com/calendar/sf/events/ai-frontier-summit-intelligence-at-scale-agents-physical-ai-and-chips-f80d7fc5-3487-4db6-b8b0-a413b9095506,2026-09-24T03:24:10.256338Z
5e06a23e-7004-4464-bcb9-a5d1429894eb,2026-10-09,10:30,America/Los_Angeles,Paper Reading Club for PhDs & AI Researchers,Civic Center,Unspecified,https://www.tech-week.com/calendar/sf/events/paper-reading-club-for-phds-and-ai-researchers-5e06a23e-7004-4464-bcb9-a5d1429894eb,2026-09-24T03:24:10.256338Z
18d52a4b-1dad-4759-aaf3-ced6fb78420d,2026-10-09,11:00,America/Los_Angeles,AI Video Hackathon: Build with Qwen × Vizard Agent,Presidio Heights,Unspecified,https://www.tech-week.com/calendar/sf/events/ai-video-hackathon-build-with-qwen-vizard-agent-18d52a4b-1dad-4759-aaf3-ced6fb78420d,2026-09-24T03:24:10.256338Z
f2c49b98-2d6a-4b2e-aad8-67e9f7aabb00,2026-10-09,11:00,America/Los_Angeles,"Be honest. You're not really doing evals, are you?",Mission,Unspecified,https://www.tech-week.com/calendar/sf/events/be-honest-you-re-not-really-doing-evals-are-you-f2c49b98-2d6a-4b2e-aad8-67e9f7aabb00,2026-09-24T03:24:10.256338Z
bb137056-6c28-4010-9b8f-f0379b7ecaa9,2026-10-09,11:00,America/Los_Angeles,Creator Gold LIVE,FiDi,Unspecified,https://www.tech-week.com/calendar/sf/events/creator-gold-live-bb137056-6c28-4010-9b8f-f0379b7ecaa9,2026-09-24T03:24:10.256338Z
2b1c05ed-2178-4cc1-99e5-0c417cadbf5a,2026-10-09,11:00,America/Los_Angeles,Kindred Motorworks,Other,Unspecified,https://www.tech-week.com/calendar/sf/events/kindred-motorworks-2b1c05ed-2178-4cc1-99e5-0c417cadbf5a,2026-09-24T03:24:10.256338Z
e07a0286-cd45-4aba-b24c-9667141ca09e,2026-10-09,11:00,America/Los_Angeles,MiHu AI Hackathon & VC Panel,Union Square,Full,https://www.tech-week.com/calendar/sf/events/mihu-ai-hackathon-and-vc-panel-e07a0286-cd45-4aba-b24c-9667141ca09e,2026-09-24T03:24:10.256338Z
cfeae067-c940-4df1-84aa-db13ce67f654,2026-10-09,11:00,America/Los_Angeles,Stanford AI Lab,Stanford,Unspecified,https://www.tech-week.com/calendar/sf/events/stanford-ai-lab-cfeae067-c940-4df1-84aa-db13ce67f654,2026-09-24T03:24:10.256338Z
c5753cdb-ec8d-4b47-91b9-31a056f9bbf2,2026-10-09,11:00,America/Los_Angeles,The Science of Speed | Tech Week Meets Fleet Week,Marina,Unspecified,https://www.tech-week.com/calendar/sf/events/the-science-of-speed-tech-week-meets-fleet-week-c5753cdb-ec8d-4b47-91b9-31a056f9bbf2,2026-09-24T03:24:10.256338Z
d0fe72f7-a060-46b8-8a2a-da32d53f7d1e,2026-10-09,11:00,America/Los_Angeles,Verve Wellness Onsen Pop-up,Downtown,Unspecified,https://www.tech-week.com/calendar/sf/events/verve-wellness-onsen-pop-up-d0fe72f7-a060-46b8-8a2a-da32d53f7d1e,2026-09-24T03:24:10.256338Z
79cb6cab-ba15-4458-a385-a1d65821d431,2026-10-09,11:00,America/Los_Angeles,Vibe Marketing in the Age of AI Agents — Live on Zoom,Virtual,Unspecified,https://www.tech-week.com/calendar/sf/events/vibe-marketing-in-the-age-of-ai-agents-live-on-zoom-79cb6cab-ba15-4458-a385-a1d65821d431,2026-09-24T03:24:10.256338Z
bd474c2f-371f-4e6e-9742-f2d9b6439071,2026-10-09,12:00,America/Los_Angeles,Accountability That Actually Works: A Playbook for First-Time Founders,FiDi,Unspecified,https://www.tech-week.com/calendar/sf/events/accountability-that-actually-works-a-playbook-for-first-time-founders-bd474c2f-371f-4e6e-9742-f2d9b6439071,2026-09-24T03:24:10.256338Z
b2edb06d-15f6-4c7a-8d14-e5838cbeebdd,2026-10-09,12:00,America/Los_Angeles,"Female Founders & Capital Allocators Lunch, hosted by Renegade & 3i Members",Jackson Square,Unspecified,https://www.tech-week.com/calendar/sf/events/female-founders-and-capital-allocators-lunch-hosted-by-renegade-and-3i-members-b2edb06d-15f6-4c7a-8d14-e5838cbeebdd,2026-09-24T03:24:10.256338Z
d4a64c4b-d8c8-48b8-9b5b-38cd85fe712c,2026-10-09,12:00,America/Los_Angeles,Founders' Lunch by Cherry Hill Advisory,Downtown,Unspecified,https://www.tech-week.com/calendar/sf/events/founders-lunch-by-cherry-hill-advisory-d4a64c4b-d8c8-48b8-9b5b-38cd85fe712c,2026-09-24T03:24:10.256338Z
a9ddc40f-5261-4d50-b623-45a4bdbe38f5,2026-10-09,12:00,America/Los_Angeles,Make Me Care: The 60-Second Story Slam,Union Square,Unspecified,https://www.tech-week.com/calendar/sf/events/make-me-care-the-60-second-story-slam-a9ddc40f-5261-4d50-b623-45a4bdbe38f5,2026-09-24T03:24:10.256338Z
9bbac29b-e71f-429f-a6b8-63952d29fd76,2026-10-09,12:00,America/Los_Angeles,Raised & Acquired,Mountain View,Unspecified,https://www.tech-week.com/calendar/sf/events/raised-and-acquired-9bbac29b-e71f-429f-a6b8-63952d29fd76,2026-09-24T03:24:10.256338Z
74261731-764b-4b92-acd7-58e1ad592acb,2026-10-09,12:00,America/Los_Angeles,The Tech Week Flyover,SOMA,Unspecified,https://www.tech-week.com/calendar/sf/events/the-tech-week-flyover-74261731-764b-4b92-acd7-58e1ad592acb,2026-09-24T03:24:10.256338Z
b31ee8ed-3d96-46f1-981c-2fd2bd363546,2026-10-09,12:00,America/Los_Angeles,World of Tavily,Other,Unspecified,https://www.tech-week.com/calendar/sf/events/world-of-tavily-b31ee8ed-3d96-46f1-981c-2fd2bd363546,2026-09-24T03:24:10.256338Z
1f5658fe-14a4-4d84-b53c-40a731214261,2026-10-09,12:30,America/Los_Angeles,Founder & Investor Panel Discussion,Other,Unspecified,https://www.tech-week.com/calendar/sf/events/founder-and-investor-panel-discussion-1f5658fe-14a4-4d84-b53c-40a731214261,2026-09-24T03:24:10.256338Z
84a3c981-8e08-4a58-aad7-7f420d88be46,2026-10-09,12:30,America/Los_Angeles,THE SCIENCE WORKS. THE ECONOMICS DON’T.,Downtown,Unspecified,https://www.tech-week.com/calendar/sf/events/the-science-works-the-economics-don-t-84a3c981-8e08-4a58-aad7-7f420d88be46,2026-09-24T03:24:10.256338Z
e150326f-a317-4467-a8fe-0b9b94479064,2026-10-09,13:00,America/Los_Angeles,Build a Marketplace in 3 Hours - A Hands-On Lab,Chinatown,Unspecified,https://www.tech-week.com/calendar/sf/events/build-a-marketplace-in-3-hours-a-hands-on-lab-e150326f-a317-4467-a8fe-0b9b94479064,2026-09-24T03:24:10.256338Z
bba8cee8-fe1b-4009-991d-5e4461cfb57e,2026-10-09,13:00,America/Los_Angeles,Live Blacksmithing with CoreWeave,Mission,Unspecified,https://www.tech-week.com/calendar/sf/events/live-blacksmithing-with-coreweave-bba8cee8-fe1b-4009-991d-5e4461cfb57e,2026-09-24T03:24:10.256338Z
482d2109-af6f-41a4-af8b-ec383b85f59d,2026-10-09,13:00,America/Los_Angeles,Silicon to Scale: A Physical AI Summit,Downtown,Unspecified,https://www.tech-week.com/calendar/sf/events/silicon-to-scale-a-physical-ai-summit-482d2109-af6f-41a4-af8b-ec383b85f59d,2026-09-24T03:24:10.256338Z
630262eb-c0fc-4eaa-9780-c1e853ee87be,2026-10-09,13:00,America/Los_Angeles,The Oasis @ SF Tech Week - Future of Work,FiDi,Unspecified,https://www.tech-week.com/calendar/sf/events/the-oasis-sf-tech-week-future-of-work-630262eb-c0fc-4eaa-9780-c1e853ee87be,2026-09-24T03:24:10.256338Z
55f6bc78-6aba-4d23-bf80-1ea64e446eac,2026-10-09,14:00,America/Los_Angeles,AI in Healthcare by MedPhone AI,Virtual,Unspecified,https://www.tech-week.com/calendar/sf/events/ai-in-healthcare-by-medphone-ai-55f6bc78-6aba-4d23-bf80-1ea64e446eac,2026-09-24T03:24:10.256338Z
171221ac-166f-4167-8338-f60152108b56,2026-10-09,14:00,America/Los_Angeles,Building Self-Improving AI Agents: From Loop to Deployment,Mission,Unspecified,https://www.tech-week.com/calendar/sf/events/building-self-improving-ai-agents-from-loop-to-deployment-171221ac-166f-4167-8338-f60152108b56,2026-09-24T03:24:10.256338Z
a87bbf8e-ed3c-419c-bbb1-54b8a9b3beef,2026-10-09,14:00,America/Los_Angeles,Fleet Week Rooftop Social: Mayer Brown,Embarcadero,Unspecified,https://www.tech-week.com/calendar/sf/events/fleet-week-rooftop-social-mayer-brown-a87bbf8e-ed3c-419c-bbb1-54b8a9b3beef,2026-09-24T03:24:10.256338Z
6323d94b-beec-4dbb-8d29-12b3a4304a90,2026-10-09,14:00,America/Los_Angeles,Get Found on AI: Build the playbook so your business is recommended in AI chats in One Night,Downtown,Unspecified,https://www.tech-week.com/calendar/sf/events/get-found-on-ai-build-the-playbook-so-your-business-is-recommended-in-ai-chats-i-6323d94b-beec-4dbb-8d29-12b3a4304a90,2026-09-24T03:24:10.256338Z
d20a9385-0eb9-4afb-8d1e-1d58b05ea021,2026-10-09,14:00,America/Los_Angeles,How does AI change product management?,Downtown,Unspecified,https://www.tech-week.com/calendar/sf/events/how-does-ai-change-product-management-d20a9385-0eb9-4afb-8d1e-1d58b05ea021,2026-09-24T03:24:10.256338Z
5d95c3ad-1d91-4377-980b-a723ba842748,2026-10-09,14:00,America/Los_Angeles,Inception Studio Startup Showcase,SOMA,Unspecified,https://www.tech-week.com/calendar/sf/events/inception-studio-startup-showcase-5d95c3ad-1d91-4377-980b-a723ba842748,2026-09-24T03:24:10.256338Z
6beef900-cbe4-44ce-837c-c03cc7386171,2026-10-09,14:00,America/Los_Angeles,Sunset Neighborhood Build-a-thon,Ocean Beach,Unspecified,https://www.tech-week.com/calendar/sf/events/sunset-neighborhood-build-a-thon-6beef900-cbe4-44ce-837c-c03cc7386171,2026-09-24T03:24:10.256338Z
5a994a5f-5e1a-49f6-a51d-757758a58458,2026-10-09,14:00,America/Los_Angeles,The Alignment Practice: Experience Self-Trust in Navigating Complexity,Presidio Heights,Unspecified,https://www.tech-week.com/calendar/sf/events/the-alignment-practice-experience-self-trust-in-navigating-complexity-5a994a5f-5e1a-49f6-a51d-757758a58458,2026-09-24T03:24:10.256338Z
8df6a7a2-99fe-4943-9c3f-3a57b24894dd,2026-10-09,14:00,America/Los_Angeles,The PULL x Macy’s Market Activation,Downtown,Unspecified,https://www.tech-week.com/calendar/sf/events/the-pull-x-macy-s-market-activation-8df6a7a2-99fe-4943-9c3f-3a57b24894dd,2026-09-24T03:24:10.256338Z
50d38cbb-a059-4449-9653-31a205ca14d4,2026-10-09,14:00,America/Los_Angeles,Who Owns the Data? The New Diligence Checklist for AI in Healthcare,Salesforce Park,Unspecified,https://www.tech-week.com/calendar/sf/events/who-owns-the-data-the-new-diligence-checklist-for-ai-in-healthcare-50d38cbb-a059-4449-9653-31a205ca14d4,2026-09-24T03:24:10.256338Z
db0ae95b-01d5-464e-ae83-00ec2df5bb47,2026-10-09,14:30,America/Los_Angeles,Financial Model Teardown,Pacific Heights,Unspecified,https://www.tech-week.com/calendar/sf/events/financial-model-teardown-db0ae95b-01d5-464e-ae83-00ec2df5bb47,2026-09-24T03:24:10.256338Z
0e20bedf-2fbb-4673-bcf6-e6c72ebf9e6e,2026-10-09,14:30,America/Los_Angeles,Hardware 101 for Software Founders,Downtown,Unspecified,https://www.tech-week.com/calendar/sf/events/hardware-101-for-software-founders-0e20bedf-2fbb-4673-bcf6-e6c72ebf9e6e,2026-09-24T03:24:10.256338Z
4b287f75-3d81-4a71-8203-270bec7689ff,2026-10-09,14:30,America/Los_Angeles,I AM UNSEXY. AND I LIKE IT: The Passion Projects of Founders Who Build What They Love,Other,Unspecified,https://www.tech-week.com/calendar/sf/events/i-am-unsexy-and-i-like-it-the-passion-projects-of-founders-who-build-what-they-l-4b287f75-3d81-4a71-8203-270bec7689ff,2026-09-24T03:24:10.256338Z
8fa982b6-233b-4147-8031-eac11e56a1fd,2026-10-09,15:00,America/Los_Angeles,AI for Finance Summit 2026 SF,FiDi,Unspecified,https://www.tech-week.com/calendar/sf/events/ai-for-finance-summit-2026-sf-8fa982b6-233b-4147-8031-eac11e56a1fd,2026-09-24T03:24:10.256338Z
6d918f11-e65a-40a7-bdd4-0c084321527e,2026-10-09,15:00,America/Los_Angeles,Flex Capital Game Night,Dogpatch,Unspecified,https://www.tech-week.com/calendar/sf/events/flex-capital-game-night-6d918f11-e65a-40a7-bdd4-0c084321527e,2026-09-24T03:24:10.256338Z
dde3d0b8-c4f8-43b7-850e-978f063e920c,2026-10-09,15:00,America/Los_Angeles,From Employee to Entrepreneur: Women’s Panel & Mastermind,Downtown,Unspecified,https://www.tech-week.com/calendar/sf/events/from-employee-to-entrepreneur-women-s-panel-and-mastermind-dde3d0b8-c4f8-43b7-850e-978f063e920c,2026-09-24T03:24:10.256338Z
0680ba12-3172-42a0-a483-b0caf33991f1,2026-10-09,15:00,America/Los_Angeles,Idempotency in Hospitality Tech - Founders x Investors,Russian Hill,Unspecified,https://www.tech-week.com/calendar/sf/events/idempotency-in-hospitality-tech-founders-x-investors-0680ba12-3172-42a0-a483-b0caf33991f1,2026-09-24T03:24:10.256338Z
566715df-a099-4530-8649-de737d8e328f,2026-10-09,15:00,America/Los_Angeles,"Japanese Government, Strategic Investors, LPs & Major Corporations × Global VCs & Startups",Downtown,Unspecified,https://www.tech-week.com/calendar/sf/events/japanese-government-strategic-investors-lps-and-major-corporations-global-vcs-an-566715df-a099-4530-8649-de737d8e328f,2026-09-24T03:24:10.256338Z
297d7b09-ae57-4174-b84f-cabacbc04087,2026-10-09,15:00,America/Los_Angeles,Samosas & Chai: IIT Alums Mixer,Rincon Hill,Unspecified,https://www.tech-week.com/calendar/sf/events/samosas-and-chai-iit-alums-mixer-297d7b09-ae57-4174-b84f-cabacbc04087,2026-09-24T03:24:10.256338Z
604c42b6-f586-4365-a6d2-9877c83b7e2c,2026-10-09,15:00,America/Los_Angeles,VCs & LPs Cocktail Hour ✨ San Francisco,FiDi,Unspecified,https://www.tech-week.com/calendar/sf/events/vcs-and-lps-cocktail-hour-san-francisco-604c42b6-f586-4365-a6d2-9877c83b7e2c,2026-09-24T03:24:10.256338Z
458eed30-b369-4a29-850b-24a5834d5698,2026-10-09,15:00,America/Los_Angeles,What's the Next Interface for AI? Early-Stage AI Hardware Builder + Investor Mingle,Mountain View,Unspecified,https://www.tech-week.com/calendar/sf/events/what-s-the-next-interface-for-ai-early-stage-ai-hardware-builder-investor-mingle-458eed30-b369-4a29-850b-24a5834d5698,2026-09-24T03:24:10.256338Z
4ed309bc-1b59-41f0-8068-af5cbbcc157d,2026-10-09,15:30,America/Los_Angeles,EWOR Demo Day - Investors Only,Jackson Square,Unspecified,https://www.tech-week.com/calendar/sf/events/ewor-demo-day-investors-only-4ed309bc-1b59-41f0-8068-af5cbbcc157d,2026-09-24T03:24:10.256338Z
28be55f1-b5c6-431d-a2f5-1ff7892112f8,2026-10-09,15:30,America/Los_Angeles,Veterans × Tech: Building What’s Next - #SF TechWeek,FiDi,Unspecified,https://www.tech-week.com/calendar/sf/events/veterans-tech-building-what-s-next-sf-techweek-28be55f1-b5c6-431d-a2f5-1ff7892112f8,2026-09-24T03:24:10.256338Z
83daf7e9-6911-4055-81fe-c226e14e5d8b,2026-10-09,16:00,America/Los_Angeles,AI Is Changing the Job. Who Are You Becoming?,Hayes Valley,Unspecified,https://www.tech-week.com/calendar/sf/events/ai-is-changing-the-job-who-are-you-becoming-83daf7e9-6911-4055-81fe-c226e14e5d8b,2026-09-24T03:24:10.256338Z
97d7d6ae-c8fd-4c9d-9ee9-169aa440e23a,2026-10-09,16:00,America/Los_Angeles,AI x Medicine: Hackathon + Speaker Night,Other,Unspecified,https://www.tech-week.com/calendar/sf/events/ai-x-medicine-hackathon-speaker-night-97d7d6ae-c8fd-4c9d-9ee9-169aa440e23a,2026-09-24T03:24:10.256338Z
20264d7e-6e01-4680-a0f4-1f557efb383f,2026-10-09,16:00,America/Los_Angeles,Builders & Brews SF,Pacific Heights,Unspecified,https://www.tech-week.com/calendar/sf/events/builders-and-brews-sf-20264d7e-6e01-4680-a0f4-1f557efb383f,2026-09-24T03:24:10.256338Z
71114bbd-fa79-4788-9f64-4cbf64ac18ff,2026-10-09,16:00,America/Los_Angeles,Future of Work Hackathon: Building from the Farm @Stanford University,Stanford,Unspecified,https://www.tech-week.com/calendar/sf/events/future-of-work-hackathon-building-from-the-farm-stanford-university-71114bbd-fa79-4788-9f64-4cbf64ac18ff,2026-09-24T03:24:10.256338Z
e6c556e9-9355-4afb-9620-e863561c29b9,2026-10-09,16:00,America/Los_Angeles,Marketing Plan for Tech Startups 26/27 Edition - Book Launch,SOMA,Unspecified,https://www.tech-week.com/calendar/sf/events/marketing-plan-for-tech-startups-26-27-edition-book-launch-e6c556e9-9355-4afb-9620-e863561c29b9,2026-09-24T03:24:10.256338Z
45479270-55e5-4958-a6fa-61d37d79814c,2026-10-09,16:00,America/Los_Angeles,Personalizing Long-running Agents,Other,Unspecified,https://www.tech-week.com/calendar/sf/events/personalizing-long-running-agents-45479270-55e5-4958-a6fa-61d37d79814c,2026-09-24T03:24:10.256338Z
b0211055-050e-4bf3-8798-16b124ba1c84,2026-10-09,16:00,America/Los_Angeles,Smartlead x Chatbase: Bowling Mixer 🎳,Other,Unspecified,https://www.tech-week.com/calendar/sf/events/smartlead-x-chatbase-bowling-mixer-b0211055-050e-4bf3-8798-16b124ba1c84,2026-09-24T03:24:10.256338Z
b57e9a61-f9a9-43d1-9e96-e4baa630a4c0,2026-10-09,16:00,America/Los_Angeles,The After Close - Speakeasy,Dogpatch,Unspecified,https://www.tech-week.com/calendar/sf/events/the-after-close-speakeasy-b57e9a61-f9a9-43d1-9e96-e4baa630a4c0,2026-09-24T03:24:10.256338Z
ac8cb913-08d7-4143-a4ff-550e5b5eeb2b,2026-10-09,16:00,America/Los_Angeles,Venture Vibes SF (Happy Hour Close Out),Marina,Unspecified,https://www.tech-week.com/calendar/sf/events/venture-vibes-sf-happy-hour-close-out-ac8cb913-08d7-4143-a4ff-550e5b5eeb2b,2026-09-24T03:24:10.256338Z
32f55b08-9c5b-4e31-8a05-58377319651d,2026-10-09,16:30,America/Los_Angeles,"Capital After Hours: VIP Investor Dinner with startups, corporate, tech professionals - #SF TechWeek",Palo Alto,Unspecified,https://www.tech-week.com/calendar/sf/events/capital-after-hours-vip-investor-dinner-with-startups-corporate-tech-professiona-32f55b08-9c5b-4e31-8a05-58377319651d,2026-09-24T03:24:10.256338Z
8b5672e5-5991-4e20-a4a0-b7510d000a49,2026-10-09,16:30,America/Los_Angeles,How to Use AI to Build a Better Democracy,East Bay,Unspecified,https://www.tech-week.com/calendar/sf/events/how-to-use-ai-to-build-a-better-democracy-8b5672e5-5991-4e20-a4a0-b7510d000a49,2026-09-24T03:24:10.256338Z
4cd99e8b-4afe-4e66-b641-825943692a82,2026-10-09,16:30,America/Los_Angeles,Sip & Startup with ProtoLive.xyz,SOMA,Unspecified,https://www.tech-week.com/calendar/sf/events/sip-and-startup-with-protolive-xyz-4cd99e8b-4afe-4e66-b641-825943692a82,2026-09-24T03:24:10.256338Z
a2e89fca-9ee6-4e3e-989f-3ee6499993f5,2026-10-09,17:00,America/Los_Angeles,$3k Flash Pitch Competition,Downtown,Unspecified,https://www.tech-week.com/calendar/sf/events/3k-flash-pitch-competition-a2e89fca-9ee6-4e3e-989f-3ee6499993f5,2026-09-24T03:24:10.256338Z
f051719d-c290-42f3-bade-2fbb9a810c71,2026-10-09,17:00,America/Los_Angeles,Content for Growth,Lower Nob Hill,Unspecified,https://www.tech-week.com/calendar/sf/events/content-for-growth-f051719d-c290-42f3-bade-2fbb9a810c71,2026-09-24T03:24:10.256338Z
c6bfb9cf-14a2-4b86-bf55-97d18261a35a,2026-10-09,17:00,America/Los_Angeles,From Agents to Production — Founder Exchange & After Hours,Palo Alto,Unspecified,https://www.tech-week.com/calendar/sf/events/from-agents-to-production-founder-exchange-and-after-hours-c6bfb9cf-14a2-4b86-bf55-97d18261a35a,2026-09-24T03:24:10.256338Z
cf497281-4c33-4399-b68a-61dbe65fd0dc,2026-10-09,17:00,America/Los_Angeles,Hardware FYI: SF Tech Week Edition,Dogpatch,Unspecified,https://www.tech-week.com/calendar/sf/events/hardware-fyi-sf-tech-week-edition-cf497281-4c33-4399-b68a-61dbe65fd0dc,2026-09-24T03:24:10.256338Z
d8739005-3eac-4f33-84b0-1eb1a4265e1e,2026-10-09,17:00,America/Los_Angeles,Private Evening for Series A+ Founders,Union Square,Unspecified,https://www.tech-week.com/calendar/sf/events/private-evening-for-series-a-founders-d8739005-3eac-4f33-84b0-1eb1a4265e1e,2026-09-24T03:24:10.256338Z
9dd8f3d0-4034-4722-8fbc-8f29559978f8,2026-10-09,17:00,America/Los_Angeles,Production cloud on autopilot + food/drinks,SOMA,Unspecified,https://www.tech-week.com/calendar/sf/events/production-cloud-on-autopilot-food-drinks-9dd8f3d0-4034-4722-8fbc-8f29559978f8,2026-09-24T03:24:10.256338Z
8ab9828e-aace-4e29-bf4e-c4e97c1c94f8,2026-10-09,17:00,America/Los_Angeles,rsvpmaxxing: the last RSVP of SF Tech Week 🪩,SOMA,Unspecified,https://www.tech-week.com/calendar/sf/events/rsvpmaxxing-the-last-rsvp-of-sf-tech-week-8ab9828e-aace-4e29-bf4e-c4e97c1c94f8,2026-09-24T03:24:10.256338Z
6128a86e-87e2-493d-a724-2ceb1148e454,2026-10-09,17:00,America/Los_Angeles,SF CREATORS AND MOVIE MAKERS,Dogpatch,Unspecified,https://www.tech-week.com/calendar/sf/events/sf-creators-and-movie-makers-6128a86e-87e2-493d-a724-2ceb1148e454,2026-09-24T03:24:10.256338Z
1542ad74-d670-45c4-8546-62e7add901ea,2026-10-09,17:00,America/Los_Angeles,The AI Said It Was Done - AI Agent Divergence Hackathon,Downtown,Unspecified,https://www.tech-week.com/calendar/sf/events/the-ai-said-it-was-done-ai-agent-divergence-hackathon-1542ad74-d670-45c4-8546-62e7add901ea,2026-09-24T03:24:10.256338Z
d3b93907-49cd-4654-bdf4-690e973481fb,2026-10-09,17:00,America/Los_Angeles,"The Golden Hour: LPs, GPs and Family Offices Gathering",Downtown,Unspecified,https://www.tech-week.com/calendar/sf/events/the-golden-hour-lps-gps-and-family-offices-gathering-d3b93907-49cd-4654-bdf4-690e973481fb,2026-09-24T03:24:10.256338Z
e088f1e5-33c0-433e-9dea-8089bb3f49e5,2026-10-09,17:00,America/Los_Angeles,The Happy Padel🎾,Dogpatch,Unspecified,https://www.tech-week.com/calendar/sf/events/the-happy-padel-e088f1e5-33c0-433e-9dea-8089bb3f49e5,2026-09-24T03:24:10.256338Z
53e5f138-40e2-4fe4-bd6b-408cefe76db7,2026-10-09,17:30,America/Los_Angeles,Female-Led Startups,Hayes Valley,Unspecified,https://www.tech-week.com/calendar/sf/events/female-led-startups-53e5f138-40e2-4fe4-bd6b-408cefe76db7,2026-09-24T03:24:10.256338Z
c55035ae-0ddf-4c62-8a06-1759a6b1efe3,2026-10-09,17:30,America/Los_Angeles,"Human Performance, Capital & Innovation",Embarcadero,Unspecified,https://www.tech-week.com/calendar/sf/events/human-performance-capital-and-innovation-c55035ae-0ddf-4c62-8a06-1759a6b1efe3,2026-09-24T03:24:10.256338Z
cd3de917-79a0-48b3-bd1b-19ebc3d5ba95,2026-10-09,17:30,America/Los_Angeles,Securing the Agentic Era,Downtown,Unspecified,https://www.tech-week.com/calendar/sf/events/securing-the-agentic-era-cd3de917-79a0-48b3-bd1b-19ebc3d5ba95,2026-09-24T03:24:10.256338Z
c5b622d3-5ee5-4966-ba63-39c14bc16e22,2026-10-09,17:30,America/Los_Angeles,SF Founders X Product Showcase,Downtown,Unspecified,https://www.tech-week.com/calendar/sf/events/sf-founders-x-product-showcase-c5b622d3-5ee5-4966-ba63-39c14bc16e22,2026-09-24T03:24:10.256338Z
365619b6-5d43-4f29-8228-d6d8cd34029a,2026-10-09,17:30,America/Los_Angeles,What's the Startup Playbook for 2027? Join a lively meetup for global founders and investors.,Palo Alto,Unspecified,https://www.tech-week.com/calendar/sf/events/what-s-the-startup-playbook-for-2027-join-a-lively-meetup-for-global-founders-an-365619b6-5d43-4f29-8228-d6d8cd34029a,2026-09-24T03:24:10.256338Z
fe34ee3c-da02-41ad-b761-3759beb3b0b1,2026-10-09,18:00,America/Los_Angeles,[Audrey Chou. Studio.] - # SFTechWeek - Movement & Media Community Meet Up,Virtual,Unspecified,https://www.tech-week.com/calendar/sf/events/audrey-chou-studio-sftechweek-movement-and-media-community-meet-up-fe34ee3c-da02-41ad-b761-3759beb3b0b1,2026-09-24T03:24:10.256338Z
2d1f1418-f09d-49f4-9a69-914579a7e6fe,2026-10-09,18:00,America/Los_Angeles,AI and BrainTech investing,Downtown,Unspecified,https://www.tech-week.com/calendar/sf/events/ai-and-braintech-investing-2d1f1418-f09d-49f4-9a69-914579a7e6fe,2026-09-24T03:24:10.256338Z
7a64696a-47c2-4647-ba6e-010e46adb0c6,2026-10-09,18:00,America/Los_Angeles,AI Builders Summit,FiDi,Unspecified,https://www.tech-week.com/calendar/sf/events/ai-builders-summit-7a64696a-47c2-4647-ba6e-010e46adb0c6,2026-09-24T03:24:10.256338Z
47855e1a-67e2-4321-a1d5-9fa0ee3f9a2b,2026-10-09,18:00,America/Los_Angeles,AI from the Rest of the World,Stanford,Unspecified,https://www.tech-week.com/calendar/sf/events/ai-from-the-rest-of-the-world-47855e1a-67e2-4321-a1d5-9fa0ee3f9a2b,2026-09-24T03:24:10.256338Z
d8b85fe8-fa05-412e-89d7-6a43e2107ad2,2026-10-09,18:00,America/Los_Angeles,Durable execution needs a face: human-in-the-loop for AI agents,Downtown,Unspecified,https://www.tech-week.com/calendar/sf/events/durable-execution-needs-a-face-human-in-the-loop-for-ai-agents-d8b85fe8-fa05-412e-89d7-6a43e2107ad2,2026-09-24T03:24:10.256338Z
e2f463a7-0332-4ea2-9c97-1f74f0cecf0c,2026-10-09,18:00,America/Los_Angeles,"Find a Cofounder, Help or Join a Startup",Downtown,Unspecified,https://www.tech-week.com/calendar/sf/events/find-a-cofounder-help-or-join-a-startup-e2f463a7-0332-4ea2-9c97-1f74f0cecf0c,2026-09-24T03:24:10.256338Z
cf73188f-8014-46d2-a600-21635dd6b092,2026-10-09,18:00,America/Los_Angeles,Flex VC Dinner,Downtown,Unspecified,https://www.tech-week.com/calendar/sf/events/flex-vc-dinner-cf73188f-8014-46d2-a600-21635dd6b092,2026-09-24T03:24:10.256338Z
145cde4f-86a5-4495-b676-afe12beca48f,2026-10-09,18:00,America/Los_Angeles,House of AI — When AI Gets a Wallet,Downtown,Unspecified,https://www.tech-week.com/calendar/sf/events/house-of-ai-when-ai-gets-a-wallet-145cde4f-86a5-4495-b676-afe12beca48f,2026-09-24T03:24:10.256338Z
9d0f3c5b-6dd6-4b2a-941f-ceb6a1ad7e57,2026-10-09,18:00,America/Los_Angeles,"Kairo Pickleball Tournament: $10,000 Giveaway",Union Square,Unspecified,https://www.tech-week.com/calendar/sf/events/kairo-pickleball-tournament-10-000-giveaway-9d0f3c5b-6dd6-4b2a-941f-ceb6a1ad7e57,2026-09-24T03:24:10.256338Z
d4e18249-2681-4ae3-91d1-ade54a4dbade,2026-10-09,18:00,America/Los_Angeles,Loop — a supper on the physical economy,Mission,Unspecified,https://www.tech-week.com/calendar/sf/events/loop-a-supper-on-the-physical-economy-d4e18249-2681-4ae3-91d1-ade54a4dbade,2026-09-24T03:24:10.256338Z
673c42fe-72bd-45c5-b00d-10c2568f9609,2026-10-09,18:00,America/Los_Angeles,October Tech Rooftop Mixer,South Beach,Unspecified,https://www.tech-week.com/calendar/sf/events/october-tech-rooftop-mixer-673c42fe-72bd-45c5-b00d-10c2568f9609,2026-09-24T03:24:10.256338Z
81e9135e-5790-41b4-b519-dce0e53c973f,2026-10-09,18:00,America/Los_Angeles,OyBay x IsraValley Shabbat Dinner,Pacific Heights,Unspecified,https://www.tech-week.com/calendar/sf/events/oybay-x-isravalley-shabbat-dinner-81e9135e-5790-41b4-b519-dce0e53c973f,2026-09-24T03:24:10.256338Z
f070353e-4569-4cfe-a1a1-3f61f61b49a2,2026-10-09,18:00,America/Los_Angeles,Salsa Night,North Beach,Unspecified,https://www.tech-week.com/calendar/sf/events/salsa-night-f070353e-4569-4cfe-a1a1-3f61f61b49a2,2026-09-24T03:24:10.256338Z
43491be6-328d-4ece-8ae6-e3a93a7a69fe,2026-10-09,18:00,America/Los_Angeles,Tech Week Date Night - Red String OS,Downtown,Unspecified,https://www.tech-week.com/calendar/sf/events/tech-week-date-night-red-string-os-43491be6-328d-4ece-8ae6-e3a93a7a69fe,2026-09-24T03:24:10.256338Z
cca96d10-331d-4e68-8475-1426602779e6,2026-10-09,18:00,America/Los_Angeles,The AI Storytelling Room: Live Demo of AI-Native Filmmaking,Stanford,Unspecified,https://www.tech-week.com/calendar/sf/events/the-ai-storytelling-room-live-demo-of-ai-native-filmmaking-cca96d10-331d-4e68-8475-1426602779e6,2026-09-24T03:24:10.256338Z
007f69ae-11e4-482f-bdc3-8d9249014964,2026-10-09,18:00,America/Los_Angeles,The AI-Native Fund: Rebuilding Investment Management for the Agent Era,Castro,Unspecified,https://www.tech-week.com/calendar/sf/events/the-ai-native-fund-rebuilding-investment-management-for-the-agent-era-007f69ae-11e4-482f-bdc3-8d9249014964,2026-09-24T03:24:10.256338Z
aef1011a-b971-4fd0-a123-c340648a0940,2026-10-09,18:00,America/Los_Angeles,The Future of Agentic Media Buying,FiDi,Unspecified,https://www.tech-week.com/calendar/sf/events/the-future-of-agentic-media-buying-aef1011a-b971-4fd0-a123-c340648a0940,2026-09-24T03:24:10.256338Z
b2389bcc-3702-4c13-8bcb-5d7d01e10b24,2026-10-09,18:00,America/Los_Angeles,Ugly Talk: Founder Open Mic & Comedy,Downtown,Unspecified,https://www.tech-week.com/calendar/sf/events/ugly-talk-founder-open-mic-and-comedy-b2389bcc-3702-4c13-8bcb-5d7d01e10b24,2026-09-24T03:24:10.256338Z
2dabea0f-d473-4b25-a3a5-d792bc2c02a2,2026-10-09,18:00,America/Los_Angeles,What Should AI Remember?,Design District,Unspecified,https://www.tech-week.com/calendar/sf/events/what-should-ai-remember-2dabea0f-d473-4b25-a3a5-d792bc2c02a2,2026-09-24T03:24:10.256338Z
51d261ee-6f09-4462-9233-844d7be05016,2026-10-09,18:00,America/Los_Angeles,"Who Will Power the AI Economy? Saudi Arabia, Silicon Valley and the Race for Compute",Stanford,Unspecified,https://www.tech-week.com/calendar/sf/events/who-will-power-the-ai-economy-saudi-arabia-silicon-valley-and-the-race-for-compu-51d261ee-6f09-4462-9233-844d7be05016,2026-09-24T03:24:10.256338Z
ccab76c7-0dba-4288-b9f5-0269e2d62b4c,2026-10-09,18:15,America/Los_Angeles,Product Leader Dinner,Pacific Heights,Unspecified,https://www.tech-week.com/calendar/sf/events/product-leader-dinner-ccab76c7-0dba-4288-b9f5-0269e2d62b4c,2026-09-24T03:24:10.256338Z
ac1ad1ca-cc7a-4cb0-8ff4-29a2c89bd2f9,2026-10-09,18:30,America/Los_Angeles,Angel Investors by the bar - #SF TechWeek,Palo Alto,Unspecified,https://www.tech-week.com/calendar/sf/events/angel-investors-by-the-bar-sf-techweek-ac1ad1ca-cc7a-4cb0-8ff4-29a2c89bd2f9,2026-09-24T03:24:10.256338Z
e8197f52-dc5d-4ce1-951d-29c8c487455b,2026-10-09,18:30,America/Los_Angeles,EPIC Connector Afterparty — SF Tech Week Closing Night,San Mateo,Unspecified,https://www.tech-week.com/calendar/sf/events/epic-connector-afterparty-sf-tech-week-closing-night-e8197f52-dc5d-4ce1-951d-29c8c487455b,2026-09-24T03:24:10.256338Z
c99c0923-0a38-4fd5-b91c-7ebc1cca5775,2026-10-09,18:30,America/Los_Angeles,"ESE’s First Birthday, Rooftop party Founders x Investors #SF TechWeek",SOMA,Unspecified,https://www.tech-week.com/calendar/sf/events/ese-s-first-birthday-rooftop-party-founders-x-investors-sf-techweek-c99c0923-0a38-4fd5-b91c-7ebc1cca5775,2026-09-24T03:24:10.256338Z
48d11e48-b88c-4188-abd4-acb3297faee0,2026-10-09,18:30,America/Los_Angeles,EXECUTIVE PRESENCE LAB Built for Tech & Business Leaders,Russian Hill,Unspecified,https://www.tech-week.com/calendar/sf/events/executive-presence-lab-built-for-tech-and-business-leaders-48d11e48-b88c-4188-abd4-acb3297faee0,2026-09-24T03:24:10.256338Z
0d0cd154-f39d-4624-9a2c-4f0cace4e8c0,2026-10-09,18:30,America/Los_Angeles,Founders Social After Dark,Other,Unspecified,https://www.tech-week.com/calendar/sf/events/founders-social-after-dark-0d0cd154-f39d-4624-9a2c-4f0cace4e8c0,2026-09-24T03:24:10.256338Z
ae02a927-0e79-4c11-8103-08ef8ef7d5b0,2026-10-09,18:30,America/Los_Angeles,HR & PEOPLE LEADERS HAPPY HOUR. Leadership Signals,Russian Hill,Unspecified,https://www.tech-week.com/calendar/sf/events/hr-and-people-leaders-happy-hour-leadership-signals-ae02a927-0e79-4c11-8103-08ef8ef7d5b0,2026-09-24T03:24:10.256338Z
ae72fa07-3a87-4da8-8853-c8d47435d80d,2026-10-09,18:30,America/Los_Angeles,South Asian Collective,Downtown,Unspecified,https://www.tech-week.com/calendar/sf/events/south-asian-collective-ae72fa07-3a87-4da8-8853-c8d47435d80d,2026-09-24T03:24:10.256338Z
82b1698e-9fb7-432b-a1b1-31f282cf6802,2026-10-09,18:30,America/Los_Angeles,Startup Fundraising via Tokenization: Future of RWA,Downtown,Unspecified,https://www.tech-week.com/calendar/sf/events/startup-fundraising-via-tokenization-future-of-rwa-82b1698e-9fb7-432b-a1b1-31f282cf6802,2026-09-24T03:24:10.256338Z
7f7dd660-9084-4f2e-b3ce-7416f635c727,2026-10-09,19:00,America/Los_Angeles,A+ Mixer,SOMA,Unspecified,https://www.tech-week.com/calendar/sf/events/a-mixer-7f7dd660-9084-4f2e-b3ce-7416f635c727,2026-09-24T03:24:10.256338Z
55d221e9-89d3-44df-9030-692667ab68bf,2026-10-09,19:00,America/Los_Angeles,Agent Economy Gala,Union Square,Unspecified,https://www.tech-week.com/calendar/sf/events/agent-economy-gala-55d221e9-89d3-44df-9030-692667ab68bf,2026-09-24T03:24:10.256338Z
4cd9986e-93f2-4323-a90b-390feab5c233,2026-10-09,19:00,America/Los_Angeles,AI & The Future of Marketing,Union Square,Unspecified,https://www.tech-week.com/calendar/sf/events/ai-and-the-future-of-marketing-4cd9986e-93f2-4323-a90b-390feab5c233,2026-09-24T03:24:10.256338Z
797493aa-2786-4c7b-8bf4-c4a516cd8f7b,2026-10-09,19:00,America/Los_Angeles,AI Founders & Builders Poker Night,FiDi,Unspecified,https://www.tech-week.com/calendar/sf/events/ai-founders-and-builders-poker-night-797493aa-2786-4c7b-8bf4-c4a516cd8f7b,2026-09-24T03:24:10.256338Z
5668acf3-7eac-4cd7-adb6-4bd84def390a,2026-10-09,19:00,America/Los_Angeles,CAD + AI SF,Downtown,Unspecified,https://www.tech-week.com/calendar/sf/events/cad-ai-sf-5668acf3-7eac-4cd7-adb6-4bd84def390a,2026-09-24T03:24:10.256338Z
ef044e34-f669-4136-88ed-2b165ea8801f,2026-10-09,19:00,America/Los_Angeles,Cofounder Speed Dating,SOMA,Unspecified,https://www.tech-week.com/calendar/sf/events/cofounder-speed-dating-ef044e34-f669-4136-88ed-2b165ea8801f,2026-09-24T03:24:10.256338Z
da41d4c4-5b94-4f78-aab3-cff59948f430,2026-10-09,19:00,America/Los_Angeles,Consumer Founder Michelin Dinner,Downtown,Unspecified,https://www.tech-week.com/calendar/sf/events/consumer-founder-michelin-dinner-da41d4c4-5b94-4f78-aab3-cff59948f430,2026-09-24T03:24:10.256338Z
42d69013-f345-45e4-a7bf-70c866d08216,2026-10-09,19:00,America/Los_Angeles,Context Party x Interf,Rincon Hill,Unspecified,https://www.tech-week.com/calendar/sf/events/context-party-x-interf-42d69013-f345-45e4-a7bf-70c866d08216,2026-09-24T03:24:10.256338Z
8970f1d9-d3d5-43c3-97cd-5cdf12d3bb11,2026-10-09,19:00,America/Los_Angeles,Creatives x AI: The Parlor Lecture Series (Ep 1),SOMA,Unspecified,https://www.tech-week.com/calendar/sf/events/creatives-x-ai-the-parlor-lecture-series-ep-1-8970f1d9-d3d5-43c3-97cd-5cdf12d3bb11,2026-09-24T03:24:10.256338Z
489e2863-3202-487f-bee9-b599c6ab1fbf,2026-10-09,19:00,America/Los_Angeles,Founder & Designer Speed Dating,Dogpatch,Unspecified,https://www.tech-week.com/calendar/sf/events/founder-and-designer-speed-dating-489e2863-3202-487f-bee9-b599c6ab1fbf,2026-09-24T03:24:10.256338Z
201f4170-2cbc-4eca-8a36-d740dfd9788a,2026-10-09,19:00,America/Los_Angeles,"Founder Table: Bring One Bottleneck, Leave With Answers",Union Square,Unspecified,https://www.tech-week.com/calendar/sf/events/founder-table-bring-one-bottleneck-leave-with-answers-201f4170-2cbc-4eca-8a36-d740dfd9788a,2026-09-24T03:24:10.256338Z
1c84ca2d-559a-4e81-b400-b14cfe5cb168,2026-10-09,19:00,America/Los_Angeles,Geoguessr Tournament and Hang,Downtown,Unspecified,https://www.tech-week.com/calendar/sf/events/geoguessr-tournament-and-hang-1c84ca2d-559a-4e81-b400-b14cfe5cb168,2026-09-24T03:24:10.256338Z
2ef2af71-27fc-4893-ba2b-ad8f538921ed,2026-10-09,19:00,America/Los_Angeles,GTM Hackathon,Mission Bay,Unspecified,https://www.tech-week.com/calendar/sf/events/gtm-hackathon-2ef2af71-27fc-4893-ba2b-ad8f538921ed,2026-09-24T03:24:10.256338Z
d4d3a22b-36d3-4808-874e-65498bf84454,2026-10-09,19:00,America/Los_Angeles,Murder Mystery - #SF TechWeek,Downtown,Unspecified,https://www.tech-week.com/calendar/sf/events/murder-mystery-sf-techweek-d4d3a22b-36d3-4808-874e-65498bf84454,2026-09-24T03:24:10.256338Z
6179eec0-9bc9-4839-812e-773e128cde9d,2026-10-09,19:00,America/Los_Angeles,Oct 9- Pitch Slap Tech Comedy,Mission,Unspecified,https://www.tech-week.com/calendar/sf/events/oct-9-pitch-slap-tech-comedy-6179eec0-9bc9-4839-812e-773e128cde9d,2026-09-24T03:24:10.256338Z
87599067-564d-4462-91f8-fa54850efb9d,2026-10-09,19:00,America/Los_Angeles,PlateTale Fine Dining,Mission Bay,Unspecified,https://www.tech-week.com/calendar/sf/events/platetale-fine-dining-87599067-564d-4462-91f8-fa54850efb9d,2026-09-24T03:24:10.256338Z
00e476c1-4cee-42b7-9790-2ef3571b3d4b,2026-10-09,19:00,America/Los_Angeles,Robots & Bevs,Palo Alto,Unspecified,https://www.tech-week.com/calendar/sf/events/robots-and-bevs-00e476c1-4cee-42b7-9790-2ef3571b3d4b,2026-09-24T03:24:10.256338Z
7c1a52ff-ed9a-4d6a-8b7e-54b6249c9c08,2026-10-09,19:00,America/Los_Angeles,SF Techweek [GTM] after party 🌆,East Bay,Unspecified,https://www.tech-week.com/calendar/sf/events/sf-techweek-gtm-after-party-7c1a52ff-ed9a-4d6a-8b7e-54b6249c9c08,2026-09-24T03:24:10.256338Z
6325877a-f5ae-4598-b13e-9c41d8376209,2026-10-09,19:00,America/Los_Angeles,Silicon Valley Idol,Mission,Unspecified,https://www.tech-week.com/calendar/sf/events/silicon-valley-idol-6325877a-f5ae-4598-b13e-9c41d8376209,2026-09-24T03:24:10.256338Z
2f78df6a-2007-4aaf-ad0b-5dc207204237,2026-10-09,19:00,America/Los_Angeles,The Penthouse Affair By Founders Paddock,FiDi,Unspecified,https://www.tech-week.com/calendar/sf/events/the-penthouse-affair-by-founders-paddock-2f78df6a-2007-4aaf-ad0b-5dc207204237,2026-09-24T03:24:10.256338Z
6aba4204-6414-422f-b661-7bb5a2c9968c,2026-10-09,19:00,America/Los_Angeles,"Token Arcade: Play Games, Win ChatGPT & Claude Tokens",Downtown,Unspecified,https://www.tech-week.com/calendar/sf/events/token-arcade-play-games-win-chatgpt-and-claude-tokens-6aba4204-6414-422f-b661-7bb5a2c9968c,2026-09-24T03:24:10.256338Z
f6d29159-ded6-4e9c-afc6-985d28c0ddfa,2026-10-09,19:00,America/Los_Angeles,Vault Fashion X Tech Launch 💻🪩,East Bay,Unspecified,https://www.tech-week.com/calendar/sf/events/vault-fashion-x-tech-launch-f6d29159-ded6-4e9c-afc6-985d28c0ddfa,2026-09-24T03:24:10.256338Z
8d45da2b-3343-4016-8222-b8d73429e20e,2026-10-09,19:00,America/Los_Angeles,VIP Closing Party w/ Synexis & Funding Breakthrough Lab,FiDi,Unspecified,https://www.tech-week.com/calendar/sf/events/vip-closing-party-w-synexis-and-funding-breakthrough-lab-8d45da2b-3343-4016-8222-b8d73429e20e,2026-09-24T03:24:10.256338Z
44a2ec96-9824-4b06-9fdd-ad01e195887b,2026-10-09,20:00,America/Los_Angeles,a16z x Unicorner x Notion: The Official Afterparty,Lower Nob Hill,Unspecified,https://www.tech-week.com/calendar/sf/events/a16z-x-unicorner-x-notion-the-official-afterparty-44a2ec96-9824-4b06-9fdd-ad01e195887b,2026-09-24T03:24:10.256338Z
2902a590-e5eb-4f86-a1cb-316971914999,2026-10-09,20:00,America/Los_Angeles,Singles Only,Embarcadero,Unspecified,https://www.tech-week.com/calendar/sf/events/singles-only-2902a590-e5eb-4f86-a1cb-316971914999,2026-09-24T03:24:10.256338Z
dea594bd-19e1-4d98-a821-f310bec4dcb2,2026-10-09,20:30,America/Los_Angeles,OOO — The Techno Sound,Mission Bay,Unspecified,https://www.tech-week.com/calendar/sf/events/ooo-the-techno-sound-dea594bd-19e1-4d98-a821-f310bec4dcb2,2026-09-24T03:24:10.256338Z
523fab1b-36bf-4dc1-982b-d0fe49d2598e,2026-10-09,21:00,America/Los_Angeles,Steal AEO Playbook & Be the Answer in AI,FiDi,Unspecified,https://www.tech-week.com/calendar/sf/events/steal-aeo-playbook-and-be-the-answer-in-ai-523fab1b-36bf-4dc1-982b-d0fe49d2598e,2026-09-24T03:24:10.256338Z
39bf6c06-8b9b-49dd-8dec-4ca03a1a856d,2026-10-10,01:00,America/Los_Angeles,Napa Valley Founder & Investor Decompression Retreat,Downtown,Unspecified,https://www.tech-week.com/calendar/sf/events/napa-valley-founder-and-investor-decompression-retreat-39bf6c06-8b9b-49dd-8dec-4ca03a1a856d,2026-09-24T03:24:10.256338Z
ddfbf057-83a2-4191-a358-217cd462a8e4,2026-10-10,08:00,America/Los_Angeles,Canyon Group Ride,Cow Hollow,Unspecified,https://www.tech-week.com/calendar/sf/events/canyon-group-ride-ddfbf057-83a2-4191-a358-217cd462a8e4,2026-09-24T03:24:10.256338Z
3888f639-208e-4dc5-9414-08359c89ebf6,2026-10-10,08:00,America/Los_Angeles,Friends in Product Walk,Golden Gate Park,Unspecified,https://www.tech-week.com/calendar/sf/events/friends-in-product-walk-3888f639-208e-4dc5-9414-08359c89ebf6,2026-09-24T03:24:10.256338Z
9824c839-1524-4eb4-904b-14bfbb2efa05,2026-10-10,08:00,America/Los_Angeles,the Route. a Tech Week run and walk,Other,Unspecified,https://www.tech-week.com/calendar/sf/events/the-route-a-tech-week-run-and-walk-9824c839-1524-4eb4-904b-14bfbb2efa05,2026-09-24T03:24:10.256338Z
34a15801-55f0-4f64-918d-71dfea68aa7b,2026-10-10,08:00,America/Los_Angeles,Vecty: The Balance Sheet Ride,Golden Gate Park,Unspecified,https://www.tech-week.com/calendar/sf/events/vecty-the-balance-sheet-ride-34a15801-55f0-4f64-918d-71dfea68aa7b,2026-09-24T03:24:10.256338Z
1bae81af-61c5-4285-bd89-6a9c9d722169,2026-10-10,09:00,America/Los_Angeles,AI x Pre-Construction Hackathon,SOMA,Unspecified,https://www.tech-week.com/calendar/sf/events/ai-x-pre-construction-hackathon-1bae81af-61c5-4285-bd89-6a9c9d722169,2026-09-24T03:24:10.256338Z
96333460-14d7-407a-b278-e6988dce672d,2026-10-10,09:00,America/Los_Angeles,Ask a VP of Sales: Live GTM Office Hours for Early-Stage B2B Founders,Virtual,Unspecified,https://www.tech-week.com/calendar/sf/events/ask-a-vp-of-sales-live-gtm-office-hours-for-early-stage-b2b-founders-96333460-14d7-407a-b278-e6988dce672d,2026-09-24T03:24:10.256338Z
0e2a2278-d557-4652-9e44-0639f3cc9db5,2026-10-10,09:00,America/Los_Angeles,Build For Her,Other,Unspecified,https://www.tech-week.com/calendar/sf/events/build-for-her-0e2a2278-d557-4652-9e44-0639f3cc9db5,2026-09-24T03:24:10.256338Z
2a6f272a-72d2-43f5-a031-fa7836c7b1f7,2026-10-10,09:00,America/Los_Angeles,"Get Your Company Featured to 1,000 Builders",SOMA,Unspecified,https://www.tech-week.com/calendar/sf/events/get-your-company-featured-to-1-000-builders-2a6f272a-72d2-43f5-a031-fa7836c7b1f7,2026-09-24T03:24:10.256338Z
43ac93db-0868-4e09-b531-adf536a5293d,2026-10-10,09:00,America/Los_Angeles,Health Tech Run,Marina,Unspecified,https://www.tech-week.com/calendar/sf/events/health-tech-run-43ac93db-0868-4e09-b531-adf536a5293d,2026-09-24T03:24:10.256338Z
a5116d57-6918-43de-a1e6-fbe78af22fc6,2026-10-10,09:00,America/Los_Angeles,Intro to boxing for tech founders,Russian Hill,Unspecified,https://www.tech-week.com/calendar/sf/events/intro-to-boxing-for-tech-founders-a5116d57-6918-43de-a1e6-fbe78af22fc6,2026-09-24T03:24:10.256338Z
f85a2009-8d27-40a6-817d-cde1fd97f986,2026-10-10,09:00,America/Los_Angeles,Oasis Multi-Agent Hackathon,FiDi,Unspecified,https://www.tech-week.com/calendar/sf/events/oasis-multi-agent-hackathon-f85a2009-8d27-40a6-817d-cde1fd97f986,2026-09-24T03:24:10.256338Z
91790b43-be59-4c27-adda-59d18e1614e9,2026-10-10,09:00,America/Los_Angeles,PrincipiumX: The First Principles Way to Find the Next 10X Opportunity Hiding in Your Product.,SOMA,Unspecified,https://www.tech-week.com/calendar/sf/events/principiumx-the-first-principles-way-to-find-the-next-10x-opportunity-hiding-in-91790b43-be59-4c27-adda-59d18e1614e9,2026-09-24T03:24:10.256338Z
2ea9ffb9-d4c2-410f-b45c-94eab588be96,2026-10-10,09:00,America/Los_Angeles,Talk to Users Hackathon,SOMA,Unspecified,https://www.tech-week.com/calendar/sf/events/talk-to-users-hackathon-2ea9ffb9-d4c2-410f-b45c-94eab588be96,2026-09-24T03:24:10.256338Z
ea946aa4-3237-4345-841c-5a22d4424a7b,2026-10-10,09:30,America/Los_Angeles,AI Hackathon,Mountain View,Unspecified,https://www.tech-week.com/calendar/sf/events/ai-hackathon-ea946aa4-3237-4345-841c-5a22d4424a7b,2026-09-24T03:24:10.256338Z
8daef8c0-0ae4-478a-b052-bef47aedd314,2026-10-10,09:30,America/Los_Angeles,Founders Running Club x MongoDB at,Panhandle,Unspecified,https://www.tech-week.com/calendar/sf/events/founders-running-club-x-mongodb-at-8daef8c0-0ae4-478a-b052-bef47aedd314,2026-09-24T03:24:10.256338Z
ab5f73aa-557c-490a-97e0-d46e47a5c2d3,2026-10-10,10:00,America/Los_Angeles,AI on Trial: The Liability Moot Court by Ollive,Union Square,Unspecified,https://www.tech-week.com/calendar/sf/events/ai-on-trial-the-liability-moot-court-by-ollive-ab5f73aa-557c-490a-97e0-d46e47a5c2d3,2026-09-24T03:24:10.256338Z
2f0cf3da-b29e-4279-8267-3f27e128c504,2026-10-10,10:00,America/Los_Angeles,Build an AI-Native Company (In a Day),SOMA,Unspecified,https://www.tech-week.com/calendar/sf/events/build-an-ai-native-company-in-a-day-2f0cf3da-b29e-4279-8267-3f27e128c504,2026-09-24T03:24:10.256338Z
ec9da888-037b-484d-abe4-1ab2be5ce899,2026-10-10,10:00,America/Los_Angeles,Creative Data Hackathon,Mission,Unspecified,https://www.tech-week.com/calendar/sf/events/creative-data-hackathon-ec9da888-037b-484d-abe4-1ab2be5ce899,2026-09-24T03:24:10.256338Z
adbe9905-fe68-4db4-855e-c13f8d2c4bfa,2026-10-10,10:00,America/Los_Angeles,Exited Founders and QP Allocators: Coastal Walk and Coffee 👟🤝,Marina,Unspecified,https://www.tech-week.com/calendar/sf/events/exited-founders-and-qp-allocators-coastal-walk-and-coffee-adbe9905-fe68-4db4-855e-c13f8d2c4bfa,2026-09-24T03:24:10.256338Z
e24f7d3b-5bd7-42c2-8f53-a7476c56b9a3,2026-10-10,10:00,America/Los_Angeles,Walk & Talk: Founders & VCs Stroll Through Golden Gate Park,Golden Gate Park,Unspecified,https://www.tech-week.com/calendar/sf/events/walk-and-talk-founders-and-vcs-stroll-through-golden-gate-park-e24f7d3b-5bd7-42c2-8f53-a7476c56b9a3,2026-09-24T03:24:10.256338Z
53a1276d-2b02-4faf-9b81-4887998a6d4c,2026-10-10,10:00,America/Los_Angeles,Wellness Mixer for High Performers and Corporate Teams: by TAYWay & Velle,Embarcadero,Unspecified,https://www.tech-week.com/calendar/sf/events/wellness-mixer-for-high-performers-and-corporate-teams-by-tayway-and-velle-53a1276d-2b02-4faf-9b81-4887998a6d4c,2026-09-24T03:24:10.256338Z
e2f37889-5984-4423-9b10-c609c4931e6e,2026-10-10,10:30,America/Los_Angeles,[CreatorThon],Palo Alto,Unspecified,https://www.tech-week.com/calendar/sf/events/creatorthon-e2f37889-5984-4423-9b10-c609c4931e6e,2026-09-24T03:24:10.256338Z
6034eb61-e13f-40d4-b679-c2d342def921,2026-10-10,10:30,America/Los_Angeles,Decision-Grade AI @ Stanford ⚡️ A Buildathon on LLM Trust,Stanford,Unspecified,https://www.tech-week.com/calendar/sf/events/decision-grade-ai-stanford-a-buildathon-on-llm-trust-6034eb61-e13f-40d4-b679-c2d342def921,2026-09-24T03:24:10.256338Z
d8374b8a-7eaf-498f-96ed-f842dd2ebff9,2026-10-10,10:30,America/Los_Angeles,Social Impact SF: Haight-Ashbury Walking Tour & Picnic,Haight Ashbury,Unspecified,https://www.tech-week.com/calendar/sf/events/social-impact-sf-haight-ashbury-walking-tour-and-picnic-d8374b8a-7eaf-498f-96ed-f842dd2ebff9,2026-09-24T03:24:10.256338Z
5d1da472-a930-46dd-9840-82b08a10acbe,2026-10-10,11:00,America/Los_Angeles,AI Wearables | Flexible Biosensors,FiDi,Unspecified,https://www.tech-week.com/calendar/sf/events/ai-wearables-flexible-biosensors-5d1da472-a930-46dd-9840-82b08a10acbe,2026-09-24T03:24:10.256338Z
e6407de2-b8e1-4226-815d-0c1061bc923c,2026-10-10,11:00,America/Los_Angeles,AI Wellness Space at SF Tech Week - Build with AI x Shaanti,Downtown,Unspecified,https://www.tech-week.com/calendar/sf/events/ai-wellness-space-at-sf-tech-week-build-with-ai-x-shaanti-e6407de2-b8e1-4226-815d-0c1061bc923c,2026-09-24T03:24:10.256338Z
8feca166-f84c-4f41-b3f5-0054c319e71a,2026-10-10,11:00,America/Los_Angeles,Behind the Angel Check: A Fireside Chaat,Hayes Valley,Unspecified,https://www.tech-week.com/calendar/sf/events/behind-the-angel-check-a-fireside-chaat-8feca166-f84c-4f41-b3f5-0054c319e71a,2026-09-24T03:24:10.256338Z
e602a8ff-18ca-4071-a2b9-622c50fa3860,2026-10-10,11:00,America/Los_Angeles,CarShowAndWine,Mission,Unspecified,https://www.tech-week.com/calendar/sf/events/carshowandwine-e602a8ff-18ca-4071-a2b9-622c50fa3860,2026-09-24T03:24:10.256338Z
afac43d7-1c9a-4016-a330-52ec5aa11245,2026-10-10,11:00,America/Los_Angeles,INTERFACE: Hack the Space Between,SOMA,Unspecified,https://www.tech-week.com/calendar/sf/events/interface-hack-the-space-between-afac43d7-1c9a-4016-a330-52ec5aa11245,2026-09-24T03:24:10.256338Z
e3d0c97a-8719-490f-89f1-2d488c769878,2026-10-10,11:00,America/Los_Angeles,NGEN Student Founder Summit: Only Student Founder Event @ SFTW,FiDi,Unspecified,https://www.tech-week.com/calendar/sf/events/ngen-student-founder-summit-only-student-founder-event-sftw-e3d0c97a-8719-490f-89f1-2d488c769878,2026-09-24T03:24:10.256338Z
ad78474b-b1ab-4411-a298-eb2ff9b8d6b1,2026-10-10,11:00,America/Los_Angeles,Sip & Ship: The Un-Hackathon,Virtual,Unspecified,https://www.tech-week.com/calendar/sf/events/sip-and-ship-the-un-hackathon-ad78474b-b1ab-4411-a298-eb2ff9b8d6b1,2026-09-24T03:24:10.256338Z
542a7958-c50f-49ab-8582-7642d16e6981,2026-10-10,11:00,America/Los_Angeles,The 10x Engineer Showed Up. The 10x Organization Didn't.,Fisherman's Wharf,Unspecified,https://www.tech-week.com/calendar/sf/events/the-10x-engineer-showed-up-the-10x-organization-didn-t-542a7958-c50f-49ab-8582-7642d16e6981,2026-09-24T03:24:10.256338Z
f524e371-1996-42c0-b308-42df47286bec,2026-10-10,11:00,America/Los_Angeles,Vibe Coding the AI-Native Organization,Palo Alto,Unspecified,https://www.tech-week.com/calendar/sf/events/vibe-coding-the-ai-native-organization-f524e371-1996-42c0-b308-42df47286bec,2026-09-24T03:24:10.256338Z
f9dad556-7d86-48c0-ad37-125f72014492,2026-10-10,12:00,America/Los_Angeles,AI Infra & Frontier Builders BBQ | Powered by Flatkey & Realset,Other,Unspecified,https://www.tech-week.com/calendar/sf/events/ai-infra-and-frontier-builders-bbq-powered-by-flatkey-and-realset-f9dad556-7d86-48c0-ad37-125f72014492,2026-09-24T03:24:10.256338Z
9a3fee93-0c7d-4f71-be43-47b365e9be7b,2026-10-10,12:00,America/Los_Angeles,Make Your Store ChatGPT-Famous,SOMA,Unspecified,https://www.tech-week.com/calendar/sf/events/make-your-store-chatgpt-famous-9a3fee93-0c7d-4f71-be43-47b365e9be7b,2026-09-24T03:24:10.256338Z
32228db4-9900-4214-9964-63cf33d758b3,2026-10-10,12:00,America/Los_Angeles,Oyster Bake 2026,Other,Unspecified,https://www.tech-week.com/calendar/sf/events/oyster-bake-2026-32228db4-9900-4214-9964-63cf33d758b3,2026-09-24T03:24:10.256338Z
86125ab1-a65c-4ea6-8726-c422a6cf3e0f,2026-10-10,13:00,America/Los_Angeles,Build a BankGPT,FiDi,Unspecified,https://www.tech-week.com/calendar/sf/events/build-a-bankgpt-86125ab1-a65c-4ea6-8726-c422a6cf3e0f,2026-09-24T03:24:10.256338Z
8fe538bd-390b-4e18-969c-29a8d15e91f2,2026-10-10,13:00,America/Los_Angeles,Deep Tech Founder's Retreat,Other,Unspecified,https://www.tech-week.com/calendar/sf/events/deep-tech-founder-s-retreat-8fe538bd-390b-4e18-969c-29a8d15e91f2,2026-09-24T03:24:10.256338Z
e6a114d3-c8ff-4127-bd49-f1724245dcac,2026-10-10,13:00,America/Los_Angeles,Frontier in Action: Physical AI Demo Day,Mission,Unspecified,https://www.tech-week.com/calendar/sf/events/frontier-in-action-physical-ai-demo-day-e6a114d3-c8ff-4127-bd49-f1724245dcac,2026-09-24T03:24:10.256338Z
ff1a8225-7027-41b3-af0f-8ce76258a4fd,2026-10-10,13:00,America/Los_Angeles,"Rooftop 🔥 BBQ: Product folks, founders & investors",Other,Unspecified,https://www.tech-week.com/calendar/sf/events/rooftop-bbq-product-folks-founders-and-investors-ff1a8225-7027-41b3-af0f-8ce76258a4fd,2026-09-24T03:24:10.256338Z
2aaf3862-27ec-4f89-9d6d-972e6da4cf9b,2026-10-10,13:30,America/Los_Angeles,Making the Agentic Web OPEN for business,Downtown,Unspecified,https://www.tech-week.com/calendar/sf/events/making-the-agentic-web-open-for-business-2aaf3862-27ec-4f89-9d6d-972e6da4cf9b,2026-09-24T03:24:10.256338Z
a53ce76a-5d5e-48fc-940e-8c68e6ec635d,2026-10-10,13:30,America/Los_Angeles,Meshy × Chrona: Build Multiplayer 3D Worlds With AI,FiDi,Unspecified,https://www.tech-week.com/calendar/sf/events/meshy-chrona-build-multiplayer-3d-worlds-with-ai-a53ce76a-5d5e-48fc-940e-8c68e6ec635d,2026-09-24T03:24:10.256338Z
0d7f310e-3035-40d7-b507-717aa99a973f,2026-10-10,13:45,America/Los_Angeles,Tech Basketball Run,Downtown,Unspecified,https://www.tech-week.com/calendar/sf/events/tech-basketball-run-0d7f310e-3035-40d7-b507-717aa99a973f,2026-09-24T03:24:10.256338Z
f1c22f93-1ad0-4359-bf37-092476c8e566,2026-10-10,14:00,America/Los_Angeles,"Care at a Distance: AI, Sensors & the Future of Aging",Palo Alto,Unspecified,https://www.tech-week.com/calendar/sf/events/care-at-a-distance-ai-sensors-and-the-future-of-aging-f1c22f93-1ad0-4359-bf37-092476c8e566,2026-09-24T03:24:10.256338Z
ce55419a-acd1-4427-a668-e1d592780d3c,2026-10-10,14:00,America/Los_Angeles,Design in the age of AI,Mission,Waitlist,https://www.tech-week.com/calendar/sf/events/design-in-the-age-of-ai-ce55419a-acd1-4427-a668-e1d592780d3c,2026-09-24T03:24:10.256338Z
240b62c7-664b-4cae-9c12-07b6f24eb2d9,2026-10-10,14:00,America/Los_Angeles,Knovel Literary Club,Civic Center,Unspecified,https://www.tech-week.com/calendar/sf/events/knovel-literary-club-240b62c7-664b-4cae-9c12-07b6f24eb2d9,2026-09-24T03:24:10.256338Z
a4d98973-9e1a-4bd5-955c-397498e4598a,2026-10-10,14:00,America/Los_Angeles,Let Your Funding Take Flight!,Russian Hill,Unspecified,https://www.tech-week.com/calendar/sf/events/let-your-funding-take-flight-a4d98973-9e1a-4bd5-955c-397498e4598a,2026-09-24T03:24:10.256338Z
8d34d57a-6082-4620-a3e9-98f0ba4b950a,2026-10-10,14:00,America/Los_Angeles,SOCIAL MIXER FOR AI TOOLS,FiDi,Unspecified,https://www.tech-week.com/calendar/sf/events/social-mixer-for-ai-tools-8d34d57a-6082-4620-a3e9-98f0ba4b950a,2026-09-24T03:24:10.256338Z
08cac81c-c4cc-49dd-bdb3-2d56e5906de0,2026-10-10,14:00,America/Los_Angeles,Watch AI Turn a Sketch into a Factory Order — Live Demos,Mission Bay,Unspecified,https://www.tech-week.com/calendar/sf/events/watch-ai-turn-a-sketch-into-a-factory-order-live-demos-08cac81c-c4cc-49dd-bdb3-2d56e5906de0,2026-09-24T03:24:10.256338Z
5deb7d95-3481-4d1e-a86b-65126cca359a,2026-10-10,15:00,America/Los_Angeles,From Reviews to Intelligence: The Next Generation of Beauty Discovery.,Design District,Unspecified,https://www.tech-week.com/calendar/sf/events/from-reviews-to-intelligence-the-next-generation-of-beauty-discovery-5deb7d95-3481-4d1e-a86b-65126cca359a,2026-09-24T03:24:10.256338Z
68527b84-fac7-4d1f-9b5d-9a78e57097aa,2026-10-10,15:00,America/Los_Angeles,GCSx SF 2026,Downtown,Unspecified,https://www.tech-week.com/calendar/sf/events/gcsx-sf-2026-68527b84-fac7-4d1f-9b5d-9a78e57097aa,2026-09-24T03:24:10.256338Z
3c848219-6487-4f3b-afda-ff0ec6d7cd2b,2026-10-10,15:00,America/Los_Angeles,HUMANA FUTURA - Aligning Tech w/ Human Wellness & Creativity,SOMA,Unspecified,https://www.tech-week.com/calendar/sf/events/humana-futura-aligning-tech-w-human-wellness-and-creativity-3c848219-6487-4f3b-afda-ff0ec6d7cd2b,2026-09-24T03:24:10.256338Z
47432fb3-d181-458b-93f3-cd4c43320767,2026-10-10,15:00,America/Los_Angeles,Renaissance Collective,East Bay,Unspecified,https://www.tech-week.com/calendar/sf/events/renaissance-collective-47432fb3-d181-458b-93f3-cd4c43320767,2026-09-24T03:24:10.256338Z
a1fbe39e-86d1-479a-af8e-f55b0515be2a,2026-10-10,15:00,America/Los_Angeles,Tech Gals Chat over Chai: Leher,Other,Unspecified,https://www.tech-week.com/calendar/sf/events/tech-gals-chat-over-chai-leher-a1fbe39e-86d1-479a-af8e-f55b0515be2a,2026-09-24T03:24:10.256338Z
f753d6d6-54b6-48b3-88a5-34a017d84e72,2026-10-10,15:00,America/Los_Angeles,Women X Foundation: Where Capital Meets the Next Wave of AI,Downtown,Unspecified,https://www.tech-week.com/calendar/sf/events/women-x-foundation-where-capital-meets-the-next-wave-of-ai-f753d6d6-54b6-48b3-88a5-34a017d84e72,2026-09-24T03:24:10.256338Z
cb3967e9-14dd-48f8-b032-120cd08a8f94,2026-10-10,15:00,America/Los_Angeles,​🇺🇸 Family Offices Investors Summit 🥂🕯Michelin‑Dinner📍San Francisco📍Oct 5-11,FiDi,Unspecified,https://www.tech-week.com/calendar/sf/events/family-offices-investors-summit-michelin-dinner-san-francisco-oct-5-11-cb3967e9-14dd-48f8-b032-120cd08a8f94,2026-09-24T03:24:10.256338Z
1ebc84d0-0201-403b-9736-51d250d64555,2026-10-10,16:00,America/Los_Angeles,AAC Presents - Impact Room: Building The Future We Want,Downtown,Unspecified,https://www.tech-week.com/calendar/sf/events/aac-presents-impact-room-building-the-future-we-want-1ebc84d0-0201-403b-9736-51d250d64555,2026-09-24T03:24:10.256338Z
fe0ed24f-8bc5-43d8-917d-5633017556ab,2026-10-10,16:00,America/Los_Angeles,Data Moats in AI: A Founder Happy Hour,Mission,Unspecified,https://www.tech-week.com/calendar/sf/events/data-moats-in-ai-a-founder-happy-hour-fe0ed24f-8bc5-43d8-917d-5633017556ab,2026-09-24T03:24:10.256338Z
b6a052b3-9ff6-47cc-97e8-23010b459ea8,2026-10-10,16:00,America/Los_Angeles,"Forward Deployed Engineer: Hear From Experts, Then Try It",Palo Alto,Unspecified,https://www.tech-week.com/calendar/sf/events/forward-deployed-engineer-hear-from-experts-then-try-it-b6a052b3-9ff6-47cc-97e8-23010b459ea8,2026-09-24T03:24:10.256338Z
7d8c05d8-a87d-4346-abd5-df2a5d95fdd0,2026-10-10,16:30,America/Los_Angeles,Investor-Founder Connect,Downtown,Unspecified,https://www.tech-week.com/calendar/sf/events/investor-founder-connect-7d8c05d8-a87d-4346-abd5-df2a5d95fdd0,2026-09-24T03:24:10.256338Z
45806170-5a4c-404e-ad35-92ef9967e196,2026-10-10,16:30,America/Los_Angeles,"The Next Big Name in Painting — Live, In a Living Room",Palo Alto,Unspecified,https://www.tech-week.com/calendar/sf/events/the-next-big-name-in-painting-live-in-a-living-room-45806170-5a4c-404e-ad35-92ef9967e196,2026-09-24T03:24:10.256338Z
70cd2265-0c56-45f8-85d9-c742101cd9c7,2026-10-10,17:00,America/Los_Angeles,DATA IN MOTION - COHARTS #SF Tech Week,East Bay,Unspecified,https://www.tech-week.com/calendar/sf/events/data-in-motion-coharts-sf-tech-week-70cd2265-0c56-45f8-85d9-c742101cd9c7,2026-09-24T03:24:10.256338Z
fa988d40-881a-4452-b325-01f35ea7e6cb,2026-10-10,17:00,America/Los_Angeles,FASHION TECH,Marina,Unspecified,https://www.tech-week.com/calendar/sf/events/fashion-tech-fa988d40-881a-4452-b325-01f35ea7e6cb,2026-09-24T03:24:10.256338Z
71e4f513-2c6c-4af3-a3c5-f76a322af8b8,2026-10-10,17:00,America/Los_Angeles,Maritime (YC F26) Launch Party at Corgi Cafe,Civic Center,Unspecified,https://www.tech-week.com/calendar/sf/events/maritime-yc-f26-launch-party-at-corgi-cafe-71e4f513-2c6c-4af3-a3c5-f76a322af8b8,2026-09-24T03:24:10.256338Z
f8762930-3491-46da-b741-87746663e107,2026-10-10,17:00,America/Los_Angeles,Raisable Founders & Investors Night,Downtown,Unspecified,https://www.tech-week.com/calendar/sf/events/raisable-founders-and-investors-night-f8762930-3491-46da-b741-87746663e107,2026-09-24T03:24:10.256338Z
8761e121-c7d7-48bd-924d-9de4424093a3,2026-10-10,17:00,America/Los_Angeles,Speak Easy: Pitch Lab Social,Russian Hill,Unspecified,https://www.tech-week.com/calendar/sf/events/speak-easy-pitch-lab-social-8761e121-c7d7-48bd-924d-9de4424093a3,2026-09-24T03:24:10.256338Z
0a6d4153-20bd-489b-bbd4-cc69b953c9ce,2026-10-10,17:00,America/Los_Angeles,What Should AI Leave Untouched? An Anti-Networking Salon on the Human Moat,SOMA,Unspecified,https://www.tech-week.com/calendar/sf/events/what-should-ai-leave-untouched-an-anti-networking-salon-on-the-human-moat-0a6d4153-20bd-489b-bbd4-cc69b953c9ce,2026-09-24T03:24:10.256338Z
8e4851c2-90ba-46a0-a4b9-84e6a50cec10,2026-10-10,17:30,America/Los_Angeles,Eatopia Dinner Lab @ Stanford University: Personalized Nutrition Protocol,Palo Alto,Unspecified,https://www.tech-week.com/calendar/sf/events/eatopia-dinner-lab-stanford-university-personalized-nutrition-protocol-8e4851c2-90ba-46a0-a4b9-84e6a50cec10,2026-09-24T03:24:10.256338Z
7f8484eb-0f23-4943-aade-862ffd4bd184,2026-10-10,17:30,America/Los_Angeles,The SF Tech Week Robot Contest (Robotics & Physical AI),SOMA,Unspecified,https://www.tech-week.com/calendar/sf/events/the-sf-tech-week-robot-contest-robotics-and-physical-ai-7f8484eb-0f23-4943-aade-862ffd4bd184,2026-09-24T03:24:10.256338Z
4fba6dd0-9a77-4b00-9bdf-2c7585a9df32,2026-10-10,17:30,America/Los_Angeles,The Tech Leaders Suite: Warriors x SFTechWeek,Mission Bay,Unspecified,https://www.tech-week.com/calendar/sf/events/the-tech-leaders-suite-warriors-x-sftechweek-4fba6dd0-9a77-4b00-9bdf-2c7585a9df32,2026-09-24T03:24:10.256338Z
791a30bf-753e-4452-b3ba-3892e8975d47,2026-10-10,18:00,America/Los_Angeles,AdaL Workshop,Downtown,Unspecified,https://www.tech-week.com/calendar/sf/events/adal-workshop-791a30bf-753e-4452-b3ba-3892e8975d47,2026-09-24T03:24:10.256338Z
cc1667e5-c6bd-4cdd-987b-4ed1cbcd7593,2026-10-10,18:00,America/Los_Angeles,Backlog to PR- An Evening with Vorflux,SOMA,Unspecified,https://www.tech-week.com/calendar/sf/events/backlog-to-pr-an-evening-with-vorflux-cc1667e5-c6bd-4cdd-987b-4ed1cbcd7593,2026-09-24T03:24:10.256338Z
bad937ec-1951-47af-8134-a737803ff5a0,2026-10-10,18:00,America/Los_Angeles,Canyon Wrap Party,Cow Hollow,Unspecified,https://www.tech-week.com/calendar/sf/events/canyon-wrap-party-bad937ec-1951-47af-8134-a737803ff5a0,2026-09-24T03:24:10.256338Z
e9edd3fe-1cf5-48b6-a89c-0d566e42d269,2026-10-10,18:00,America/Los_Angeles,Engineered Serendipity Party,Mission,Unspecified,https://www.tech-week.com/calendar/sf/events/engineered-serendipity-party-e9edd3fe-1cf5-48b6-a89c-0d566e42d269,2026-09-24T03:24:10.256338Z
fe2bb9fc-8457-4277-b288-5b7f77ecb21d,2026-10-10,18:00,America/Los_Angeles,Harness in Frontier AI systems,Downtown,Unspecified,https://www.tech-week.com/calendar/sf/events/harness-in-frontier-ai-systems-fe2bb9fc-8457-4277-b288-5b7f77ecb21d,2026-09-24T03:24:10.256338Z
1e4bd0a4-3b03-4064-a766-ce16f6105597,2026-10-10,18:00,America/Los_Angeles,Human-in-the-loop for AI agents and automated workflows,Fisherman's Wharf,Unspecified,https://www.tech-week.com/calendar/sf/events/human-in-the-loop-for-ai-agents-and-automated-workflows-1e4bd0a4-3b03-4064-a766-ce16f6105597,2026-09-24T03:24:10.256338Z
8bb32a87-2055-44a1-80cf-c423f49d2b63,2026-10-10,18:00,America/Los_Angeles,New Friendship Tech Week,Other,Unspecified,https://www.tech-week.com/calendar/sf/events/new-friendship-tech-week-8bb32a87-2055-44a1-80cf-c423f49d2b63,2026-09-24T03:24:10.256338Z
0fd36a9a-410e-4a8c-ab1f-4f290e9d1c76,2026-10-10,18:00,America/Los_Angeles,When off-the-shelf doesn't fit: owning your schematic tooling,Downtown,Unspecified,https://www.tech-week.com/calendar/sf/events/when-off-the-shelf-doesn-t-fit-owning-your-schematic-tooling-0fd36a9a-410e-4a8c-ab1f-4f290e9d1c76,2026-09-24T03:24:10.256338Z
38038f43-5c39-4626-95f9-7e301f8f3c6a,2026-10-10,18:30,America/Los_Angeles,AI in Real Estate Investing,Lower Nob Hill,Unspecified,https://www.tech-week.com/calendar/sf/events/ai-in-real-estate-investing-38038f43-5c39-4626-95f9-7e301f8f3c6a,2026-09-24T03:24:10.256338Z
ef82ea23-ed9e-411a-a34e-07851cb6fd52,2026-10-10,19:00,America/Los_Angeles,Cocktail Networking,Downtown,Unspecified,https://www.tech-week.com/calendar/sf/events/cocktail-networking-ef82ea23-ed9e-411a-a34e-07851cb6fd52,2026-09-24T03:24:10.256338Z
18e1d9a1-501a-4fe4-848c-9c96e951fdbf,2026-10-10,19:00,America/Los_Angeles,Spark Night,Dogpatch,Unspecified,https://www.tech-week.com/calendar/sf/events/spark-night-18e1d9a1-501a-4fe4-848c-9c96e951fdbf,2026-09-24T03:24:10.256338Z
57371749-68c4-4f39-a248-4975a135e31e,2026-10-10,19:30,America/Los_Angeles,Tech Week Impact Gala,FiDi,Unspecified,https://www.tech-week.com/calendar/sf/events/tech-week-impact-gala-57371749-68c4-4f39-a248-4975a135e31e,2026-09-24T03:24:10.256338Z
f3e5f8be-31d0-4999-9654-bd7d6bf132c4,2026-10-10,20:00,America/Los_Angeles,[The Second Act: Post-Exit Strategy & 0-to-1 Blueprint for Serial Founders],SOMA,Unspecified,https://www.tech-week.com/calendar/sf/events/the-second-act-post-exit-strategy-and-0-to-1-blueprint-for-serial-founders-f3e5f8be-31d0-4999-9654-bd7d6bf132c4,2026-09-24T03:24:10.256338Z
ddc0fc29-25c9-4294-8311-5df47903775f,2026-10-10,20:00,America/Los_Angeles,Call Me Maybe,SOMA,Unspecified,https://www.tech-week.com/calendar/sf/events/call-me-maybe-ddc0fc29-25c9-4294-8311-5df47903775f,2026-09-24T03:24:10.256338Z
10fadd6c-a090-4ddc-b4f9-428bce950968,2026-10-11,07:00,America/Los_Angeles,Climate Tech Mixer,Virtual,Unspecified,https://www.tech-week.com/calendar/sf/events/climate-tech-mixer-10fadd6c-a090-4ddc-b4f9-428bce950968,2026-09-24T03:24:10.256338Z
5b7f0b42-7807-4445-99c0-753692eacaa5,2026-10-11,09:00,America/Los_Angeles,[Community Wellness Retreat],Downtown,Unspecified,https://www.tech-week.com/calendar/sf/events/community-wellness-retreat-5b7f0b42-7807-4445-99c0-753692eacaa5,2026-09-24T03:24:10.256338Z
ec78848e-a5f0-4a6e-a650-d4659571e7d6,2026-10-11,09:00,America/Los_Angeles,AI-Native Startup Hackathon,Downtown,Unspecified,https://www.tech-week.com/calendar/sf/events/ai-native-startup-hackathon-ec78848e-a5f0-4a6e-a650-d4659571e7d6,2026-09-24T03:24:10.256338Z
24c02020-e862-4f35-8af7-f69ef6a44493,2026-10-11,09:00,America/Los_Angeles,Charity Miles Run Club with Social Impact SF,Presidio Heights,Unspecified,https://www.tech-week.com/calendar/sf/events/charity-miles-run-club-with-social-impact-sf-24c02020-e862-4f35-8af7-f69ef6a44493,2026-09-24T03:24:10.256338Z
e4a52a73-36a2-47c0-b13e-4e1385361a7d,2026-10-11,09:00,America/Los_Angeles,Multi Model Hackathon,SOMA,Unspecified,https://www.tech-week.com/calendar/sf/events/multi-model-hackathon-e4a52a73-36a2-47c0-b13e-4e1385361a7d,2026-09-24T03:24:10.256338Z
30c239a4-638a-4bd6-8d51-e15259668f51,2026-10-11,09:00,America/Los_Angeles,SpeedHacks: The Official speedrun Hackathon,Jackson Square,Unspecified,https://www.tech-week.com/calendar/sf/events/speedhacks-the-official-speedrun-hackathon-30c239a4-638a-4bd6-8d51-e15259668f51,2026-09-24T03:24:10.256338Z
1f0c682c-cb1f-49ee-a7fe-737491d0bfe3,2026-10-11,09:00,America/Los_Angeles,The AI-Native Talent Hunt with Codex,FiDi,Unspecified,https://www.tech-week.com/calendar/sf/events/the-ai-native-talent-hunt-with-codex-1f0c682c-cb1f-49ee-a7fe-737491d0bfe3,2026-09-24T03:24:10.256338Z
88af9295-2ccc-4bf8-bbc5-1eb223817051,2026-10-11,09:00,America/Los_Angeles,The Harness Engineering & Model Wrangling SF Hackathon,Embarcadero,Unspecified,https://www.tech-week.com/calendar/sf/events/the-harness-engineering-and-model-wrangling-sf-hackathon-88af9295-2ccc-4bf8-bbc5-1eb223817051,2026-09-24T03:24:10.256338Z
bfb6fa98-dde1-43d6-af54-fae311789244,2026-10-11,09:30,America/Los_Angeles,Brain optimization summit 2026,Dogpatch,Unspecified,https://www.tech-week.com/calendar/sf/events/brain-optimization-summit-2026-bfb6fa98-dde1-43d6-af54-fae311789244,2026-09-24T03:24:10.256338Z
eca8c380-bb81-4f5a-bc1a-5a2ea49f50e3,2026-10-11,10:00,America/Los_Angeles,B@BHacks 2.0 ($10k in prizes),East Bay,Unspecified,https://www.tech-week.com/calendar/sf/events/b-bhacks-2-0-10k-in-prizes-eca8c380-bb81-4f5a-bc1a-5a2ea49f50e3,2026-09-24T03:24:10.256338Z
4a099b67-2c3c-4343-a04d-6a84caa6591c,2026-10-11,10:00,America/Los_Angeles,From Data Collection to Real-Time Impact: A Demo of Metriproof for Nonprofits,Other,Unspecified,https://www.tech-week.com/calendar/sf/events/from-data-collection-to-real-time-impact-a-demo-of-metriproof-for-nonprofits-4a099b67-2c3c-4343-a04d-6a84caa6591c,2026-09-24T03:24:10.256338Z
e0d93889-fe77-436e-89c0-d5bd99b22ee7,2026-10-11,10:00,America/Los_Angeles,Networking for Introverts: Master the Follow-up * Virtual *,Other,Unspecified,https://www.tech-week.com/calendar/sf/events/networking-for-introverts-master-the-follow-up-virtual-e0d93889-fe77-436e-89c0-d5bd99b22ee7,2026-09-24T03:24:10.256338Z
346a3586-055d-44b1-8ac6-b62158204d75,2026-10-11,10:00,America/Los_Angeles,Raisable Founders & Investors Hike,Stanford,Unspecified,https://www.tech-week.com/calendar/sf/events/raisable-founders-and-investors-hike-346a3586-055d-44b1-8ac6-b62158204d75,2026-09-24T03:24:10.256338Z
a64055bd-cc4c-4397-be3d-bdd167026d8f,2026-10-11,10:00,America/Los_Angeles,Recursive Self Improvement Hack: Evals,Civic Center,Unspecified,https://www.tech-week.com/calendar/sf/events/recursive-self-improvement-hack-evals-a64055bd-cc4c-4397-be3d-bdd167026d8f,2026-09-24T03:24:10.256338Z
1aa3beea-03e6-4cae-83c1-f731dfa509d5,2026-10-11,10:00,America/Los_Angeles,Shopping 3.0: the AI Commerce Hackathon with Arcade,Union Square,Unspecified,https://www.tech-week.com/calendar/sf/events/shopping-3-0-the-ai-commerce-hackathon-with-arcade-1aa3beea-03e6-4cae-83c1-f731dfa509d5,2026-09-24T03:24:10.256338Z
97b62122-1c81-494b-a54c-c21d05f6bfb7,2026-10-11,10:00,America/Los_Angeles,Sweat Out Tech Week,Union Square,Unspecified,https://www.tech-week.com/calendar/sf/events/sweat-out-tech-week-97b62122-1c81-494b-a54c-c21d05f6bfb7,2026-09-24T03:24:10.256338Z
590c7daa-231b-4c00-b038-e93d5630db79,2026-10-11,10:00,America/Los_Angeles,touch ./GRASS x Building the Future of AI Agents,Palo Alto,Unspecified,https://www.tech-week.com/calendar/sf/events/touch-grass-x-building-the-future-of-ai-agents-590c7daa-231b-4c00-b038-e93d5630db79,2026-09-24T03:24:10.256338Z
a5883fcf-2757-4523-91ea-251e4accbabd,2026-10-11,10:00,America/Los_Angeles,🤍Sunday Service & Brunch,Mission Bay,Unspecified,https://www.tech-week.com/calendar/sf/events/sunday-service-and-brunch-a5883fcf-2757-4523-91ea-251e4accbabd,2026-09-24T03:24:10.256338Z
bf023f68-830c-42c1-971d-37903278930b,2026-10-11,11:00,America/Los_Angeles,Human-in-the-Loop: Run Smarter Small Businesses with trust,Other,Unspecified,https://www.tech-week.com/calendar/sf/events/human-in-the-loop-run-smarter-small-businesses-with-trust-bf023f68-830c-42c1-971d-37903278930b,2026-09-24T03:24:10.256338Z
d52041c1-b3b9-4071-8963-47ffe182f643,2026-10-11,12:00,America/Los_Angeles,15th Pakistan Tech Summit,Civic Center,Unspecified,https://www.tech-week.com/calendar/sf/events/15th-pakistan-tech-summit-d52041c1-b3b9-4071-8963-47ffe182f643,2026-09-24T03:24:10.256338Z
afd749e0-7c9b-494f-8071-2103b998cfdd,2026-10-11,12:00,America/Los_Angeles,Physical AI Research Breakthroughs,Downtown,Unspecified,https://www.tech-week.com/calendar/sf/events/physical-ai-research-breakthroughs-afd749e0-7c9b-494f-8071-2103b998cfdd,2026-09-24T03:24:10.256338Z
b9993c52-f05b-464d-a74f-f7dab154743b,2026-10-11,13:00,America/Los_Angeles,AI Founders & Investors Silicon Valley Event (Riviera x IntelliPro x Tech Week),Other,Unspecified,https://www.tech-week.com/calendar/sf/events/ai-founders-and-investors-silicon-valley-event-riviera-x-intellipro-x-tech-week-b9993c52-f05b-464d-a74f-f7dab154743b,2026-09-24T03:24:10.256338Z
850c6640-0321-4bd4-8650-87f7275fa044,2026-10-11,13:00,America/Los_Angeles,"Sunday Signals: AI, Risk & Real Estate",Mission,Unspecified,https://www.tech-week.com/calendar/sf/events/sunday-signals-ai-risk-and-real-estate-850c6640-0321-4bd4-8650-87f7275fa044,2026-09-24T03:24:10.256338Z
9d45348f-7a48-481b-bfcf-9eb3653f6e62,2026-10-11,13:00,America/Los_Angeles,UC Berkeley Innovation Intelligence Hackathon,East Bay,Unspecified,https://www.tech-week.com/calendar/sf/events/uc-berkeley-innovation-intelligence-hackathon-9d45348f-7a48-481b-bfcf-9eb3653f6e62,2026-09-24T03:24:10.256338Z
ce57fb9a-8785-408c-b016-307c272e6e6e,2026-10-11,14:00,America/Los_Angeles,Talk On The Hill,Mission,Unspecified,https://www.tech-week.com/calendar/sf/events/talk-on-the-hill-ce57fb9a-8785-408c-b016-307c272e6e6e,2026-09-24T03:24:10.256338Z
3e68275d-051e-47a3-b8aa-7a8ed9cd06cf,2026-10-11,14:00,America/Los_Angeles,VRIFYD Live Hiring Lab Demo 2.0,Civic Center,Unspecified,https://www.tech-week.com/calendar/sf/events/vrifyd-live-hiring-lab-demo-2-0-3e68275d-051e-47a3-b8aa-7a8ed9cd06cf,2026-09-24T03:24:10.256338Z
98a92450-36a6-4ec8-bff3-ddf70dc92398,2026-10-11,14:30,America/Los_Angeles,Goals & Wine Tasting for People Leaders,East Bay,Unspecified,https://www.tech-week.com/calendar/sf/events/goals-and-wine-tasting-for-people-leaders-98a92450-36a6-4ec8-bff3-ddf70dc92398,2026-09-24T03:24:10.256338Z
64d5c54f-8128-4d8b-913a-5fcbd9bcc14e,2026-10-11,15:00,America/Los_Angeles,The Afterparty for Your Nervous System,Mission,Unspecified,https://www.tech-week.com/calendar/sf/events/the-afterparty-for-your-nervous-system-64d5c54f-8128-4d8b-913a-5fcbd9bcc14e,2026-09-24T03:24:10.256338Z
4e734874-ef77-4ba9-913b-93be526e11dc,2026-10-11,17:30,America/Los_Angeles,staaake Skybar Founders Hangover Closing Event,Union Square,Unspecified,https://www.tech-week.com/calendar/sf/events/staaake-skybar-founders-hangover-closing-event-4e734874-ef77-4ba9-913b-93be526e11dc,2026-09-24T03:24:10.256338Z
bc8da15e-21af-48a9-af89-3405ed4411f4,2026-10-11,18:00,America/Los_Angeles,Crossing the Chasm from Storytelling to Metric Rigor,Civic Center,Unspecified,https://www.tech-week.com/calendar/sf/events/crossing-the-chasm-from-storytelling-to-metric-rigor-bc8da15e-21af-48a9-af89-3405ed4411f4,2026-09-24T03:24:10.256338Z
3e62858c-4273-4e34-b0d7-62adeac47875,2026-10-11,18:30,America/Los_Angeles,Sunset and Tacos on Mount Tam,Panhandle,Unspecified,https://www.tech-week.com/calendar/sf/events/sunset-and-tacos-on-mount-tam-3e62858c-4273-4e34-b0d7-62adeac47875,2026-09-24T03:24:10.256338Z
177aaa7e-b2d1-4fcb-b73c-46ddbd2a1ed5,2026-10-11,19:00,America/Los_Angeles,Musical Hack Night,SOMA,Unspecified,https://www.tech-week.com/calendar/sf/events/musical-hack-night-177aaa7e-b2d1-4fcb-b73c-46ddbd2a1ed5,2026-09-24T03:24:10.256338Z
a3b10fc3-68d9-4e4a-b03e-68fe1bc29cfe,2026-10-11,19:00,America/Los_Angeles,"The Next Frontier: AI, Capital & Scale",Stanford,Unspecified,https://www.tech-week.com/calendar/sf/events/the-next-frontier-ai-capital-and-scale-a3b10fc3-68d9-4e4a-b03e-68fe1bc29cfe,2026-09-24T03:24:10.256338Z
